dt,currency,rate_to_rub,nominal
2016-01-01,EUR,79.6395,1
2016-01-01,GBP,108.2426,1
2016-01-01,RUB,1,1
2016-01-01,USD,72.9299,1
2016-01-02,EUR,79.6395,1
2016-01-02,GBP,108.2426,1
2016-01-02,RUB,1,1
2016-01-02,USD,72.9299,1
2016-01-03,EUR,79.6395,1
2016-01-03,GBP,108.2426,1
2016-01-03,RUB,1,1
2016-01-03,USD,72.9299,1
2016-01-04,EUR,79.6395,1
2016-01-04,GBP,108.2426,1
2016-01-04,RUB,1,1
2016-01-04,USD,72.9299,1
2016-01-05,EUR,79.6395,1
2016-01-05,GBP,108.2426,1
2016-01-05,RUB,1,1
2016-01-05,USD,72.9299,1
2016-01-06,EUR,79.6395,1
2016-01-06,GBP,108.2426,1
2016-01-06,RUB,1,1
2016-01-06,USD,72.9299,1
2016-01-07,EUR,79.6395,1
2016-01-07,GBP,108.2426,1
2016-01-07,RUB,1,1
2016-01-07,USD,72.9299,1
2016-01-08,EUR,79.6395,1
2016-01-08,GBP,108.2426,1
2016-01-08,RUB,1,1
2016-01-08,USD,72.9299,1
2016-01-09,EUR,79.6395,1
2016-01-09,GBP,108.2426,1
2016-01-09,RUB,1,1
2016-01-09,USD,72.9299,1
2016-01-10,EUR,79.6395,1
2016-01-10,GBP,108.2426,1
2016-01-10,RUB,1,1
2016-01-10,USD,72.9299,1
2016-01-11,EUR,79.6395,1
2016-01-11,GBP,108.2426,1
2016-01-11,RUB,1,1
2016-01-11,USD,72.9299,1
2016-01-12,EUR,82.809,1
2016-01-12,GBP,110.5614,1
2016-01-12,RUB,1,1
2016-01-12,USD,75.9507,1
2016-01-13,EUR,83.4372,1
2016-01-13,GBP,111.2828,1
2016-01-13,RUB,1,1
2016-01-13,USD,76.6041,1
2016-01-14,EUR,82.7175,1
2016-01-14,GBP,110.3231,1
2016-01-14,RUB,1,1
2016-01-14,USD,76.4275,1
2016-01-15,EUR,83.1499,1
2016-01-15,GBP,110.262,1
2016-01-15,RUB,1,1
2016-01-15,USD,76.523,1
2016-01-16,EUR,83.2951,1
2016-01-16,GBP,110.1081,1
2016-01-16,RUB,1,1
2016-01-16,USD,76.565,1
2016-01-17,EUR,83.2951,1
2016-01-17,GBP,110.1081,1
2016-01-17,RUB,1,1
2016-01-17,USD,76.565,1
2016-01-18,EUR,83.2951,1
2016-01-18,GBP,110.1081,1
2016-01-18,RUB,1,1
2016-01-18,USD,76.565,1
2016-01-19,EUR,85.622,1
2016-01-19,GBP,112.6444,1
2016-01-19,RUB,1,1
2016-01-19,USD,78.6678,1
2016-01-20,EUR,85.2988,1
2016-01-20,GBP,112.2196,1
2016-01-20,RUB,1,1
2016-01-20,USD,78.4862,1
2016-01-21,EUR,87.0341,1
2016-01-21,GBP,112.5015,1
2016-01-21,RUB,1,1
2016-01-21,USD,79.4614,1
2016-01-22,EUR,91.1814,1
2016-01-22,GBP,118.3987,1
2016-01-22,RUB,1,1
2016-01-22,USD,83.5913,1
2016-01-23,EUR,87.2266,1
2016-01-23,GBP,114.9029,1
2016-01-23,RUB,1,1
2016-01-23,USD,80.5714,1
2016-01-24,EUR,87.2266,1
2016-01-24,GBP,114.9029,1
2016-01-24,RUB,1,1
2016-01-24,USD,80.5714,1
2016-01-25,EUR,87.2266,1
2016-01-25,GBP,114.9029,1
2016-01-25,RUB,1,1
2016-01-25,USD,80.5714,1
2016-01-26,EUR,84.1603,1
2016-01-26,GBP,110.9456,1
2016-01-26,RUB,1,1
2016-01-26,USD,77.7965,1
2016-01-27,EUR,88.8858,1
2016-01-27,GBP,116.0565,1
2016-01-27,RUB,1,1
2016-01-27,USD,81.8394,1
2016-01-28,EUR,85.8459,1
2016-01-28,GBP,113.1315,1
2016-01-28,RUB,1,1
2016-01-28,USD,78.9969,1
2016-01-29,EUR,84.137,1
2016-01-29,GBP,110.3569,1
2016-01-29,RUB,1,1
2016-01-29,USD,77.3674,1
2016-01-30,EUR,81.9077,1
2016-01-30,GBP,107.97,1
2016-01-30,RUB,1,1
2016-01-30,USD,75.1723,1
2016-01-31,EUR,81.9077,1
2016-01-31,GBP,107.97,1
2016-01-31,RUB,1,1
2016-01-31,USD,75.1723,1
2016-02-01,EUR,81.9077,1
2016-02-01,GBP,107.97,1
2016-02-01,RUB,1,1
2016-02-01,USD,75.1723,1
2016-02-02,EUR,82.8141,1
2016-02-02,GBP,109.0094,1
2016-02-02,RUB,1,1
2016-02-02,USD,76.3264,1
2016-02-03,EUR,84.9719,1
2016-02-03,GBP,112.0283,1
2016-02-03,RUB,1,1
2016-02-03,USD,77.9273,1
2016-02-04,EUR,86.5115,1
2016-02-04,GBP,114.0541,1
2016-02-04,RUB,1,1
2016-02-04,USD,79.2593,1
2016-02-05,EUR,84.8104,1
2016-02-05,GBP,111.7247,1
2016-02-05,RUB,1,1
2016-02-05,USD,76.4609,1
2016-02-06,EUR,86.5754,1
2016-02-06,GBP,112.3763,1
2016-02-06,RUB,1,1
2016-02-06,USD,77.3409,1
2016-02-07,EUR,86.5754,1
2016-02-07,GBP,112.3763,1
2016-02-07,RUB,1,1
2016-02-07,USD,77.3409,1
2016-02-08,EUR,86.5754,1
2016-02-08,GBP,112.3763,1
2016-02-08,RUB,1,1
2016-02-08,USD,77.3409,1
2016-02-09,EUR,85.6543,1
2016-02-09,GBP,111.7795,1
2016-02-09,RUB,1,1
2016-02-09,USD,76.8614,1
2016-02-10,EUR,88.0435,1
2016-02-10,GBP,113.6776,1
2016-02-10,RUB,1,1
2016-02-10,USD,78.6805,1
2016-02-11,EUR,89.2213,1
2016-02-11,GBP,114.6499,1
2016-02-11,RUB,1,1
2016-02-11,USD,79.0689,1
2016-02-12,EUR,89.3439,1
2016-02-12,GBP,114.5023,1
2016-02-12,RUB,1,1
2016-02-12,USD,79.1144,1
2016-02-13,EUR,89.8454,1
2016-02-13,GBP,115.0692,1
2016-02-13,RUB,1,1
2016-02-13,USD,79.4951,1
2016-02-14,EUR,89.8454,1
2016-02-14,GBP,115.0692,1
2016-02-14,RUB,1,1
2016-02-14,USD,79.4951,1
2016-02-15,EUR,89.8454,1
2016-02-15,GBP,115.0692,1
2016-02-15,RUB,1,1
2016-02-15,USD,79.4951,1
2016-02-16,EUR,87.1905,1
2016-02-16,GBP,112.7876,1
2016-02-16,RUB,1,1
2016-02-16,USD,77.7792,1
2016-02-17,EUR,85.0894,1
2016-02-17,GBP,110.3036,1
2016-02-17,RUB,1,1
2016-02-17,USD,76.245,1
2016-02-18,EUR,86.9588,1
2016-02-18,GBP,111.0768,1
2016-02-18,RUB,1,1
2016-02-18,USD,77.8503,1
2016-02-19,EUR,84.0521,1
2016-02-19,GBP,107.791,1
2016-02-19,RUB,1,1
2016-02-19,USD,75.4575,1
2016-02-20,EUR,84.9187,1
2016-02-20,GBP,109.3633,1
2016-02-20,RUB,1,1
2016-02-20,USD,76.3657,1
2016-02-21,EUR,85.8563,1
2016-02-21,GBP,111.1249,1
2016-02-21,RUB,1,1
2016-02-21,USD,77.1326,1
2016-02-22,EUR,85.8563,1
2016-02-22,GBP,111.1249,1
2016-02-22,RUB,1,1
2016-02-22,USD,77.1326,1
2016-02-23,EUR,85.8563,1
2016-02-23,GBP,111.1249,1
2016-02-23,RUB,1,1
2016-02-23,USD,77.1326,1
2016-02-24,EUR,85.8563,1
2016-02-24,GBP,111.1249,1
2016-02-24,RUB,1,1
2016-02-24,USD,77.1326,1
2016-02-25,EUR,84.0779,1
2016-02-25,GBP,106.843,1
2016-02-25,RUB,1,1
2016-02-25,USD,76.3928,1
2016-02-26,EUR,84.2155,1
2016-02-26,GBP,106.5757,1
2016-02-26,RUB,1,1
2016-02-26,USD,76.3929,1
2016-02-27,EUR,82.9748,1
2016-02-27,GBP,105.0663,1
2016-02-27,RUB,1,1
2016-02-27,USD,75.0903,1
2016-02-28,EUR,82.9748,1
2016-02-28,GBP,105.0663,1
2016-02-28,RUB,1,1
2016-02-28,USD,75.0903,1
2016-02-29,EUR,82.9748,1
2016-02-29,GBP,105.0663,1
2016-02-29,RUB,1,1
2016-02-29,USD,75.0903,1
2016-03-01,EUR,83.1023,1
2016-03-01,GBP,105.2876,1
2016-03-01,RUB,1,1
2016-03-01,USD,75.8994,1
2016-03-02,EUR,80.5333,1
2016-03-02,GBP,103.3344,1
2016-03-02,RUB,1,1
2016-03-02,USD,74.0536,1
2016-03-03,EUR,79.9721,1
2016-03-03,GBP,102.7813,1
2016-03-03,RUB,1,1
2016-03-03,USD,73.6256,1
2016-03-04,EUR,80.21,1
2016-03-04,GBP,103.8559,1
2016-03-04,RUB,1,1
2016-03-04,USD,73.8242,1
2016-03-05,EUR,80.1161,1
2016-03-05,GBP,103.4402,1
2016-03-05,RUB,1,1
2016-03-05,USD,73.1854,1
2016-03-06,EUR,80.1161,1
2016-03-06,GBP,103.4402,1
2016-03-06,RUB,1,1
2016-03-06,USD,73.1854,1
2016-03-07,EUR,80.1161,1
2016-03-07,GBP,103.4402,1
2016-03-07,RUB,1,1
2016-03-07,USD,73.1854,1
2016-03-08,EUR,80.1161,1
2016-03-08,GBP,103.4402,1
2016-03-08,RUB,1,1
2016-03-08,USD,73.1854,1
2016-03-09,EUR,80.1161,1
2016-03-09,GBP,103.4402,1
2016-03-09,RUB,1,1
2016-03-09,USD,73.1854,1
2016-03-10,EUR,79.4488,1
2016-03-10,GBP,102.6602,1
2016-03-10,RUB,1,1
2016-03-10,USD,72.3775,1
2016-03-11,EUR,77.9817,1
2016-03-11,GBP,101.0869,1
2016-03-11,RUB,1,1
2016-03-11,USD,71.0928,1
2016-03-12,EUR,78.4131,1
2016-03-12,GBP,100.2855,1
2016-03-12,RUB,1,1
2016-03-12,USD,70.3067,1
2016-03-13,EUR,78.4131,1
2016-03-13,GBP,100.2855,1
2016-03-13,RUB,1,1
2016-03-13,USD,70.3067,1
2016-03-14,EUR,78.4131,1
2016-03-14,GBP,100.2855,1
2016-03-14,RUB,1,1
2016-03-14,USD,70.3067,1
2016-03-15,EUR,78.1798,1
2016-03-15,GBP,100.6783,1
2016-03-15,RUB,1,1
2016-03-15,USD,70.1542,1
2016-03-16,EUR,78.3285,1
2016-03-16,GBP,100.3372,1
2016-03-16,RUB,1,1
2016-03-16,USD,70.5408,1
2016-03-17,EUR,78.7532,1
2016-03-17,GBP,100.21,1
2016-03-17,RUB,1,1
2016-03-17,USD,71.0256,1
2016-03-18,EUR,77.1572,1
2016-03-18,GBP,97.9308,1
2016-03-18,RUB,1,1
2016-03-18,USD,68.5598,1
2016-03-19,EUR,77.1992,1
2016-03-19,GBP,98.8212,1
2016-03-19,RUB,1,1
2016-03-19,USD,68.4026,1
2016-03-20,EUR,77.1992,1
2016-03-20,GBP,98.8212,1
2016-03-20,RUB,1,1
2016-03-20,USD,68.4026,1
2016-03-21,EUR,77.1992,1
2016-03-21,GBP,98.8212,1
2016-03-21,RUB,1,1
2016-03-21,USD,68.4026,1
2016-03-22,EUR,77.4647,1
2016-03-22,GBP,98.9881,1
2016-03-22,RUB,1,1
2016-03-22,USD,68.8086,1
2016-03-23,EUR,76.14,1
2016-03-23,GBP,96.9406,1
2016-03-23,RUB,1,1
2016-03-23,USD,67.7764,1
2016-03-24,EUR,75.6902,1
2016-03-24,GBP,95.9419,1
2016-03-24,RUB,1,1
2016-03-24,USD,67.6409,1
2016-03-25,EUR,76.929,1
2016-03-25,GBP,97.0229,1
2016-03-25,RUB,1,1
2016-03-25,USD,68.9328,1
2016-03-26,EUR,76.4004,1
2016-03-26,GBP,96.6912,1
2016-03-26,RUB,1,1
2016-03-26,USD,68.4346,1
2016-03-27,EUR,76.4004,1
2016-03-27,GBP,96.6912,1
2016-03-27,RUB,1,1
2016-03-27,USD,68.4346,1
2016-03-28,EUR,76.4004,1
2016-03-28,GBP,96.6912,1
2016-03-28,RUB,1,1
2016-03-28,USD,68.4346,1
2016-03-29,EUR,75.6975,1
2016-03-29,GBP,96.0588,1
2016-03-29,RUB,1,1
2016-03-29,USD,67.7807,1
2016-03-30,EUR,76.8611,1
2016-03-30,GBP,97.8726,1
2016-03-30,RUB,1,1
2016-03-30,USD,68.7549,1
2016-03-31,EUR,76.5386,1
2016-03-31,GBP,97.5442,1
2016-03-31,RUB,1,1
2016-03-31,USD,67.6076,1
2016-04-01,EUR,76.9207,1
2016-04-01,GBP,97.4469,1
2016-04-01,RUB,1,1
2016-04-01,USD,67.8552,1
2016-04-02,EUR,76.4266,1
2016-04-02,GBP,96.4145,1
2016-04-02,RUB,1,1
2016-04-02,USD,67.141,1
2016-04-03,EUR,76.4266,1
2016-04-03,GBP,96.4145,1
2016-04-03,RUB,1,1
2016-04-03,USD,67.141,1
2016-04-04,EUR,76.4266,1
2016-04-04,GBP,96.4145,1
2016-04-04,RUB,1,1
2016-04-04,USD,67.141,1
2016-04-05,EUR,78.1662,1
2016-04-05,GBP,97.6288,1
2016-04-05,RUB,1,1
2016-04-05,USD,68.6753,1
2016-04-06,EUR,78.2798,1
2016-04-06,GBP,97.9617,1
2016-04-06,RUB,1,1
2016-04-06,USD,68.8901,1
2016-04-07,EUR,77.813,1
2016-04-07,GBP,96.6701,1
2016-04-07,RUB,1,1
2016-04-07,USD,68.5215,1
2016-04-08,EUR,77.3688,1
2016-04-08,GBP,95.4229,1
2016-04-08,RUB,1,1
2016-04-08,USD,67.796,1
2016-04-09,EUR,76.6888,1
2016-04-09,GBP,95.3028,1
2016-04-09,RUB,1,1
2016-04-09,USD,67.4662,1
2016-04-10,EUR,76.6888,1
2016-04-10,GBP,95.3028,1
2016-04-10,RUB,1,1
2016-04-10,USD,67.4662,1
2016-04-11,EUR,76.6888,1
2016-04-11,GBP,95.3028,1
2016-04-11,RUB,1,1
2016-04-11,USD,67.4662,1
2016-04-12,EUR,76.4957,1
2016-04-12,GBP,95.4115,1
2016-04-12,RUB,1,1
2016-04-12,USD,67.125,1
2016-04-13,EUR,75.8529,1
2016-04-13,GBP,94.7349,1
2016-04-13,RUB,1,1
2016-04-13,USD,66.3456,1
2016-04-14,EUR,74.6578,1
2016-04-14,GBP,93.5919,1
2016-04-14,RUB,1,1
2016-04-14,USD,65.7662,1
2016-04-15,EUR,74.794,1
2016-04-15,GBP,93.9115,1
2016-04-15,RUB,1,1
2016-04-15,USD,66.4954,1
2016-04-16,EUR,74.3405,1
2016-04-16,GBP,93.4672,1
2016-04-16,RUB,1,1
2016-04-16,USD,66.0452,1
2016-04-17,EUR,74.3405,1
2016-04-17,GBP,93.4672,1
2016-04-17,RUB,1,1
2016-04-17,USD,66.0452,1
2016-04-18,EUR,74.3405,1
2016-04-18,GBP,93.4672,1
2016-04-18,RUB,1,1
2016-04-18,USD,66.0452,1
2016-04-19,EUR,77.1273,1
2016-04-19,GBP,96.742,1
2016-04-19,RUB,1,1
2016-04-19,USD,68.2724,1
2016-04-20,EUR,74.3719,1
2016-04-20,GBP,93.9546,1
2016-04-20,RUB,1,1
2016-04-20,USD,65.6474,1
2016-04-21,EUR,75.0107,1
2016-04-21,GBP,94.8943,1
2016-04-21,RUB,1,1
2016-04-21,USD,66.0364,1
2016-04-22,EUR,73.4592,1
2016-04-22,GBP,93.0904,1
2016-04-22,RUB,1,1
2016-04-22,USD,65.0254,1
2016-04-23,EUR,74.6959,1
2016-04-23,GBP,95.0916,1
2016-04-23,RUB,1,1
2016-04-23,USD,66.2198,1
2016-04-24,EUR,74.6959,1
2016-04-24,GBP,95.0916,1
2016-04-24,RUB,1,1
2016-04-24,USD,66.2198,1
2016-04-25,EUR,74.6959,1
2016-04-25,GBP,95.0916,1
2016-04-25,RUB,1,1
2016-04-25,USD,66.2198,1
2016-04-26,EUR,74.9515,1
2016-04-26,GBP,96.0931,1
2016-04-26,RUB,1,1
2016-04-26,USD,66.6295,1
2016-04-27,EUR,74.9024,1
2016-04-27,GBP,96.6867,1
2016-04-27,RUB,1,1
2016-04-27,USD,66.4559,1
2016-04-28,EUR,73.8023,1
2016-04-28,GBP,94.9407,1
2016-04-28,RUB,1,1
2016-04-28,USD,65.1618,1
2016-04-29,EUR,73.9166,1
2016-04-29,GBP,95.0264,1
2016-04-29,RUB,1,1
2016-04-29,USD,65.1133,1
2016-04-30,EUR,73.3015,1
2016-04-30,GBP,93.9782,1
2016-04-30,RUB,1,1
2016-04-30,USD,64.3334,1
2016-05-01,EUR,73.3015,1
2016-05-01,GBP,93.9782,1
2016-05-01,RUB,1,1
2016-05-01,USD,64.3334,1
2016-05-02,EUR,73.3015,1
2016-05-02,GBP,93.9782,1
2016-05-02,RUB,1,1
2016-05-02,USD,64.3334,1
2016-05-03,EUR,73.3015,1
2016-05-03,GBP,93.9782,1
2016-05-03,RUB,1,1
2016-05-03,USD,64.3334,1
2016-05-04,EUR,73.3015,1
2016-05-04,GBP,93.9782,1
2016-05-04,RUB,1,1
2016-05-04,USD,64.3334,1
2016-05-05,EUR,76.0512,1
2016-05-05,GBP,95.8896,1
2016-05-05,RUB,1,1
2016-05-05,USD,66.1718,1
2016-05-06,EUR,75.5713,1
2016-05-06,GBP,95.385,1
2016-05-06,RUB,1,1
2016-05-06,USD,65.8918,1
2016-05-07,EUR,75.5789,1
2016-05-07,GBP,95.9663,1
2016-05-07,RUB,1,1
2016-05-07,USD,66.1928,1
2016-05-08,EUR,75.5789,1
2016-05-08,GBP,95.9663,1
2016-05-08,RUB,1,1
2016-05-08,USD,66.1928,1
2016-05-09,EUR,75.5789,1
2016-05-09,GBP,95.9663,1
2016-05-09,RUB,1,1
2016-05-09,USD,66.1928,1
2016-05-10,EUR,75.5789,1
2016-05-10,GBP,95.9663,1
2016-05-10,RUB,1,1
2016-05-10,USD,66.1928,1
2016-05-11,EUR,75.5406,1
2016-05-11,GBP,95.691,1
2016-05-11,RUB,1,1
2016-05-11,USD,66.3277,1
2016-05-12,EUR,75.4505,1
2016-05-12,GBP,95.5685,1
2016-05-12,RUB,1,1
2016-05-12,USD,66.2428,1
2016-05-13,EUR,74.1137,1
2016-05-13,GBP,93.7773,1
2016-05-13,RUB,1,1
2016-05-13,USD,64.9607,1
2016-05-14,EUR,73.6248,1
2016-05-14,GBP,93.591,1
2016-05-14,RUB,1,1
2016-05-14,USD,64.9306,1
2016-05-15,EUR,73.6248,1
2016-05-15,GBP,93.591,1
2016-05-15,RUB,1,1
2016-05-15,USD,64.9306,1
2016-05-16,EUR,73.6248,1
2016-05-16,GBP,93.591,1
2016-05-16,RUB,1,1
2016-05-16,USD,64.9306,1
2016-05-17,EUR,73.4549,1
2016-05-17,GBP,93.2981,1
2016-05-17,RUB,1,1
2016-05-17,USD,64.8895,1
2016-05-18,EUR,73.1006,1
2016-05-18,GBP,93.4999,1
2016-05-18,RUB,1,1
2016-05-18,USD,64.5138,1
2016-05-19,EUR,73.3077,1
2016-05-19,GBP,93.9005,1
2016-05-19,RUB,1,1
2016-05-19,USD,65.0641,1
2016-05-20,EUR,74.2755,1
2016-05-20,GBP,96.8535,1
2016-05-20,RUB,1,1
2016-05-20,USD,66.211,1
2016-05-21,EUR,74.4623,1
2016-05-21,GBP,96.6523,1
2016-05-21,RUB,1,1
2016-05-21,USD,66.3775,1
2016-05-22,EUR,74.4623,1
2016-05-22,GBP,96.6523,1
2016-05-22,RUB,1,1
2016-05-22,USD,66.3775,1
2016-05-23,EUR,74.4623,1
2016-05-23,GBP,96.6523,1
2016-05-23,RUB,1,1
2016-05-23,USD,66.3775,1
2016-05-24,EUR,75.2675,1
2016-05-24,GBP,97.4602,1
2016-05-24,RUB,1,1
2016-05-24,USD,67.0475,1
2016-05-25,EUR,75.0349,1
2016-05-25,GBP,97.483,1
2016-05-25,RUB,1,1
2016-05-25,USD,67.0493,1
2016-05-26,EUR,73.4596,1
2016-05-26,GBP,96.4965,1
2016-05-26,RUB,1,1
2016-05-26,USD,65.8949,1
2016-05-27,EUR,72.8418,1
2016-05-27,GBP,95.977,1
2016-05-27,RUB,1,1
2016-05-27,USD,65.2062,1
2016-05-28,EUR,73.8474,1
2016-05-28,GBP,96.8298,1
2016-05-28,RUB,1,1
2016-05-28,USD,66.0413,1
2016-05-29,EUR,73.8474,1
2016-05-29,GBP,96.8298,1
2016-05-29,RUB,1,1
2016-05-29,USD,66.0413,1
2016-05-30,EUR,73.8474,1
2016-05-30,GBP,96.8298,1
2016-05-30,RUB,1,1
2016-05-30,USD,66.0413,1
2016-05-31,EUR,73.497,1
2016-05-31,GBP,96.5465,1
2016-05-31,RUB,1,1
2016-05-31,USD,66.0825,1
2016-06-01,EUR,73.4406,1
2016-06-01,GBP,96.2687,1
2016-06-01,RUB,1,1
2016-06-01,USD,65.9962,1
2016-06-02,EUR,74.2098,1
2016-06-02,GBP,96.3728,1
2016-06-02,RUB,1,1
2016-06-02,USD,66.6156,1
2016-06-03,EUR,74.8191,1
2016-06-03,GBP,96.2656,1
2016-06-03,RUB,1,1
2016-06-03,USD,66.7491,1
2016-06-04,EUR,74.561,1
2016-06-04,GBP,96.5155,1
2016-06-04,RUB,1,1
2016-06-04,USD,66.8529,1
2016-06-05,EUR,74.561,1
2016-06-05,GBP,96.5155,1
2016-06-05,RUB,1,1
2016-06-05,USD,66.8529,1
2016-06-06,EUR,74.561,1
2016-06-06,GBP,96.5155,1
2016-06-06,RUB,1,1
2016-06-06,USD,66.8529,1
2016-06-07,EUR,74.6907,1
2016-06-07,GBP,94.967,1
2016-06-07,RUB,1,1
2016-06-07,USD,65.7894,1
2016-06-08,EUR,74.1164,1
2016-06-08,GBP,94.9963,1
2016-06-08,RUB,1,1
2016-06-08,USD,65.2089,1
2016-06-09,EUR,73.5538,1
2016-06-09,GBP,93.999,1
2016-06-09,RUB,1,1
2016-06-09,USD,64.6797,1
2016-06-10,EUR,72.5682,1
2016-06-10,GBP,92.1875,1
2016-06-10,RUB,1,1
2016-06-10,USD,63.7402,1
2016-06-11,EUR,73.1909,1
2016-06-11,GBP,93.4185,1
2016-06-11,RUB,1,1
2016-06-11,USD,64.7077,1
2016-06-12,EUR,73.1909,1
2016-06-12,GBP,93.4185,1
2016-06-12,RUB,1,1
2016-06-12,USD,64.7077,1
2016-06-13,EUR,73.1909,1
2016-06-13,GBP,93.4185,1
2016-06-13,RUB,1,1
2016-06-13,USD,64.7077,1
2016-06-14,EUR,73.1909,1
2016-06-14,GBP,93.4185,1
2016-06-14,RUB,1,1
2016-06-14,USD,64.7077,1
2016-06-15,EUR,74.3174,1
2016-06-15,GBP,93.4003,1
2016-06-15,RUB,1,1
2016-06-15,USD,66.0306,1
2016-06-16,EUR,73.9441,1
2016-06-16,GBP,93.4947,1
2016-06-16,RUB,1,1
2016-06-16,USD,65.9156,1
2016-06-17,EUR,74.246,1
2016-06-17,GBP,93.3854,1
2016-06-17,RUB,1,1
2016-06-17,USD,65.8618,1
2016-06-18,EUR,73.5609,1
2016-06-18,GBP,93.5135,1
2016-06-18,RUB,1,1
2016-06-18,USD,65.4398,1
2016-06-19,EUR,73.5609,1
2016-06-19,GBP,93.5135,1
2016-06-19,RUB,1,1
2016-06-19,USD,65.4398,1
2016-06-20,EUR,73.5609,1
2016-06-20,GBP,93.5135,1
2016-06-20,RUB,1,1
2016-06-20,USD,65.4398,1
2016-06-21,EUR,72.7792,1
2016-06-21,GBP,94.0003,1
2016-06-21,RUB,1,1
2016-06-21,USD,64.1509,1
2016-06-22,EUR,72.7865,1
2016-06-22,GBP,94.5223,1
2016-06-22,RUB,1,1
2016-06-22,USD,64.1743,1
2016-06-23,EUR,71.8082,1
2016-06-23,GBP,93.4334,1
2016-06-23,RUB,1,1
2016-06-23,USD,63.7162,1
2016-06-24,EUR,72.9016,1
2016-06-24,GBP,95.0281,1
2016-06-24,RUB,1,1
2016-06-24,USD,64.3212,1
2016-06-25,EUR,72.6582,1
2016-06-25,GBP,90.5017,1
2016-06-25,RUB,1,1
2016-06-25,USD,65.5287,1
2016-06-26,EUR,72.6582,1
2016-06-26,GBP,90.5017,1
2016-06-26,RUB,1,1
2016-06-26,USD,65.5287,1
2016-06-27,EUR,72.6582,1
2016-06-27,GBP,90.5017,1
2016-06-27,RUB,1,1
2016-06-27,USD,65.5287,1
2016-06-28,EUR,71.942,1
2016-06-28,GBP,87.1463,1
2016-06-28,RUB,1,1
2016-06-28,USD,65.0588,1
2016-06-29,EUR,71.7117,1
2016-06-29,GBP,86.4364,1
2016-06-29,RUB,1,1
2016-06-29,USD,64.8095,1
2016-06-30,EUR,71.2102,1
2016-06-30,GBP,86.0472,1
2016-06-30,RUB,1,1
2016-06-30,USD,64.2575,1
2016-07-01,EUR,71.2926,1
2016-07-01,GBP,86.4701,1
2016-07-01,RUB,1,1
2016-07-01,USD,64.1755,1
2016-07-02,EUR,71.0519,1
2016-07-02,GBP,85.1804,1
2016-07-02,RUB,1,1
2016-07-02,USD,64.0165,1
2016-07-03,EUR,71.0519,1
2016-07-03,GBP,85.1804,1
2016-07-03,RUB,1,1
2016-07-03,USD,64.0165,1
2016-07-04,EUR,71.0519,1
2016-07-04,GBP,85.1804,1
2016-07-04,RUB,1,1
2016-07-04,USD,64.0165,1
2016-07-05,EUR,70.8553,1
2016-07-05,GBP,84.6302,1
2016-07-05,RUB,1,1
2016-07-05,USD,63.6844,1
2016-07-06,EUR,71.6327,1
2016-07-06,GBP,84.634,1
2016-07-06,RUB,1,1
2016-07-06,USD,64.2676,1
2016-07-07,EUR,71.5135,1
2016-07-07,GBP,83.677,1
2016-07-07,RUB,1,1
2016-07-07,USD,64.6304,1
2016-07-08,EUR,70.9482,1
2016-07-08,GBP,83.1433,1
2016-07-08,RUB,1,1
2016-07-08,USD,64.05,1
2016-07-09,EUR,71.1684,1
2016-07-09,GBP,83.1508,1
2016-07-09,RUB,1,1
2016-07-09,USD,64.2488,1
2016-07-10,EUR,71.1684,1
2016-07-10,GBP,83.1508,1
2016-07-10,RUB,1,1
2016-07-10,USD,64.2488,1
2016-07-11,EUR,71.1684,1
2016-07-11,GBP,83.1508,1
2016-07-11,RUB,1,1
2016-07-11,USD,64.2488,1
2016-07-12,EUR,70.8152,1
2016-07-12,GBP,82.7441,1
2016-07-12,RUB,1,1
2016-07-12,USD,64.2024,1
2016-07-13,EUR,70.9833,1
2016-07-13,GBP,83.9812,1
2016-07-13,RUB,1,1
2016-07-13,USD,63.9029,1
2016-07-14,EUR,70.5577,1
2016-07-14,GBP,84.4713,1
2016-07-14,RUB,1,1
2016-07-14,USD,63.8531,1
2016-07-15,EUR,70.5644,1
2016-07-15,GBP,84.1255,1
2016-07-15,RUB,1,1
2016-07-15,USD,63.5773,1
2016-07-16,EUR,70.3395,1
2016-07-16,GBP,84.7295,1
2016-07-16,RUB,1,1
2016-07-16,USD,63.1697,1
2016-07-17,EUR,70.3395,1
2016-07-17,GBP,84.7295,1
2016-07-17,RUB,1,1
2016-07-17,USD,63.1697,1
2016-07-18,EUR,70.3395,1
2016-07-18,GBP,84.7295,1
2016-07-18,RUB,1,1
2016-07-18,USD,63.1697,1
2016-07-19,EUR,69.7741,1
2016-07-19,GBP,83.6595,1
2016-07-19,RUB,1,1
2016-07-19,USD,63.1154,1
2016-07-20,EUR,69.6974,1
2016-07-20,GBP,83.1519,1
2016-07-20,RUB,1,1
2016-07-20,USD,62.9891,1
2016-07-21,EUR,69.6967,1
2016-07-21,GBP,83.0716,1
2016-07-21,RUB,1,1
2016-07-21,USD,63.4183,1
2016-07-22,EUR,70.3022,1
2016-07-22,GBP,84.1906,1
2016-07-22,RUB,1,1
2016-07-22,USD,63.7373,1
2016-07-23,EUR,71.2513,1
2016-07-23,GBP,85.7794,1
2016-07-23,RUB,1,1
2016-07-23,USD,64.627,1
2016-07-24,EUR,71.2513,1
2016-07-24,GBP,85.7794,1
2016-07-24,RUB,1,1
2016-07-24,USD,64.627,1
2016-07-25,EUR,71.2513,1
2016-07-25,GBP,85.7794,1
2016-07-25,RUB,1,1
2016-07-25,USD,64.627,1
2016-07-26,EUR,71.209,1
2016-07-26,GBP,85.2963,1
2016-07-26,RUB,1,1
2016-07-26,USD,64.9184,1
2016-07-27,EUR,72.3478,1
2016-07-27,GBP,86.0087,1
2016-07-27,RUB,1,1
2016-07-27,USD,65.7408,1
2016-07-28,EUR,72.515,1
2016-07-28,GBP,86.5946,1
2016-07-28,RUB,1,1
2016-07-28,USD,65.9467,1
2016-07-29,EUR,73.4047,1
2016-07-29,GBP,87.3478,1
2016-07-29,RUB,1,1
2016-07-29,USD,66.1125,1
2016-07-30,EUR,74.3799,1
2016-07-30,GBP,88.3534,1
2016-07-30,RUB,1,1
2016-07-30,USD,67.0512,1
2016-07-31,EUR,74.3799,1
2016-07-31,GBP,88.3534,1
2016-07-31,RUB,1,1
2016-07-31,USD,67.0512,1
2016-08-01,EUR,74.3799,1
2016-08-01,GBP,88.3534,1
2016-08-01,RUB,1,1
2016-08-01,USD,67.0512,1
2016-08-02,EUR,73.6523,1
2016-08-02,GBP,87.2918,1
2016-08-02,RUB,1,1
2016-08-02,USD,65.9553,1
2016-08-03,EUR,74.9007,1
2016-08-03,GBP,88.2703,1
2016-08-03,RUB,1,1
2016-08-03,USD,66.8816,1
2016-08-04,EUR,74.7978,1
2016-08-04,GBP,88.927,1
2016-08-04,RUB,1,1
2016-08-04,USD,66.742,1
2016-08-05,EUR,73.9232,1
2016-08-05,GBP,88.2245,1
2016-08-05,RUB,1,1
2016-08-05,USD,66.3941,1
2016-08-06,EUR,73.0303,1
2016-08-06,GBP,86.1822,1
2016-08-06,RUB,1,1
2016-08-06,USD,65.5627,1
2016-08-07,EUR,73.0303,1
2016-08-07,GBP,86.1822,1
2016-08-07,RUB,1,1
2016-08-07,USD,65.5627,1
2016-08-08,EUR,73.0303,1
2016-08-08,GBP,86.1822,1
2016-08-08,RUB,1,1
2016-08-08,USD,65.5627,1
2016-08-09,EUR,72.1476,1
2016-08-09,GBP,84.9358,1
2016-08-09,RUB,1,1
2016-08-09,USD,65.0799,1
2016-08-10,EUR,71.7556,1
2016-08-10,GBP,84.2202,1
2016-08-10,RUB,1,1
2016-08-10,USD,64.7848,1
2016-08-11,EUR,72.2349,1
2016-08-11,GBP,84.5171,1
2016-08-11,RUB,1,1
2016-08-11,USD,64.8137,1
2016-08-12,EUR,72.4644,1
2016-08-12,GBP,84.0969,1
2016-08-12,RUB,1,1
2016-08-12,USD,64.9497,1
2016-08-13,EUR,71.7158,1
2016-08-13,GBP,83.3414,1
2016-08-13,RUB,1,1
2016-08-13,USD,64.3364,1
2016-08-14,EUR,71.7158,1
2016-08-14,GBP,83.3414,1
2016-08-14,RUB,1,1
2016-08-14,USD,64.3364,1
2016-08-15,EUR,71.7158,1
2016-08-15,GBP,83.3414,1
2016-08-15,RUB,1,1
2016-08-15,USD,64.3364,1
2016-08-16,EUR,71.7263,1
2016-08-16,GBP,82.9434,1
2016-08-16,RUB,1,1
2016-08-16,USD,64.2076,1
2016-08-17,EUR,71.9645,1
2016-08-17,GBP,82.7659,1
2016-08-17,RUB,1,1
2016-08-17,USD,63.9514,1
2016-08-18,EUR,72.0832,1
2016-08-18,GBP,83.423,1
2016-08-18,RUB,1,1
2016-08-18,USD,63.9943,1
2016-08-19,EUR,71.9371,1
2016-08-19,GBP,83.1471,1
2016-08-19,RUB,1,1
2016-08-19,USD,63.5487,1
2016-08-20,EUR,72.4558,1
2016-08-20,GBP,83.8625,1
2016-08-20,RUB,1,1
2016-08-20,USD,63.9391,1
2016-08-21,EUR,72.4558,1
2016-08-21,GBP,83.8625,1
2016-08-21,RUB,1,1
2016-08-21,USD,63.9391,1
2016-08-22,EUR,72.4558,1
2016-08-22,GBP,83.8625,1
2016-08-22,RUB,1,1
2016-08-22,USD,63.9391,1
2016-08-23,EUR,72.4457,1
2016-08-23,GBP,84.0223,1
2016-08-23,RUB,1,1
2016-08-23,USD,64.2078,1
2016-08-24,EUR,73.4733,1
2016-08-24,GBP,85.4878,1
2016-08-24,RUB,1,1
2016-08-24,USD,64.7684,1
2016-08-25,EUR,73.2074,1
2016-08-25,GBP,85.6582,1
2016-08-25,RUB,1,1
2016-08-25,USD,64.814,1
2016-08-26,EUR,73.2135,1
2016-08-26,GBP,85.8845,1
2016-08-26,RUB,1,1
2016-08-26,USD,64.9459,1
2016-08-27,EUR,73.0892,1
2016-08-27,GBP,85.6031,1
2016-08-27,RUB,1,1
2016-08-27,USD,64.738,1
2016-08-28,EUR,73.0892,1
2016-08-28,GBP,85.6031,1
2016-08-28,RUB,1,1
2016-08-28,USD,64.738,1
2016-08-29,EUR,73.0892,1
2016-08-29,GBP,85.6031,1
2016-08-29,RUB,1,1
2016-08-29,USD,64.738,1
2016-08-30,EUR,72.7996,1
2016-08-30,GBP,85.204,1
2016-08-30,RUB,1,1
2016-08-30,USD,65.081,1
2016-08-31,EUR,72.5013,1
2016-08-31,GBP,84.8986,1
2016-08-31,RUB,1,1
2016-08-31,USD,64.9072,1
2016-09-01,EUR,72.6859,1
2016-09-01,GBP,85.7888,1
2016-09-01,RUB,1,1
2016-09-01,USD,65.2535,1
2016-09-02,EUR,72.6828,1
2016-09-02,GBP,85.7667,1
2016-09-02,RUB,1,1
2016-09-02,USD,65.2566,1
2016-09-03,EUR,73.7199,1
2016-09-03,GBP,87.4337,1
2016-09-03,RUB,1,1
2016-09-03,USD,65.8684,1
2016-09-04,EUR,73.7199,1
2016-09-04,GBP,87.4337,1
2016-09-04,RUB,1,1
2016-09-04,USD,65.8684,1
2016-09-05,EUR,73.7199,1
2016-09-05,GBP,87.4337,1
2016-09-05,RUB,1,1
2016-09-05,USD,65.8684,1
2016-09-06,EUR,72.3742,1
2016-09-06,GBP,86.305,1
2016-09-06,RUB,1,1
2016-09-06,USD,64.7644,1
2016-09-07,EUR,72.3639,1
2016-09-07,GBP,86.4646,1
2016-09-07,RUB,1,1
2016-09-07,USD,64.8306,1
2016-09-08,EUR,72.4022,1
2016-09-08,GBP,86.2826,1
2016-09-08,RUB,1,1
2016-09-08,USD,64.3804,1
2016-09-09,EUR,72.0464,1
2016-09-09,GBP,85.4231,1
2016-09-09,RUB,1,1
2016-09-09,USD,63.973,1
2016-09-10,EUR,72.3359,1
2016-09-10,GBP,85.2645,1
2016-09-10,RUB,1,1
2016-09-10,USD,64.1617,1
2016-09-11,EUR,72.3359,1
2016-09-11,GBP,85.2645,1
2016-09-11,RUB,1,1
2016-09-11,USD,64.1617,1
2016-09-12,EUR,72.3359,1
2016-09-12,GBP,85.2645,1
2016-09-12,RUB,1,1
2016-09-12,USD,64.1617,1
2016-09-13,EUR,73.1986,1
2016-09-13,GBP,86.3525,1
2016-09-13,RUB,1,1
2016-09-13,USD,65.0539,1
2016-09-14,EUR,72.7559,1
2016-09-14,GBP,86.3337,1
2016-09-14,RUB,1,1
2016-09-14,USD,64.8102,1
2016-09-15,EUR,72.946,1
2016-09-15,GBP,85.7848,1
2016-09-15,RUB,1,1
2016-09-15,USD,64.9737,1
2016-09-16,EUR,73.2126,1
2016-09-16,GBP,86.2625,1
2016-09-16,RUB,1,1
2016-09-16,USD,65.217,1
2016-09-17,EUR,73.0208,1
2016-09-17,GBP,85.8376,1
2016-09-17,RUB,1,1
2016-09-17,USD,64.994,1
2016-09-18,EUR,73.0208,1
2016-09-18,GBP,85.8376,1
2016-09-18,RUB,1,1
2016-09-18,USD,64.994,1
2016-09-19,EUR,73.0208,1
2016-09-19,GBP,85.8376,1
2016-09-19,RUB,1,1
2016-09-19,USD,64.994,1
2016-09-20,EUR,72.4477,1
2016-09-20,GBP,84.8534,1
2016-09-20,RUB,1,1
2016-09-20,USD,64.9173,1
2016-09-21,EUR,72.5279,1
2016-09-21,GBP,84.2026,1
2016-09-21,RUB,1,1
2016-09-21,USD,64.7513,1
2016-09-22,EUR,71.8404,1
2016-09-22,GBP,83.5947,1
2016-09-22,RUB,1,1
2016-09-22,USD,64.4424,1
2016-09-23,EUR,71.6728,1
2016-09-23,GBP,83.4492,1
2016-09-23,RUB,1,1
2016-09-23,USD,63.7942,1
2016-09-24,EUR,71.5854,1
2016-09-24,GBP,83.1129,1
2016-09-24,RUB,1,1
2016-09-24,USD,63.8642,1
2016-09-25,EUR,71.5854,1
2016-09-25,GBP,83.1129,1
2016-09-25,RUB,1,1
2016-09-25,USD,63.8642,1
2016-09-26,EUR,71.5854,1
2016-09-26,GBP,83.1129,1
2016-09-26,RUB,1,1
2016-09-26,USD,63.8642,1
2016-09-27,EUR,72.0604,1
2016-09-27,GBP,82.9018,1
2016-09-27,RUB,1,1
2016-09-27,USD,64.1506,1
2016-09-28,EUR,71.6409,1
2016-09-28,GBP,82.5959,1
2016-09-28,RUB,1,1
2016-09-28,USD,63.6921,1
2016-09-29,EUR,71.5738,1
2016-09-29,GBP,83.1681,1
2016-09-29,RUB,1,1
2016-09-29,USD,63.9509,1
2016-09-30,EUR,70.8823,1
2016-09-30,GBP,82.1813,1
2016-09-30,RUB,1,1
2016-09-30,USD,63.1581,1
2016-10-01,EUR,70.9338,1
2016-10-01,GBP,82.1359,1
2016-10-01,RUB,1,1
2016-10-01,USD,63.396,1
2016-10-02,EUR,70.9338,1
2016-10-02,GBP,82.1359,1
2016-10-02,RUB,1,1
2016-10-02,USD,63.396,1
2016-10-03,EUR,70.9338,1
2016-10-03,GBP,82.1359,1
2016-10-03,RUB,1,1
2016-10-03,USD,63.396,1
2016-10-04,EUR,70.2411,1
2016-10-04,GBP,80.4113,1
2016-10-04,RUB,1,1
2016-10-04,USD,62.5477,1
2016-10-05,EUR,69.7556,1
2016-10-05,GBP,79.7573,1
2016-10-05,RUB,1,1
2016-10-05,USD,62.4323,1
2016-10-06,EUR,70.0782,1
2016-10-06,GBP,79.5094,1
2016-10-06,RUB,1,1
2016-10-06,USD,62.4583,1
2016-10-07,EUR,69.8518,1
2016-10-07,GBP,79.385,1
2016-10-07,RUB,1,1
2016-10-07,USD,62.39,1
2016-10-08,EUR,69.2312,1
2016-10-08,GBP,77.5611,1
2016-10-08,RUB,1,1
2016-10-08,USD,62.3031,1
2016-10-09,EUR,69.2312,1
2016-10-09,GBP,77.5611,1
2016-10-09,RUB,1,1
2016-10-09,USD,62.3031,1
2016-10-10,EUR,69.2312,1
2016-10-10,GBP,77.5611,1
2016-10-10,RUB,1,1
2016-10-10,USD,62.3031,1
2016-10-11,EUR,69.7253,1
2016-10-11,GBP,77.4053,1
2016-10-11,RUB,1,1
2016-10-11,USD,62.3884,1
2016-10-12,EUR,69.1231,1
2016-10-12,GBP,76.4807,1
2016-10-12,RUB,1,1
2016-10-12,USD,62.1946,1
2016-10-13,EUR,69.1173,1
2016-10-13,GBP,76.8345,1
2016-10-13,RUB,1,1
2016-10-13,USD,62.5892,1
2016-10-14,EUR,69.7255,1
2016-10-14,GBP,77.0293,1
2016-10-14,RUB,1,1
2016-10-14,USD,63.3465,1
2016-10-15,EUR,69.3746,1
2016-10-15,GBP,76.8897,1
2016-10-15,RUB,1,1
2016-10-15,USD,62.9934,1
2016-10-16,EUR,69.3746,1
2016-10-16,GBP,76.8897,1
2016-10-16,RUB,1,1
2016-10-16,USD,62.9934,1
2016-10-17,EUR,69.3746,1
2016-10-17,GBP,76.8897,1
2016-10-17,RUB,1,1
2016-10-17,USD,62.9934,1
2016-10-18,EUR,69.3587,1
2016-10-18,GBP,76.8295,1
2016-10-18,RUB,1,1
2016-10-18,USD,63.151,1
2016-10-19,EUR,69.2608,1
2016-10-19,GBP,77.0465,1
2016-10-19,RUB,1,1
2016-10-19,USD,62.89,1
2016-10-20,EUR,68.7674,1
2016-10-20,GBP,77.0223,1
2016-10-20,RUB,1,1
2016-10-20,USD,62.5841,1
2016-10-21,EUR,68.4741,1
2016-10-21,GBP,76.5886,1
2016-10-21,RUB,1,1
2016-10-21,USD,62.4194,1
2016-10-22,EUR,68.0267,1
2016-10-22,GBP,76.4449,1
2016-10-22,RUB,1,1
2016-10-22,USD,62.4499,1
2016-10-23,EUR,68.0267,1
2016-10-23,GBP,76.4449,1
2016-10-23,RUB,1,1
2016-10-23,USD,62.4499,1
2016-10-24,EUR,68.0267,1
2016-10-24,GBP,76.4449,1
2016-10-24,RUB,1,1
2016-10-24,USD,62.4499,1
2016-10-25,EUR,67.7302,1
2016-10-25,GBP,76.1071,1
2016-10-25,RUB,1,1
2016-10-25,USD,62.2349,1
2016-10-26,EUR,67.4958,1
2016-10-26,GBP,75.8785,1
2016-10-26,RUB,1,1
2016-10-26,USD,62.048,1
2016-10-27,EUR,67.9253,1
2016-10-27,GBP,76.0253,1
2016-10-27,RUB,1,1
2016-10-27,USD,62.2597,1
2016-10-28,EUR,68.7576,1
2016-10-28,GBP,77.1734,1
2016-10-28,RUB,1,1
2016-10-28,USD,63.0399,1
2016-10-29,EUR,68.6783,1
2016-10-29,GBP,76.579,1
2016-10-29,RUB,1,1
2016-10-29,USD,62.9037,1
2016-10-30,EUR,68.6783,1
2016-10-30,GBP,76.579,1
2016-10-30,RUB,1,1
2016-10-30,USD,62.9037,1
2016-10-31,EUR,68.6783,1
2016-10-31,GBP,76.579,1
2016-10-31,RUB,1,1
2016-10-31,USD,62.9037,1
2016-11-01,EUR,69.2863,1
2016-11-01,GBP,77.0304,1
2016-11-01,RUB,1,1
2016-11-01,USD,63.2174,1
2016-11-02,EUR,69.3647,1
2016-11-02,GBP,77.5115,1
2016-11-02,RUB,1,1
2016-11-02,USD,63.2025,1
2016-11-03,EUR,70.2339,1
2016-11-03,GBP,77.8122,1
2016-11-03,RUB,1,1
2016-11-03,USD,63.4166,1
2016-11-04,EUR,70.5977,1
2016-11-04,GBP,78.4278,1
2016-11-04,RUB,1,1
2016-11-04,USD,63.5043,1
2016-11-05,EUR,70.5977,1
2016-11-05,GBP,78.4278,1
2016-11-05,RUB,1,1
2016-11-05,USD,63.5043,1
2016-11-06,EUR,70.5977,1
2016-11-06,GBP,78.4278,1
2016-11-06,RUB,1,1
2016-11-06,USD,63.5043,1
2016-11-07,EUR,70.5977,1
2016-11-07,GBP,78.4278,1
2016-11-07,RUB,1,1
2016-11-07,USD,63.5043,1
2016-11-08,EUR,70.6944,1
2016-11-08,GBP,79.2643,1
2016-11-08,RUB,1,1
2016-11-08,USD,63.9074,1
2016-11-09,EUR,70.4542,1
2016-11-09,GBP,79.2435,1
2016-11-09,RUB,1,1
2016-11-09,USD,63.7364,1
2016-11-10,EUR,71.3491,1
2016-11-10,GBP,79.3229,1
2016-11-10,RUB,1,1
2016-11-10,USD,63.8928,1
2016-11-11,EUR,69.3392,1
2016-11-11,GBP,78.8833,1
2016-11-11,RUB,1,1
2016-11-11,USD,63.4161,1
2016-11-12,EUR,71.1253,1
2016-11-12,GBP,81.9513,1
2016-11-12,RUB,1,1
2016-11-12,USD,65.2167,1
2016-11-13,EUR,71.1253,1
2016-11-13,GBP,81.9513,1
2016-11-13,RUB,1,1
2016-11-13,USD,65.2167,1
2016-11-14,EUR,71.1253,1
2016-11-14,GBP,81.9513,1
2016-11-14,RUB,1,1
2016-11-14,USD,65.2167,1
2016-11-15,EUR,71.0488,1
2016-11-15,GBP,82.3239,1
2016-11-15,RUB,1,1
2016-11-15,USD,65.8591,1
2016-11-16,EUR,70.6156,1
2016-11-16,GBP,81.8911,1
2016-11-16,RUB,1,1
2016-11-16,USD,65.5548,1
2016-11-17,EUR,69.2388,1
2016-11-17,GBP,80.4892,1
2016-11-17,RUB,1,1
2016-11-17,USD,64.5463,1
2016-11-18,EUR,69.4984,1
2016-11-18,GBP,80.8197,1
2016-11-18,RUB,1,1
2016-11-18,USD,64.9154,1
2016-11-19,EUR,68.9889,1
2016-11-19,GBP,80.792,1
2016-11-19,RUB,1,1
2016-11-19,USD,65.1023,1
2016-11-20,EUR,68.9889,1
2016-11-20,GBP,80.792,1
2016-11-20,RUB,1,1
2016-11-20,USD,65.1023,1
2016-11-21,EUR,68.9889,1
2016-11-21,GBP,80.792,1
2016-11-21,RUB,1,1
2016-11-21,USD,65.1023,1
2016-11-22,EUR,68.3611,1
2016-11-22,GBP,79.4435,1
2016-11-22,RUB,1,1
2016-11-22,USD,64.358,1
2016-11-23,EUR,67.5413,1
2016-11-23,GBP,79.4398,1
2016-11-23,RUB,1,1
2016-11-23,USD,63.6282,1
2016-11-24,EUR,68.054,1
2016-11-24,GBP,79.4156,1
2016-11-24,RUB,1,1
2016-11-24,USD,64.0087,1
2016-11-25,EUR,68.0855,1
2016-11-25,GBP,80.2937,1
2016-11-25,RUB,1,1
2016-11-25,USD,64.6279,1
2016-11-26,EUR,68.4363,1
2016-11-26,GBP,80.3647,1
2016-11-26,RUB,1,1
2016-11-26,USD,64.6174,1
2016-11-27,EUR,68.4363,1
2016-11-27,GBP,80.3647,1
2016-11-27,RUB,1,1
2016-11-27,USD,64.6174,1
2016-11-28,EUR,68.4363,1
2016-11-28,GBP,80.3647,1
2016-11-28,RUB,1,1
2016-11-28,USD,64.6174,1
2016-11-29,EUR,69.1608,1
2016-11-29,GBP,81.209,1
2016-11-29,RUB,1,1
2016-11-29,USD,64.9153,1
2016-11-30,EUR,68.8416,1
2016-11-30,GBP,80.6356,1
2016-11-30,RUB,1,1
2016-11-30,USD,64.9449,1
2016-12-01,EUR,69.3417,1
2016-12-01,GBP,81.4499,1
2016-12-01,RUB,1,1
2016-12-01,USD,65.2382,1
2016-12-02,EUR,67.6162,1
2016-12-02,GBP,79.8747,1
2016-12-02,RUB,1,1
2016-12-02,USD,63.6807,1
2016-12-03,EUR,68.4703,1
2016-12-03,GBP,80.9223,1
2016-12-03,RUB,1,1
2016-12-03,USD,64.1528,1
2016-12-04,EUR,68.4703,1
2016-12-04,GBP,80.9223,1
2016-12-04,RUB,1,1
2016-12-04,USD,64.1528,1
2016-12-05,EUR,68.4703,1
2016-12-05,GBP,80.9223,1
2016-12-05,RUB,1,1
2016-12-05,USD,64.1528,1
2016-12-06,EUR,67.766,1
2016-12-06,GBP,81.3244,1
2016-12-06,RUB,1,1
2016-12-06,USD,63.9242,1
2016-12-07,EUR,68.6902,1
2016-12-07,GBP,81.4778,1
2016-12-07,RUB,1,1
2016-12-07,USD,63.8741,1
2016-12-08,EUR,68.5002,1
2016-12-08,GBP,80.6498,1
2016-12-08,RUB,1,1
2016-12-08,USD,63.9114,1
2016-12-09,EUR,68.2458,1
2016-12-09,GBP,80.0807,1
2016-12-09,RUB,1,1
2016-12-09,USD,63.3901,1
2016-12-10,EUR,67.2086,1
2016-12-10,GBP,79.6349,1
2016-12-10,RUB,1,1
2016-12-10,USD,63.3028,1
2016-12-11,EUR,67.2086,1
2016-12-11,GBP,79.6349,1
2016-12-11,RUB,1,1
2016-12-11,USD,63.3028,1
2016-12-12,EUR,67.2086,1
2016-12-12,GBP,79.6349,1
2016-12-12,RUB,1,1
2016-12-12,USD,63.3028,1
2016-12-13,EUR,65.072,1
2016-12-13,GBP,77.5728,1
2016-12-13,RUB,1,1
2016-12-13,USD,61.5804,1
2016-12-14,EUR,64.9774,1
2016-12-14,GBP,77.4721,1
2016-12-14,RUB,1,1
2016-12-14,USD,61.069,1
2016-12-15,EUR,64.7543,1
2016-12-15,GBP,77.0497,1
2016-12-15,RUB,1,1
2016-12-15,USD,60.8079,1
2016-12-16,EUR,64.6139,1
2016-12-16,GBP,77.1816,1
2016-12-16,RUB,1,1
2016-12-16,USD,61.6368,1
2016-12-17,EUR,64.4809,1
2016-12-17,GBP,76.8374,1
2016-12-17,RUB,1,1
2016-12-17,USD,61.7515,1
2016-12-18,EUR,64.4809,1
2016-12-18,GBP,76.8374,1
2016-12-18,RUB,1,1
2016-12-18,USD,61.7515,1
2016-12-19,EUR,64.4809,1
2016-12-19,GBP,76.8374,1
2016-12-19,RUB,1,1
2016-12-19,USD,61.7515,1
2016-12-20,EUR,64.6727,1
2016-12-20,GBP,77.1796,1
2016-12-20,RUB,1,1
2016-12-20,USD,61.7931,1
2016-12-21,EUR,64.2006,1
2016-12-21,GBP,76.4796,1
2016-12-21,RUB,1,1
2016-12-21,USD,61.7967,1
2016-12-22,EUR,63.6086,1
2016-12-22,GBP,75.4943,1
2016-12-22,RUB,1,1
2016-12-22,USD,61.1092,1
2016-12-23,EUR,63.5604,1
2016-12-23,GBP,75.155,1
2016-12-23,RUB,1,1
2016-12-23,USD,60.8641,1
2016-12-24,EUR,63.5425,1
2016-12-24,GBP,74.6664,1
2016-12-24,RUB,1,1
2016-12-24,USD,60.8528,1
2016-12-25,EUR,63.5425,1
2016-12-25,GBP,74.6664,1
2016-12-25,RUB,1,1
2016-12-25,USD,60.8528,1
2016-12-26,EUR,63.5425,1
2016-12-26,GBP,74.6664,1
2016-12-26,RUB,1,1
2016-12-26,USD,60.8528,1
2016-12-27,EUR,63.7285,1
2016-12-27,GBP,74.8321,1
2016-12-27,RUB,1,1
2016-12-27,USD,60.9084,1
2016-12-28,EUR,63.573,1
2016-12-28,GBP,74.7284,1
2016-12-28,RUB,1,1
2016-12-28,USD,60.8587,1
2016-12-29,EUR,63.4879,1
2016-12-29,GBP,74.3352,1
2016-12-29,RUB,1,1
2016-12-29,USD,60.6669,1
2016-12-30,EUR,63.0214,1
2016-12-30,GBP,73.8887,1
2016-12-30,RUB,1,1
2016-12-30,USD,60.273,1
2016-12-31,EUR,63.8111,1
2016-12-31,GBP,74.5595,1
2016-12-31,RUB,1,1
2016-12-31,USD,60.6569,1
2017-01-01,EUR,63.8111,1
2017-01-01,GBP,74.5595,1
2017-01-01,RUB,1,1
2017-01-01,USD,60.6569,1
2017-01-02,EUR,63.8111,1
2017-01-02,GBP,74.5595,1
2017-01-02,RUB,1,1
2017-01-02,USD,60.6569,1
2017-01-03,EUR,63.8111,1
2017-01-03,GBP,74.5595,1
2017-01-03,RUB,1,1
2017-01-03,USD,60.6569,1
2017-01-04,EUR,63.8111,1
2017-01-04,GBP,74.5595,1
2017-01-04,RUB,1,1
2017-01-04,USD,60.6569,1
2017-01-05,EUR,63.8111,1
2017-01-05,GBP,74.5595,1
2017-01-05,RUB,1,1
2017-01-05,USD,60.6569,1
2017-01-06,EUR,63.8111,1
2017-01-06,GBP,74.5595,1
2017-01-06,RUB,1,1
2017-01-06,USD,60.6569,1
2017-01-07,EUR,63.8111,1
2017-01-07,GBP,74.5595,1
2017-01-07,RUB,1,1
2017-01-07,USD,60.6569,1
2017-01-08,EUR,63.8111,1
2017-01-08,GBP,74.5595,1
2017-01-08,RUB,1,1
2017-01-08,USD,60.6569,1
2017-01-09,EUR,63.8111,1
2017-01-09,GBP,74.5595,1
2017-01-09,RUB,1,1
2017-01-09,USD,60.6569,1
2017-01-10,EUR,63.1125,1
2017-01-10,GBP,73.0014,1
2017-01-10,RUB,1,1
2017-01-10,USD,59.8961,1
2017-01-11,EUR,63.5445,1
2017-01-11,GBP,72.6394,1
2017-01-11,RUB,1,1
2017-01-11,USD,59.9533,1
2017-01-12,EUR,63.5184,1
2017-01-12,GBP,73.1683,1
2017-01-12,RUB,1,1
2017-01-12,USD,60.1614,1
2017-01-13,EUR,63.2759,1
2017-01-13,GBP,73.0395,1
2017-01-13,RUB,1,1
2017-01-13,USD,59.4978,1
2017-01-14,EUR,63.1222,1
2017-01-14,GBP,72.3423,1
2017-01-14,RUB,1,1
2017-01-14,USD,59.37,1
2017-01-15,EUR,63.1222,1
2017-01-15,GBP,72.3423,1
2017-01-15,RUB,1,1
2017-01-15,USD,59.37,1
2017-01-16,EUR,63.1222,1
2017-01-16,GBP,72.3423,1
2017-01-16,RUB,1,1
2017-01-16,USD,59.37,1
2017-01-17,EUR,63.2308,1
2017-01-17,GBP,71.6651,1
2017-01-17,RUB,1,1
2017-01-17,USD,59.6067,1
2017-01-18,EUR,63.2864,1
2017-01-18,GBP,72.0303,1
2017-01-18,RUB,1,1
2017-01-18,USD,59.4015,1
2017-01-19,EUR,63.2252,1
2017-01-19,GBP,72.9963,1
2017-01-19,RUB,1,1
2017-01-19,USD,59.183,1
2017-01-20,EUR,63.1803,1
2017-01-20,GBP,73.0506,1
2017-01-20,RUB,1,1
2017-01-20,USD,59.3521,1
2017-01-21,EUR,63.7272,1
2017-01-21,GBP,73.6145,1
2017-01-21,RUB,1,1
2017-01-21,USD,59.6697,1
2017-01-22,EUR,63.7272,1
2017-01-22,GBP,73.6145,1
2017-01-22,RUB,1,1
2017-01-22,USD,59.6697,1
2017-01-23,EUR,63.7272,1
2017-01-23,GBP,73.6145,1
2017-01-23,RUB,1,1
2017-01-23,USD,59.6697,1
2017-01-24,EUR,63.9424,1
2017-01-24,GBP,73.9865,1
2017-01-24,RUB,1,1
2017-01-24,USD,59.5034,1
2017-01-25,EUR,63.6225,1
2017-01-25,GBP,73.9144,1
2017-01-25,RUB,1,1
2017-01-25,USD,59.2168,1
2017-01-26,EUR,63.4254,1
2017-01-26,GBP,74.0603,1
2017-01-26,RUB,1,1
2017-01-26,USD,59.1489,1
2017-01-27,EUR,64.0248,1
2017-01-27,GBP,75.4987,1
2017-01-27,RUB,1,1
2017-01-27,USD,59.6356,1
2017-01-28,EUR,64.3429,1
2017-01-28,GBP,75.6408,1
2017-01-28,RUB,1,1
2017-01-28,USD,60.3196,1
2017-01-29,EUR,64.3429,1
2017-01-29,GBP,75.6408,1
2017-01-29,RUB,1,1
2017-01-29,USD,60.3196,1
2017-01-30,EUR,64.3429,1
2017-01-30,GBP,75.6408,1
2017-01-30,RUB,1,1
2017-01-30,USD,60.3196,1
2017-01-31,EUR,64.4333,1
2017-01-31,GBP,75.473,1
2017-01-31,RUB,1,1
2017-01-31,USD,60.1618,1
2017-02-01,EUR,64.285,1
2017-02-01,GBP,75.1484,1
2017-02-01,RUB,1,1
2017-02-01,USD,60.0851,1
2017-02-02,EUR,65.0322,1
2017-02-02,GBP,75.8216,1
2017-02-02,RUB,1,1
2017-02-02,USD,60.3099,1
2017-02-03,EUR,64.7307,1
2017-02-03,GBP,76.104,1
2017-02-03,RUB,1,1
2017-02-03,USD,59.9858,1
2017-02-04,EUR,63.8156,1
2017-02-04,GBP,74.3438,1
2017-02-04,RUB,1,1
2017-02-04,USD,59.3137,1
2017-02-05,EUR,63.8156,1
2017-02-05,GBP,74.3438,1
2017-02-05,RUB,1,1
2017-02-05,USD,59.3137,1
2017-02-06,EUR,63.8156,1
2017-02-06,GBP,74.3438,1
2017-02-06,RUB,1,1
2017-02-06,USD,59.3137,1
2017-02-07,EUR,63.1566,1
2017-02-07,GBP,73.1259,1
2017-02-07,RUB,1,1
2017-02-07,USD,58.7121,1
2017-02-08,EUR,63.2362,1
2017-02-08,GBP,73.228,1
2017-02-08,RUB,1,1
2017-02-08,USD,59.1933,1
2017-02-09,EUR,63.4467,1
2017-02-09,GBP,74.3971,1
2017-02-09,RUB,1,1
2017-02-09,USD,59.5129,1
2017-02-10,EUR,63.0253,1
2017-02-10,GBP,74.1099,1
2017-02-10,RUB,1,1
2017-02-10,USD,59.0235,1
2017-02-11,EUR,62.6824,1
2017-02-11,GBP,73.4218,1
2017-02-11,RUB,1,1
2017-02-11,USD,58.8457,1
2017-02-12,EUR,62.6824,1
2017-02-12,GBP,73.4218,1
2017-02-12,RUB,1,1
2017-02-12,USD,58.8457,1
2017-02-13,EUR,62.6824,1
2017-02-13,GBP,73.4218,1
2017-02-13,RUB,1,1
2017-02-13,USD,58.8457,1
2017-02-14,EUR,61.7662,1
2017-02-14,GBP,72.7574,1
2017-02-14,RUB,1,1
2017-02-14,USD,58.0619,1
2017-02-15,EUR,61.2955,1
2017-02-15,GBP,72.3352,1
2017-02-15,RUB,1,1
2017-02-15,USD,57.7388,1
2017-02-16,EUR,60.0249,1
2017-02-16,GBP,70.7378,1
2017-02-16,RUB,1,1
2017-02-16,USD,56.7719,1
2017-02-17,EUR,60.654,1
2017-02-17,GBP,71.3584,1
2017-02-17,RUB,1,1
2017-02-17,USD,57.1507,1
2017-02-18,EUR,61.4496,1
2017-02-18,GBP,71.9851,1
2017-02-18,RUB,1,1
2017-02-18,USD,57.6342,1
2017-02-19,EUR,61.4496,1
2017-02-19,GBP,71.9851,1
2017-02-19,RUB,1,1
2017-02-19,USD,57.6342,1
2017-02-20,EUR,61.4496,1
2017-02-20,GBP,71.9851,1
2017-02-20,RUB,1,1
2017-02-20,USD,57.6342,1
2017-02-21,EUR,61.6987,1
2017-02-21,GBP,72.3304,1
2017-02-21,RUB,1,1
2017-02-21,USD,58.0967,1
2017-02-22,EUR,61.209,1
2017-02-22,GBP,71.8724,1
2017-02-22,RUB,1,1
2017-02-22,USD,57.859,1
2017-02-23,EUR,60.4535,1
2017-02-23,GBP,71.805,1
2017-02-23,RUB,1,1
2017-02-23,USD,57.4762,1
2017-02-24,EUR,60.4535,1
2017-02-24,GBP,71.805,1
2017-02-24,RUB,1,1
2017-02-24,USD,57.4762,1
2017-02-25,EUR,60.4535,1
2017-02-25,GBP,71.805,1
2017-02-25,RUB,1,1
2017-02-25,USD,57.4762,1
2017-02-26,EUR,60.4535,1
2017-02-26,GBP,71.805,1
2017-02-26,RUB,1,1
2017-02-26,USD,57.4762,1
2017-02-27,EUR,60.4535,1
2017-02-27,GBP,71.805,1
2017-02-27,RUB,1,1
2017-02-27,USD,57.4762,1
2017-02-28,EUR,61.2569,1
2017-02-28,GBP,71.8652,1
2017-02-28,RUB,1,1
2017-02-28,USD,57.9371,1
2017-03-01,EUR,61.3883,1
2017-03-01,GBP,72.065,1
2017-03-01,RUB,1,1
2017-03-01,USD,57.9627,1
2017-03-02,EUR,61.5417,1
2017-03-02,GBP,72.2073,1
2017-03-02,RUB,1,1
2017-03-02,USD,58.3776,1
2017-03-03,EUR,61.5198,1
2017-03-03,GBP,71.7702,1
2017-03-03,RUB,1,1
2017-03-03,USD,58.4067,1
2017-03-04,EUR,61.985,1
2017-03-04,GBP,72.2235,1
2017-03-04,RUB,1,1
2017-03-04,USD,58.9099,1
2017-03-05,EUR,61.985,1
2017-03-05,GBP,72.2235,1
2017-03-05,RUB,1,1
2017-03-05,USD,58.9099,1
2017-03-06,EUR,61.985,1
2017-03-06,GBP,72.2235,1
2017-03-06,RUB,1,1
2017-03-06,USD,58.9099,1
2017-03-07,EUR,61.8606,1
2017-03-07,GBP,71.6203,1
2017-03-07,RUB,1,1
2017-03-07,USD,58.337,1
2017-03-08,EUR,61.7063,1
2017-03-08,GBP,71.1391,1
2017-03-08,RUB,1,1
2017-03-08,USD,58.263,1
2017-03-09,EUR,61.7063,1
2017-03-09,GBP,71.1391,1
2017-03-09,RUB,1,1
2017-03-09,USD,58.263,1
2017-03-10,EUR,61.9911,1
2017-03-10,GBP,71.5807,1
2017-03-10,RUB,1,1
2017-03-10,USD,58.8318,1
2017-03-11,EUR,62.7408,1
2017-03-11,GBP,72.0143,1
2017-03-11,RUB,1,1
2017-03-11,USD,59.2174,1
2017-03-12,EUR,62.7408,1
2017-03-12,GBP,72.0143,1
2017-03-12,RUB,1,1
2017-03-12,USD,59.2174,1
2017-03-13,EUR,62.7408,1
2017-03-13,GBP,72.0143,1
2017-03-13,RUB,1,1
2017-03-13,USD,59.2174,1
2017-03-14,EUR,63.2661,1
2017-03-14,GBP,72.2069,1
2017-03-14,RUB,1,1
2017-03-14,USD,59.1327,1
2017-03-15,EUR,62.7447,1
2017-03-15,GBP,71.4935,1
2017-03-15,RUB,1,1
2017-03-15,USD,58.954,1
2017-03-16,EUR,62.8428,1
2017-03-16,GBP,72.3009,1
2017-03-16,RUB,1,1
2017-03-16,USD,59.1128,1
2017-03-17,EUR,62.4897,1
2017-03-17,GBP,71.465,1
2017-03-17,RUB,1,1
2017-03-17,USD,58.2437,1
2017-03-18,EUR,62.3722,1
2017-03-18,GBP,71.5722,1
2017-03-18,RUB,1,1
2017-03-18,USD,57.9344,1
2017-03-19,EUR,62.3722,1
2017-03-19,GBP,71.5722,1
2017-03-19,RUB,1,1
2017-03-19,USD,57.9344,1
2017-03-20,EUR,62.3722,1
2017-03-20,GBP,71.5722,1
2017-03-20,RUB,1,1
2017-03-20,USD,57.9344,1
2017-03-21,EUR,61.6956,1
2017-03-21,GBP,71.1648,1
2017-03-21,RUB,1,1
2017-03-21,USD,57.2847,1
2017-03-22,EUR,61.7308,1
2017-03-22,GBP,70.8937,1
2017-03-22,RUB,1,1
2017-03-22,USD,57.2323,1
2017-03-23,EUR,62.2699,1
2017-03-23,GBP,71.9585,1
2017-03-23,RUB,1,1
2017-03-23,USD,57.636,1
2017-03-24,EUR,62.0959,1
2017-03-24,GBP,71.8575,1
2017-03-24,RUB,1,1
2017-03-24,USD,57.5228,1
2017-03-25,EUR,61.8636,1
2017-03-25,GBP,71.6947,1
2017-03-25,RUB,1,1
2017-03-25,USD,57.4247,1
2017-03-26,EUR,61.8636,1
2017-03-26,GBP,71.6947,1
2017-03-26,RUB,1,1
2017-03-26,USD,57.4247,1
2017-03-27,EUR,61.8636,1
2017-03-27,GBP,71.6947,1
2017-03-27,RUB,1,1
2017-03-27,USD,57.4247,1
2017-03-28,EUR,61.9615,1
2017-03-28,GBP,71.6669,1
2017-03-28,RUB,1,1
2017-03-28,USD,57.0233,1
2017-03-29,EUR,61.8102,1
2017-03-29,GBP,71.6658,1
2017-03-29,RUB,1,1
2017-03-29,USD,56.9364,1
2017-03-30,EUR,61.5347,1
2017-03-30,GBP,70.8068,1
2017-03-30,RUB,1,1
2017-03-30,USD,57.0241,1
2017-03-31,EUR,60.595,1
2017-03-31,GBP,70.0101,1
2017-03-31,RUB,1,1
2017-03-31,USD,56.3779,1
2017-04-01,EUR,59.8107,1
2017-04-01,GBP,69.7605,1
2017-04-01,RUB,1,1
2017-04-01,USD,55.9606,1
2017-04-02,EUR,59.8107,1
2017-04-02,GBP,69.7605,1
2017-04-02,RUB,1,1
2017-04-02,USD,55.9606,1
2017-04-03,EUR,59.8107,1
2017-04-03,GBP,69.7605,1
2017-04-03,RUB,1,1
2017-04-03,USD,55.9606,1
2017-04-04,EUR,59.8953,1
2017-04-04,GBP,70.3429,1
2017-04-04,RUB,1,1
2017-04-04,USD,56.1396,1
2017-04-05,EUR,60.2427,1
2017-04-05,GBP,70.3548,1
2017-04-05,RUB,1,1
2017-04-05,USD,56.5553,1
2017-04-06,EUR,59.6948,1
2017-04-06,GBP,69.4986,1
2017-04-06,RUB,1,1
2017-04-06,USD,55.894,1
2017-04-07,EUR,60.0827,1
2017-04-07,GBP,70.3655,1
2017-04-07,RUB,1,1
2017-04-07,USD,56.4369,1
2017-04-08,EUR,60.5687,1
2017-04-08,GBP,70.9281,1
2017-04-08,RUB,1,1
2017-04-08,USD,56.9201,1
2017-04-09,EUR,60.5687,1
2017-04-09,GBP,70.9281,1
2017-04-09,RUB,1,1
2017-04-09,USD,56.9201,1
2017-04-10,EUR,60.5687,1
2017-04-10,GBP,70.9281,1
2017-04-10,RUB,1,1
2017-04-10,USD,56.9201,1
2017-04-11,EUR,60.7469,1
2017-04-11,GBP,71.1746,1
2017-04-11,RUB,1,1
2017-04-11,USD,57.3896,1
2017-04-12,EUR,60.3042,1
2017-04-12,GBP,70.7384,1
2017-04-12,RUB,1,1
2017-04-12,USD,56.9552,1
2017-04-13,EUR,60.2631,1
2017-04-13,GBP,70.9502,1
2017-04-13,RUB,1,1
2017-04-13,USD,56.7556,1
2017-04-14,EUR,60.2867,1
2017-04-14,GBP,71.0467,1
2017-04-14,RUB,1,1
2017-04-14,USD,56.6019,1
2017-04-15,EUR,59.7791,1
2017-04-15,GBP,70.4413,1
2017-04-15,RUB,1,1
2017-04-15,USD,56.2945,1
2017-04-16,EUR,59.7791,1
2017-04-16,GBP,70.4413,1
2017-04-16,RUB,1,1
2017-04-16,USD,56.2945,1
2017-04-17,EUR,59.7791,1
2017-04-17,GBP,70.4413,1
2017-04-17,RUB,1,1
2017-04-17,USD,56.2945,1
2017-04-18,EUR,59.8393,1
2017-04-18,GBP,70.4931,1
2017-04-18,RUB,1,1
2017-04-18,USD,56.2505,1
2017-04-19,EUR,59.6124,1
2017-04-19,GBP,70.4947,1
2017-04-19,RUB,1,1
2017-04-19,USD,55.9793,1
2017-04-20,EUR,60.2649,1
2017-04-20,GBP,71.9886,1
2017-04-20,RUB,1,1
2017-04-20,USD,56.1753,1
2017-04-21,EUR,60.6139,1
2017-04-21,GBP,72.3993,1
2017-04-21,RUB,1,1
2017-04-21,USD,56.4165,1
2017-04-22,EUR,60.3187,1
2017-04-22,GBP,71.9978,1
2017-04-22,RUB,1,1
2017-04-22,USD,56.2307,1
2017-04-23,EUR,60.3187,1
2017-04-23,GBP,71.9978,1
2017-04-23,RUB,1,1
2017-04-23,USD,56.2307,1
2017-04-24,EUR,60.3187,1
2017-04-24,GBP,71.9978,1
2017-04-24,RUB,1,1
2017-04-24,USD,56.2307,1
2017-04-25,EUR,60.8461,1
2017-04-25,GBP,71.8994,1
2017-04-25,RUB,1,1
2017-04-25,USD,56.0794,1
2017-04-26,EUR,60.7932,1
2017-04-26,GBP,71.549,1
2017-04-26,RUB,1,1
2017-04-26,USD,55.8453,1
2017-04-27,EUR,61.5052,1
2017-04-27,GBP,72.1258,1
2017-04-27,RUB,1,1
2017-04-27,USD,56.3131,1
2017-04-28,EUR,62.1664,1
2017-04-28,GBP,73.458,1
2017-04-28,RUB,1,1
2017-04-28,USD,56.9707,1
2017-04-29,EUR,62.044,1
2017-04-29,GBP,73.6231,1
2017-04-29,RUB,1,1
2017-04-29,USD,56.9838,1
2017-04-30,EUR,62.044,1
2017-04-30,GBP,73.6231,1
2017-04-30,RUB,1,1
2017-04-30,USD,56.9838,1
2017-05-01,EUR,62.044,1
2017-05-01,GBP,73.6231,1
2017-05-01,RUB,1,1
2017-05-01,USD,56.9838,1
2017-05-02,EUR,62.044,1
2017-05-02,GBP,73.6231,1
2017-05-02,RUB,1,1
2017-05-02,USD,56.9838,1
2017-05-03,EUR,62.1515,1
2017-05-03,GBP,73.3767,1
2017-05-03,RUB,1,1
2017-05-03,USD,56.9518,1
2017-05-04,EUR,62.3224,1
2017-05-04,GBP,73.8323,1
2017-05-04,RUB,1,1
2017-05-04,USD,57.0927,1
2017-05-05,EUR,62.7298,1
2017-05-05,GBP,74.1692,1
2017-05-05,RUB,1,1
2017-05-05,USD,57.5714,1
2017-05-06,EUR,64.2398,1
2017-05-06,GBP,75.7075,1
2017-05-06,RUB,1,1
2017-05-06,USD,58.5382,1
2017-05-07,EUR,64.2398,1
2017-05-07,GBP,75.7075,1
2017-05-07,RUB,1,1
2017-05-07,USD,58.5382,1
2017-05-08,EUR,64.2398,1
2017-05-08,GBP,75.7075,1
2017-05-08,RUB,1,1
2017-05-08,USD,58.5382,1
2017-05-09,EUR,64.2398,1
2017-05-09,GBP,75.7075,1
2017-05-09,RUB,1,1
2017-05-09,USD,58.5382,1
2017-05-10,EUR,64.2398,1
2017-05-10,GBP,75.7075,1
2017-05-10,RUB,1,1
2017-05-10,USD,58.5382,1
2017-05-11,EUR,63.2634,1
2017-05-11,GBP,75.4084,1
2017-05-11,RUB,1,1
2017-05-11,USD,58.0824,1
2017-05-12,EUR,62.1595,1
2017-05-12,GBP,73.8968,1
2017-05-12,RUB,1,1
2017-05-12,USD,57.1161,1
2017-05-13,EUR,62.0915,1
2017-05-13,GBP,73.5358,1
2017-05-13,RUB,1,1
2017-05-13,USD,57.164,1
2017-05-14,EUR,62.0915,1
2017-05-14,GBP,73.5358,1
2017-05-14,RUB,1,1
2017-05-14,USD,57.164,1
2017-05-15,EUR,62.0915,1
2017-05-15,GBP,73.5358,1
2017-05-15,RUB,1,1
2017-05-15,USD,57.164,1
2017-05-16,EUR,61.8449,1
2017-05-16,GBP,73.0596,1
2017-05-16,RUB,1,1
2017-05-16,USD,56.5258,1
2017-05-17,EUR,62.0382,1
2017-05-17,GBP,72.8233,1
2017-05-17,RUB,1,1
2017-05-17,USD,56.2603,1
2017-05-18,EUR,62.9568,1
2017-05-18,GBP,73.391,1
2017-05-18,RUB,1,1
2017-05-18,USD,56.7383,1
2017-05-19,EUR,63.9967,1
2017-05-19,GBP,74.6111,1
2017-05-19,RUB,1,1
2017-05-19,USD,57.4683,1
2017-05-20,EUR,63.6479,1
2017-05-20,GBP,74.2568,1
2017-05-20,RUB,1,1
2017-05-20,USD,57.1602,1
2017-05-21,EUR,63.6479,1
2017-05-21,GBP,74.2568,1
2017-05-21,RUB,1,1
2017-05-21,USD,57.1602,1
2017-05-22,EUR,63.6479,1
2017-05-22,GBP,74.2568,1
2017-05-22,RUB,1,1
2017-05-22,USD,57.1602,1
2017-05-23,EUR,63.1713,1
2017-05-23,GBP,73.3467,1
2017-05-23,RUB,1,1
2017-05-23,USD,56.4988,1
2017-05-24,EUR,63.6189,1
2017-05-24,GBP,73.4426,1
2017-05-24,RUB,1,1
2017-05-24,USD,56.5552,1
2017-05-25,EUR,62.9203,1
2017-05-25,GBP,73.0834,1
2017-05-25,RUB,1,1
2017-05-25,USD,56.2743,1
2017-05-26,EUR,63.0116,1
2017-05-26,GBP,72.9528,1
2017-05-26,RUB,1,1
2017-05-26,USD,56.0701,1
2017-05-27,EUR,63.6689,1
2017-05-27,GBP,73.0677,1
2017-05-27,RUB,1,1
2017-05-27,USD,56.756,1
2017-05-28,EUR,63.6689,1
2017-05-28,GBP,73.0677,1
2017-05-28,RUB,1,1
2017-05-28,USD,56.756,1
2017-05-29,EUR,63.6689,1
2017-05-29,GBP,73.0677,1
2017-05-29,RUB,1,1
2017-05-29,USD,56.756,1
2017-05-30,EUR,63.3684,1
2017-05-30,GBP,72.7937,1
2017-05-30,RUB,1,1
2017-05-30,USD,56.7106,1
2017-05-31,EUR,62.9484,1
2017-05-31,GBP,72.6636,1
2017-05-31,RUB,1,1
2017-05-31,USD,56.5168,1
2017-06-01,EUR,63.4107,1
2017-06-01,GBP,72.5771,1
2017-06-01,RUB,1,1
2017-06-01,USD,56.6876,1
2017-06-02,EUR,63.531,1
2017-06-02,GBP,72.7974,1
2017-06-02,RUB,1,1
2017-06-02,USD,56.5373,1
2017-06-03,EUR,63.6092,1
2017-06-03,GBP,72.9456,1
2017-06-03,RUB,1,1
2017-06-03,USD,56.6876,1
2017-06-04,EUR,63.6092,1
2017-06-04,GBP,72.9456,1
2017-06-04,RUB,1,1
2017-06-04,USD,56.6876,1
2017-06-05,EUR,63.6092,1
2017-06-05,GBP,72.9456,1
2017-06-05,RUB,1,1
2017-06-05,USD,56.6876,1
2017-06-06,EUR,63.811,1
2017-06-06,GBP,72.9204,1
2017-06-06,RUB,1,1
2017-06-06,USD,56.6152,1
2017-06-07,EUR,63.7817,1
2017-06-07,GBP,73.2237,1
2017-06-07,RUB,1,1
2017-06-07,USD,56.6747,1
2017-06-08,EUR,63.7179,1
2017-06-08,GBP,72.9587,1
2017-06-08,RUB,1,1
2017-06-08,USD,56.5878,1
2017-06-09,EUR,64.1488,1
2017-06-09,GBP,73.8991,1
2017-06-09,RUB,1,1
2017-06-09,USD,56.9857,1
2017-06-10,EUR,63.7852,1
2017-06-10,GBP,72.5464,1
2017-06-10,RUB,1,1
2017-06-10,USD,57.002,1
2017-06-11,EUR,63.7852,1
2017-06-11,GBP,72.5464,1
2017-06-11,RUB,1,1
2017-06-11,USD,57.002,1
2017-06-12,EUR,63.7852,1
2017-06-12,GBP,72.5464,1
2017-06-12,RUB,1,1
2017-06-12,USD,57.002,1
2017-06-13,EUR,63.7852,1
2017-06-13,GBP,72.5464,1
2017-06-13,RUB,1,1
2017-06-13,USD,57.002,1
2017-06-14,EUR,63.7729,1
2017-06-14,GBP,72.3093,1
2017-06-14,RUB,1,1
2017-06-14,USD,56.9096,1
2017-06-15,EUR,63.9481,1
2017-06-15,GBP,72.7307,1
2017-06-15,RUB,1,1
2017-06-15,USD,57.0303,1
2017-06-16,EUR,64.2795,1
2017-06-16,GBP,73.0109,1
2017-06-16,RUB,1,1
2017-06-16,USD,57.4437,1
2017-06-17,EUR,64.4561,1
2017-06-17,GBP,73.7119,1
2017-06-17,RUB,1,1
2017-06-17,USD,57.7408,1
2017-06-18,EUR,64.4561,1
2017-06-18,GBP,73.7119,1
2017-06-18,RUB,1,1
2017-06-18,USD,57.7408,1
2017-06-19,EUR,64.4561,1
2017-06-19,GBP,73.7119,1
2017-06-19,RUB,1,1
2017-06-19,USD,57.7408,1
2017-06-20,EUR,64.8614,1
2017-06-20,GBP,74.1811,1
2017-06-20,RUB,1,1
2017-06-20,USD,57.9585,1
2017-06-21,EUR,65.321,1
2017-06-21,GBP,74.2894,1
2017-06-21,RUB,1,1
2017-06-21,USD,58.5786,1
2017-06-22,EUR,66.798,1
2017-06-22,GBP,75.636,1
2017-06-22,RUB,1,1
2017-06-22,USD,60,1
2017-06-23,EUR,67.1495,1
2017-06-23,GBP,76.1536,1
2017-06-23,RUB,1,1
2017-06-23,USD,60.1482,1
2017-06-24,EUR,66.678,1
2017-06-24,GBP,75.9903,1
2017-06-24,RUB,1,1
2017-06-24,USD,59.6564,1
2017-06-25,EUR,66.678,1
2017-06-25,GBP,75.9903,1
2017-06-25,RUB,1,1
2017-06-25,USD,59.6564,1
2017-06-26,EUR,66.678,1
2017-06-26,GBP,75.9903,1
2017-06-26,RUB,1,1
2017-06-26,USD,59.6564,1
2017-06-27,EUR,66.0816,1
2017-06-27,GBP,75.1206,1
2017-06-27,RUB,1,1
2017-06-27,USD,59.0014,1
2017-06-28,EUR,65.9563,1
2017-06-28,GBP,75.0363,1
2017-06-28,RUB,1,1
2017-06-28,USD,58.8843,1
2017-06-29,EUR,67.6868,1
2017-06-29,GBP,76.3322,1
2017-06-29,RUB,1,1
2017-06-29,USD,59.5415,1
2017-06-30,EUR,67.4993,1
2017-06-30,GBP,76.7343,1
2017-06-30,RUB,1,1
2017-06-30,USD,59.0855,1
2017-07-01,EUR,67.8072,1
2017-07-01,GBP,77.1902,1
2017-07-01,RUB,1,1
2017-07-01,USD,59.3862,1
2017-07-02,EUR,67.8072,1
2017-07-02,GBP,77.1902,1
2017-07-02,RUB,1,1
2017-07-02,USD,59.3862,1
2017-07-03,EUR,67.8072,1
2017-07-03,GBP,77.1902,1
2017-07-03,RUB,1,1
2017-07-03,USD,59.3862,1
2017-07-04,EUR,67.2016,1
2017-07-04,GBP,76.5955,1
2017-07-04,RUB,1,1
2017-07-04,USD,58.9695,1
2017-07-05,EUR,67.2966,1
2017-07-05,GBP,76.566,1
2017-07-05,RUB,1,1
2017-07-05,USD,59.2295,1
2017-07-06,EUR,67.6754,1
2017-07-06,GBP,76.8804,1
2017-07-06,RUB,1,1
2017-07-06,USD,59.5787,1
2017-07-07,EUR,68.3814,1
2017-07-07,GBP,77.9479,1
2017-07-07,RUB,1,1
2017-07-07,USD,60.2426,1
2017-07-08,EUR,68.947,1
2017-07-08,GBP,78.2273,1
2017-07-08,RUB,1,1
2017-07-08,USD,60.3792,1
2017-07-09,EUR,68.947,1
2017-07-09,GBP,78.2273,1
2017-07-09,RUB,1,1
2017-07-09,USD,60.3792,1
2017-07-10,EUR,68.947,1
2017-07-10,GBP,78.2273,1
2017-07-10,RUB,1,1
2017-07-10,USD,60.3792,1
2017-07-11,EUR,68.7737,1
2017-07-11,GBP,77.7345,1
2017-07-11,RUB,1,1
2017-07-11,USD,60.3014,1
2017-07-12,EUR,69.2007,1
2017-07-12,GBP,78.3421,1
2017-07-12,RUB,1,1
2017-07-12,USD,60.7397,1
2017-07-13,EUR,69.4494,1
2017-07-13,GBP,77.7971,1
2017-07-13,RUB,1,1
2017-07-13,USD,60.6227,1
2017-07-14,EUR,68.8139,1
2017-07-14,GBP,77.8776,1
2017-07-14,RUB,1,1
2017-07-14,USD,60.1836,1
2017-07-15,EUR,68.3597,1
2017-07-15,GBP,77.5693,1
2017-07-15,RUB,1,1
2017-07-15,USD,59.8806,1
2017-07-16,EUR,68.3597,1
2017-07-16,GBP,77.5693,1
2017-07-16,RUB,1,1
2017-07-16,USD,59.8806,1
2017-07-17,EUR,68.3597,1
2017-07-17,GBP,77.5693,1
2017-07-17,RUB,1,1
2017-07-17,USD,59.8806,1
2017-07-18,EUR,67.6184,1
2017-07-18,GBP,77.2757,1
2017-07-18,RUB,1,1
2017-07-18,USD,59.0657,1
2017-07-19,EUR,68.4008,1
2017-07-19,GBP,77.5972,1
2017-07-19,RUB,1,1
2017-07-19,USD,59.3705,1
2017-07-20,EUR,68.2762,1
2017-07-20,GBP,77.1565,1
2017-07-20,RUB,1,1
2017-07-20,USD,59.2418,1
2017-07-21,EUR,68.0037,1
2017-07-21,GBP,76.7302,1
2017-07-21,RUB,1,1
2017-07-21,USD,59.0823,1
2017-07-22,EUR,68.6623,1
2017-07-22,GBP,76.5828,1
2017-07-22,RUB,1,1
2017-07-22,USD,58.9325,1
2017-07-23,EUR,68.6623,1
2017-07-23,GBP,76.5828,1
2017-07-23,RUB,1,1
2017-07-23,USD,58.9325,1
2017-07-24,EUR,68.6623,1
2017-07-24,GBP,76.5828,1
2017-07-24,RUB,1,1
2017-07-24,USD,58.9325,1
2017-07-25,EUR,69.4708,1
2017-07-25,GBP,77.6498,1
2017-07-25,RUB,1,1
2017-07-25,USD,59.6572,1
2017-07-26,EUR,69.7005,1
2017-07-26,GBP,77.9914,1
2017-07-26,RUB,1,1
2017-07-26,USD,59.8185,1
2017-07-27,EUR,69.6816,1
2017-07-27,GBP,78.057,1
2017-07-27,RUB,1,1
2017-07-27,USD,59.9102,1
2017-07-28,EUR,69.6406,1
2017-07-28,GBP,78.0234,1
2017-07-28,RUB,1,1
2017-07-28,USD,59.4102,1
2017-07-29,EUR,69.6779,1
2017-07-29,GBP,77.8771,1
2017-07-29,RUB,1,1
2017-07-29,USD,59.5436,1
2017-07-30,EUR,69.6779,1
2017-07-30,GBP,77.8771,1
2017-07-30,RUB,1,1
2017-07-30,USD,59.5436,1
2017-07-31,EUR,69.6779,1
2017-07-31,GBP,77.8771,1
2017-07-31,RUB,1,1
2017-07-31,USD,59.5436,1
2017-08-01,EUR,70.4603,1
2017-08-01,GBP,78.791,1
2017-08-01,RUB,1,1
2017-08-01,USD,60.0633,1
2017-08-02,EUR,70.7313,1
2017-08-02,GBP,79.0438,1
2017-08-02,RUB,1,1
2017-08-02,USD,59.8454,1
2017-08-03,EUR,71.6866,1
2017-08-03,GBP,80.2286,1
2017-08-03,RUB,1,1
2017-08-03,USD,60.5819,1
2017-08-04,EUR,71.9527,1
2017-08-04,GBP,80.3605,1
2017-08-04,RUB,1,1
2017-08-04,USD,60.7503,1
2017-08-05,EUR,71.6879,1
2017-08-05,GBP,79.3194,1
2017-08-05,RUB,1,1
2017-08-05,USD,60.3281,1
2017-08-06,EUR,71.6879,1
2017-08-06,GBP,79.3194,1
2017-08-06,RUB,1,1
2017-08-06,USD,60.3281,1
2017-08-07,EUR,71.6879,1
2017-08-07,GBP,79.3194,1
2017-08-07,RUB,1,1
2017-08-07,USD,60.3281,1
2017-08-08,EUR,70.8414,1
2017-08-08,GBP,78.3669,1
2017-08-08,RUB,1,1
2017-08-08,USD,60.0605,1
2017-08-09,EUR,70.8405,1
2017-08-09,GBP,78.2551,1
2017-08-09,RUB,1,1
2017-08-09,USD,59.9886,1
2017-08-10,EUR,70.4183,1
2017-08-10,GBP,77.9854,1
2017-08-10,RUB,1,1
2017-08-10,USD,59.9611,1
2017-08-11,EUR,70.2677,1
2017-08-11,GBP,77.693,1
2017-08-11,RUB,1,1
2017-08-11,USD,59.9298,1
2017-08-12,EUR,70.7502,1
2017-08-12,GBP,78.0689,1
2017-08-12,RUB,1,1
2017-08-12,USD,60.1873,1
2017-08-13,EUR,70.7502,1
2017-08-13,GBP,78.0689,1
2017-08-13,RUB,1,1
2017-08-13,USD,60.1873,1
2017-08-14,EUR,70.7502,1
2017-08-14,GBP,78.0689,1
2017-08-14,RUB,1,1
2017-08-14,USD,60.1873,1
2017-08-15,EUR,70.6645,1
2017-08-15,GBP,77.6789,1
2017-08-15,RUB,1,1
2017-08-15,USD,59.799,1
2017-08-16,EUR,70.3718,1
2017-08-16,GBP,77.6229,1
2017-08-16,RUB,1,1
2017-08-16,USD,59.9266,1
2017-08-17,EUR,69.9958,1
2017-08-17,GBP,76.6768,1
2017-08-17,RUB,1,1
2017-08-17,USD,59.6521,1
2017-08-18,EUR,69.6531,1
2017-08-18,GBP,76.3542,1
2017-08-18,RUB,1,1
2017-08-18,USD,59.249,1
2017-08-19,EUR,69.7197,1
2017-08-19,GBP,76.4988,1
2017-08-19,RUB,1,1
2017-08-19,USD,59.3612,1
2017-08-20,EUR,69.7197,1
2017-08-20,GBP,76.4988,1
2017-08-20,RUB,1,1
2017-08-20,USD,59.3612,1
2017-08-21,EUR,69.7197,1
2017-08-21,GBP,76.4988,1
2017-08-21,RUB,1,1
2017-08-21,USD,59.3612,1
2017-08-22,EUR,69.4314,1
2017-08-22,GBP,76.138,1
2017-08-22,RUB,1,1
2017-08-22,USD,59.1409,1
2017-08-23,EUR,69.59,1
2017-08-23,GBP,75.8895,1
2017-08-23,RUB,1,1
2017-08-23,USD,59.0396,1
2017-08-24,EUR,69.5619,1
2017-08-24,GBP,75.6938,1
2017-08-24,RUB,1,1
2017-08-24,USD,59.1312,1
2017-08-25,EUR,69.7434,1
2017-08-25,GBP,75.7284,1
2017-08-25,RUB,1,1
2017-08-25,USD,59.1397,1
2017-08-26,EUR,69.6995,1
2017-08-26,GBP,75.7799,1
2017-08-26,RUB,1,1
2017-08-26,USD,59.1476,1
2017-08-27,EUR,69.6995,1
2017-08-27,GBP,75.7799,1
2017-08-27,RUB,1,1
2017-08-27,USD,59.1476,1
2017-08-28,EUR,69.6995,1
2017-08-28,GBP,75.7799,1
2017-08-28,RUB,1,1
2017-08-28,USD,59.1476,1
2017-08-29,EUR,69.8465,1
2017-08-29,GBP,75.5314,1
2017-08-29,RUB,1,1
2017-08-29,USD,58.5469,1
2017-08-30,EUR,70.4316,1
2017-08-30,GBP,75.875,1
2017-08-30,RUB,1,1
2017-08-30,USD,58.532,1
2017-08-31,EUR,70.2007,1
2017-08-31,GBP,75.8682,1
2017-08-31,RUB,1,1
2017-08-31,USD,58.7306,1
2017-09-01,EUR,69.6222,1
2017-09-01,GBP,75.4884,1
2017-09-01,RUB,1,1
2017-09-01,USD,58.5454,1
2017-09-02,EUR,68.9992,1
2017-09-02,GBP,75.0138,1
2017-09-02,RUB,1,1
2017-09-02,USD,58.0557,1
2017-09-03,EUR,68.9992,1
2017-09-03,GBP,75.0138,1
2017-09-03,RUB,1,1
2017-09-03,USD,58.0557,1
2017-09-04,EUR,68.9992,1
2017-09-04,GBP,75.0138,1
2017-09-04,RUB,1,1
2017-09-04,USD,58.0557,1
2017-09-05,EUR,68.7256,1
2017-09-05,GBP,74.8331,1
2017-09-05,RUB,1,1
2017-09-05,USD,57.7817,1
2017-09-06,EUR,68.7782,1
2017-09-06,GBP,74.7426,1
2017-09-06,RUB,1,1
2017-09-06,USD,57.8503,1
2017-09-07,EUR,68.4165,1
2017-09-07,GBP,74.7869,1
2017-09-07,RUB,1,1
2017-09-07,USD,57.3387,1
2017-09-08,EUR,68.2436,1
2017-09-08,GBP,74.592,1
2017-09-08,RUB,1,1
2017-09-08,USD,57.1411,1
2017-09-09,EUR,68.6923,1
2017-09-09,GBP,74.9049,1
2017-09-09,RUB,1,1
2017-09-09,USD,56.9966,1
2017-09-10,EUR,68.6923,1
2017-09-10,GBP,74.9049,1
2017-09-10,RUB,1,1
2017-09-10,USD,56.9966,1
2017-09-11,EUR,68.6923,1
2017-09-11,GBP,74.9049,1
2017-09-11,RUB,1,1
2017-09-11,USD,56.9966,1
2017-09-12,EUR,68.649,1
2017-09-12,GBP,75.4179,1
2017-09-12,RUB,1,1
2017-09-12,USD,57.1694,1
2017-09-13,EUR,68.5469,1
2017-09-13,GBP,75.6078,1
2017-09-13,RUB,1,1
2017-09-13,USD,57.2656,1
2017-09-14,EUR,69.0977,1
2017-09-14,GBP,76.6868,1
2017-09-14,RUB,1,1
2017-09-14,USD,57.6679,1
2017-09-15,EUR,68.695,1
2017-09-15,GBP,76.3034,1
2017-09-15,RUB,1,1
2017-09-15,USD,57.7706,1
2017-09-16,EUR,68.5801,1
2017-09-16,GBP,77.3194,1
2017-09-16,RUB,1,1
2017-09-16,USD,57.5336,1
2017-09-17,EUR,68.5801,1
2017-09-17,GBP,77.3194,1
2017-09-17,RUB,1,1
2017-09-17,USD,57.5336,1
2017-09-18,EUR,68.5801,1
2017-09-18,GBP,77.3194,1
2017-09-18,RUB,1,1
2017-09-18,USD,57.5336,1
2017-09-19,EUR,68.7514,1
2017-09-19,GBP,78.052,1
2017-09-19,RUB,1,1
2017-09-19,USD,57.6242,1
2017-09-20,EUR,69.6785,1
2017-09-20,GBP,78.3469,1
2017-09-20,RUB,1,1
2017-09-20,USD,58.0993,1
2017-09-21,EUR,69.7664,1
2017-09-21,GBP,78.5555,1
2017-09-21,RUB,1,1
2017-09-21,USD,58.129,1
2017-09-22,EUR,69.2635,1
2017-09-22,GBP,78.6318,1
2017-09-22,RUB,1,1
2017-09-22,USD,58.2242,1
2017-09-23,EUR,69.0737,1
2017-09-23,GBP,78.2578,1
2017-09-23,RUB,1,1
2017-09-23,USD,57.6527,1
2017-09-24,EUR,69.0737,1
2017-09-24,GBP,78.2578,1
2017-09-24,RUB,1,1
2017-09-24,USD,57.6527,1
2017-09-25,EUR,69.0737,1
2017-09-25,GBP,78.2578,1
2017-09-25,RUB,1,1
2017-09-25,USD,57.6527,1
2017-09-26,EUR,68.5553,1
2017-09-26,GBP,77.9156,1
2017-09-26,RUB,1,1
2017-09-26,USD,57.566,1
2017-09-27,EUR,68.0215,1
2017-09-27,GBP,77.5581,1
2017-09-27,RUB,1,1
2017-09-27,USD,57.5186,1
2017-09-28,EUR,68.1678,1
2017-09-28,GBP,77.5886,1
2017-09-28,RUB,1,1
2017-09-28,USD,58.0102,1
2017-09-29,EUR,68.6441,1
2017-09-29,GBP,78.1091,1
2017-09-29,RUB,1,1
2017-09-29,USD,58.4255,1
2017-09-30,EUR,68.4483,1
2017-09-30,GBP,77.8529,1
2017-09-30,RUB,1,1
2017-09-30,USD,58.0169,1
2017-10-01,EUR,68.4483,1
2017-10-01,GBP,77.8529,1
2017-10-01,RUB,1,1
2017-10-01,USD,58.0169,1
2017-10-02,EUR,68.4483,1
2017-10-02,GBP,77.8529,1
2017-10-02,RUB,1,1
2017-10-02,USD,58.0169,1
2017-10-03,EUR,67.9076,1
2017-10-03,GBP,76.9843,1
2017-10-03,RUB,1,1
2017-10-03,USD,57.8134,1
2017-10-04,EUR,67.9839,1
2017-10-04,GBP,76.9352,1
2017-10-04,RUB,1,1
2017-10-04,USD,57.9375,1
2017-10-05,EUR,67.9357,1
2017-10-05,GBP,76.6032,1
2017-10-05,RUB,1,1
2017-10-05,USD,57.7832,1
2017-10-06,EUR,67.7787,1
2017-10-06,GBP,76.0071,1
2017-10-06,RUB,1,1
2017-10-06,USD,57.5811,1
2017-10-07,EUR,67.5344,1
2017-10-07,GBP,75.5228,1
2017-10-07,RUB,1,1
2017-10-07,USD,57.7612,1
2017-10-08,EUR,67.5344,1
2017-10-08,GBP,75.5228,1
2017-10-08,RUB,1,1
2017-10-08,USD,57.7612,1
2017-10-09,EUR,67.5344,1
2017-10-09,GBP,75.5228,1
2017-10-09,RUB,1,1
2017-10-09,USD,57.7612,1
2017-10-10,EUR,68.3861,1
2017-10-10,GBP,76.4919,1
2017-10-10,RUB,1,1
2017-10-10,USD,58.3151,1
2017-10-11,EUR,68.3557,1
2017-10-11,GBP,76.5264,1
2017-10-11,RUB,1,1
2017-10-11,USD,58.0713,1
2017-10-12,EUR,68.5032,1
2017-10-12,GBP,76.4847,1
2017-10-12,RUB,1,1
2017-10-12,USD,57.921,1
2017-10-13,EUR,68.4455,1
2017-10-13,GBP,76.4294,1
2017-10-13,RUB,1,1
2017-10-13,USD,57.6869,1
2017-10-14,EUR,68.1409,1
2017-10-14,GBP,76.6974,1
2017-10-14,RUB,1,1
2017-10-14,USD,57.6196,1
2017-10-15,EUR,68.1409,1
2017-10-15,GBP,76.6974,1
2017-10-15,RUB,1,1
2017-10-15,USD,57.6196,1
2017-10-16,EUR,68.1409,1
2017-10-16,GBP,76.6974,1
2017-10-16,RUB,1,1
2017-10-16,USD,57.6196,1
2017-10-17,EUR,67.2988,1
2017-10-17,GBP,75.9074,1
2017-10-17,RUB,1,1
2017-10-17,USD,57.0861,1
2017-10-18,EUR,67.4596,1
2017-10-18,GBP,76.1465,1
2017-10-18,RUB,1,1
2017-10-18,USD,57.3392,1
2017-10-19,EUR,67.3577,1
2017-10-19,GBP,75.519,1
2017-10-19,RUB,1,1
2017-10-19,USD,57.2721,1
2017-10-20,EUR,67.9333,1
2017-10-20,GBP,75.8953,1
2017-10-20,RUB,1,1
2017-10-20,USD,57.5706,1
2017-10-21,EUR,67.8927,1
2017-10-21,GBP,75.5302,1
2017-10-21,RUB,1,1
2017-10-21,USD,57.5118,1
2017-10-22,EUR,67.8927,1
2017-10-22,GBP,75.5302,1
2017-10-22,RUB,1,1
2017-10-22,USD,57.5118,1
2017-10-23,EUR,67.8927,1
2017-10-23,GBP,75.5302,1
2017-10-23,RUB,1,1
2017-10-23,USD,57.5118,1
2017-10-24,EUR,67.5567,1
2017-10-24,GBP,75.706,1
2017-10-24,RUB,1,1
2017-10-24,USD,57.4706,1
2017-10-25,EUR,67.6856,1
2017-10-25,GBP,75.9894,1
2017-10-25,RUB,1,1
2017-10-25,USD,57.5852,1
2017-10-26,EUR,67.7713,1
2017-10-26,GBP,75.6126,1
2017-10-26,RUB,1,1
2017-10-26,USD,57.614,1
2017-10-27,EUR,68.289,1
2017-10-27,GBP,76.4568,1
2017-10-27,RUB,1,1
2017-10-27,USD,57.7643,1
2017-10-28,EUR,67.5276,1
2017-10-28,GBP,75.9381,1
2017-10-28,RUB,1,1
2017-10-28,USD,58.0833,1
2017-10-29,EUR,67.5276,1
2017-10-29,GBP,75.9381,1
2017-10-29,RUB,1,1
2017-10-29,USD,58.0833,1
2017-10-30,EUR,67.5276,1
2017-10-30,GBP,75.9381,1
2017-10-30,RUB,1,1
2017-10-30,USD,58.0833,1
2017-10-31,EUR,67.2179,1
2017-10-31,GBP,76.1822,1
2017-10-31,RUB,1,1
2017-10-31,USD,57.8716,1
2017-11-01,EUR,67.6434,1
2017-11-01,GBP,76.7737,1
2017-11-01,RUB,1,1
2017-11-01,USD,58.1179,1
2017-11-02,EUR,67.7107,1
2017-11-02,GBP,77.3471,1
2017-11-02,RUB,1,1
2017-11-02,USD,58.1557,1
2017-11-03,EUR,67.677,1
2017-11-03,GBP,77.0465,1
2017-11-03,RUB,1,1
2017-11-03,USD,58.0869,1
2017-11-04,EUR,68.0822,1
2017-11-04,GBP,76.2039,1
2017-11-04,RUB,1,1
2017-11-04,USD,58.4296,1
2017-11-05,EUR,68.0822,1
2017-11-05,GBP,76.2039,1
2017-11-05,RUB,1,1
2017-11-05,USD,58.4296,1
2017-11-06,EUR,68.0822,1
2017-11-06,GBP,76.2039,1
2017-11-06,RUB,1,1
2017-11-06,USD,58.4296,1
2017-11-07,EUR,68.0822,1
2017-11-07,GBP,76.2039,1
2017-11-07,RUB,1,1
2017-11-07,USD,58.4296,1
2017-11-08,EUR,67.7677,1
2017-11-08,GBP,76.8985,1
2017-11-08,RUB,1,1
2017-11-08,USD,58.4557,1
2017-11-09,EUR,68.704,1
2017-11-09,GBP,77.8163,1
2017-11-09,RUB,1,1
2017-11-09,USD,59.248,1
2017-11-10,EUR,68.7865,1
2017-11-10,GBP,77.8343,1
2017-11-10,RUB,1,1
2017-11-10,USD,59.2527,1
2017-11-11,EUR,68.9791,1
2017-11-11,GBP,77.9246,1
2017-11-11,RUB,1,1
2017-11-11,USD,59.2808,1
2017-11-12,EUR,68.9791,1
2017-11-12,GBP,77.9246,1
2017-11-12,RUB,1,1
2017-11-12,USD,59.2808,1
2017-11-13,EUR,68.9791,1
2017-11-13,GBP,77.9246,1
2017-11-13,RUB,1,1
2017-11-13,USD,59.2808,1
2017-11-14,EUR,68.9178,1
2017-11-14,GBP,77.4341,1
2017-11-14,RUB,1,1
2017-11-14,USD,59.1823,1
2017-11-15,EUR,69.6787,1
2017-11-15,GBP,78.1866,1
2017-11-15,RUB,1,1
2017-11-15,USD,59.6207,1
2017-11-16,EUR,71.1721,1
2017-11-16,GBP,79.4323,1
2017-11-16,RUB,1,1
2017-11-16,USD,60.249,1
2017-11-17,EUR,70.704,1
2017-11-17,GBP,78.9526,1
2017-11-17,RUB,1,1
2017-11-17,USD,59.9898,1
2017-11-18,EUR,70.3604,1
2017-11-18,GBP,78.9236,1
2017-11-18,RUB,1,1
2017-11-18,USD,59.6325,1
2017-11-19,EUR,70.3604,1
2017-11-19,GBP,78.9236,1
2017-11-19,RUB,1,1
2017-11-19,USD,59.6325,1
2017-11-20,EUR,70.3604,1
2017-11-20,GBP,78.9236,1
2017-11-20,RUB,1,1
2017-11-20,USD,59.6325,1
2017-11-21,EUR,69.6654,1
2017-11-21,GBP,78.4914,1
2017-11-21,RUB,1,1
2017-11-21,USD,59.2746,1
2017-11-22,EUR,69.8184,1
2017-11-22,GBP,78.8029,1
2017-11-22,RUB,1,1
2017-11-22,USD,59.4604,1
2017-11-23,EUR,69.403,1
2017-11-23,GBP,78.1713,1
2017-11-23,RUB,1,1
2017-11-23,USD,59.0061,1
2017-11-24,EUR,69.1783,1
2017-11-24,GBP,77.8249,1
2017-11-24,RUB,1,1
2017-11-24,USD,58.4622,1
2017-11-25,EUR,69.3309,1
2017-11-25,GBP,77.9644,1
2017-11-25,RUB,1,1
2017-11-25,USD,58.5318,1
2017-11-26,EUR,69.3309,1
2017-11-26,GBP,77.9644,1
2017-11-26,RUB,1,1
2017-11-26,USD,58.5318,1
2017-11-27,EUR,69.3309,1
2017-11-27,GBP,77.9644,1
2017-11-27,RUB,1,1
2017-11-27,USD,58.5318,1
2017-11-28,EUR,69.4957,1
2017-11-28,GBP,77.7244,1
2017-11-28,RUB,1,1
2017-11-28,USD,58.2773,1
2017-11-29,EUR,69.4934,1
2017-11-29,GBP,77.8697,1
2017-11-29,RUB,1,1
2017-11-29,USD,58.4125,1
2017-11-30,EUR,69.204,1
2017-11-30,GBP,78.2745,1
2017-11-30,RUB,1,1
2017-11-30,USD,58.3311,1
2017-12-01,EUR,69.5185,1
2017-12-01,GBP,78.8974,1
2017-12-01,RUB,1,1
2017-12-01,USD,58.5814,1
2017-12-02,EUR,69.7478,1
2017-12-02,GBP,79.1342,1
2017-12-02,RUB,1,1
2017-12-02,USD,58.5182,1
2017-12-03,EUR,69.7478,1
2017-12-03,GBP,79.1342,1
2017-12-03,RUB,1,1
2017-12-03,USD,58.5182,1
2017-12-04,EUR,69.7478,1
2017-12-04,GBP,79.1342,1
2017-12-04,RUB,1,1
2017-12-04,USD,58.5182,1
2017-12-05,EUR,69.9104,1
2017-12-05,GBP,79.3666,1
2017-12-05,RUB,1,1
2017-12-05,USD,58.9911,1
2017-12-06,EUR,69.6327,1
2017-12-06,GBP,78.5598,1
2017-12-06,RUB,1,1
2017-12-06,USD,58.6924,1
2017-12-07,EUR,69.706,1
2017-12-07,GBP,78.9637,1
2017-12-07,RUB,1,1
2017-12-07,USD,58.9281,1
2017-12-08,EUR,69.9323,1
2017-12-08,GBP,79.3246,1
2017-12-08,RUB,1,1
2017-12-08,USD,59.2948,1
2017-12-09,EUR,69.6434,1
2017-12-09,GBP,80.0532,1
2017-12-09,RUB,1,1
2017-12-09,USD,59.2811,1
2017-12-10,EUR,69.6434,1
2017-12-10,GBP,80.0532,1
2017-12-10,RUB,1,1
2017-12-10,USD,59.2811,1
2017-12-11,EUR,69.6434,1
2017-12-11,GBP,80.0532,1
2017-12-11,RUB,1,1
2017-12-11,USD,59.2811,1
2017-12-12,EUR,69.8023,1
2017-12-12,GBP,79.2147,1
2017-12-12,RUB,1,1
2017-12-12,USD,59.2348,1
2017-12-13,EUR,69.2982,1
2017-12-13,GBP,78.6062,1
2017-12-13,RUB,1,1
2017-12-13,USD,58.837,1
2017-12-14,EUR,69.4653,1
2017-12-14,GBP,78.7688,1
2017-12-14,RUB,1,1
2017-12-14,USD,59.1446,1
2017-12-15,EUR,69.4048,1
2017-12-15,GBP,78.8745,1
2017-12-15,RUB,1,1
2017-12-15,USD,58.7082,1
2017-12-16,EUR,69.4298,1
2017-12-16,GBP,79.0892,1
2017-12-16,RUB,1,1
2017-12-16,USD,58.8987,1
2017-12-17,EUR,69.4298,1
2017-12-17,GBP,79.0892,1
2017-12-17,RUB,1,1
2017-12-17,USD,58.8987,1
2017-12-18,EUR,69.4298,1
2017-12-18,GBP,79.0892,1
2017-12-18,RUB,1,1
2017-12-18,USD,58.8987,1
2017-12-19,EUR,69.0946,1
2017-12-19,GBP,78.3448,1
2017-12-19,RUB,1,1
2017-12-19,USD,58.694,1
2017-12-20,EUR,69.1735,1
2017-12-20,GBP,78.4752,1
2017-12-20,RUB,1,1
2017-12-20,USD,58.6117,1
2017-12-21,EUR,69.5033,1
2017-12-21,GBP,78.5927,1
2017-12-21,RUB,1,1
2017-12-21,USD,58.717,1
2017-12-22,EUR,69.522,1
2017-12-22,GBP,78.2766,1
2017-12-22,RUB,1,1
2017-12-22,USD,58.5596,1
2017-12-23,EUR,69.1268,1
2017-12-23,GBP,77.9966,1
2017-12-23,RUB,1,1
2017-12-23,USD,58.3152,1
2017-12-24,EUR,69.1268,1
2017-12-24,GBP,77.9966,1
2017-12-24,RUB,1,1
2017-12-24,USD,58.3152,1
2017-12-25,EUR,69.1268,1
2017-12-25,GBP,77.9966,1
2017-12-25,RUB,1,1
2017-12-25,USD,58.3152,1
2017-12-26,EUR,69.0937,1
2017-12-26,GBP,77.8759,1
2017-12-26,RUB,1,1
2017-12-26,USD,58.1989,1
2017-12-27,EUR,68.5422,1
2017-12-27,GBP,77.2196,1
2017-12-27,RUB,1,1
2017-12-27,USD,57.7343,1
2017-12-28,EUR,68.2328,1
2017-12-28,GBP,76.9429,1
2017-12-28,RUB,1,1
2017-12-28,USD,57.4544,1
2017-12-29,EUR,68.7861,1
2017-12-29,GBP,77.5284,1
2017-12-29,RUB,1,1
2017-12-29,USD,57.6291,1
2017-12-30,EUR,68.8668,1
2017-12-30,GBP,77.6739,1
2017-12-30,RUB,1,1
2017-12-30,USD,57.6002,1
2017-12-31,EUR,68.8668,1
2017-12-31,GBP,77.6739,1
2017-12-31,RUB,1,1
2017-12-31,USD,57.6002,1
2018-01-01,EUR,68.8668,1
2018-01-01,GBP,77.6739,1
2018-01-01,RUB,1,1
2018-01-01,USD,57.6002,1
2018-01-02,EUR,68.8668,1
2018-01-02,GBP,77.6739,1
2018-01-02,RUB,1,1
2018-01-02,USD,57.6002,1
2018-01-03,EUR,68.8668,1
2018-01-03,GBP,77.6739,1
2018-01-03,RUB,1,1
2018-01-03,USD,57.6002,1
2018-01-04,EUR,68.8668,1
2018-01-04,GBP,77.6739,1
2018-01-04,RUB,1,1
2018-01-04,USD,57.6002,1
2018-01-05,EUR,68.8668,1
2018-01-05,GBP,77.6739,1
2018-01-05,RUB,1,1
2018-01-05,USD,57.6002,1
2018-01-06,EUR,68.8668,1
2018-01-06,GBP,77.6739,1
2018-01-06,RUB,1,1
2018-01-06,USD,57.6002,1
2018-01-07,EUR,68.8668,1
2018-01-07,GBP,77.6739,1
2018-01-07,RUB,1,1
2018-01-07,USD,57.6002,1
2018-01-08,EUR,68.8668,1
2018-01-08,GBP,77.6739,1
2018-01-08,RUB,1,1
2018-01-08,USD,57.6002,1
2018-01-09,EUR,68.8668,1
2018-01-09,GBP,77.6739,1
2018-01-09,RUB,1,1
2018-01-09,USD,57.6002,1
2018-01-10,EUR,68.2103,1
2018-01-10,GBP,77.2122,1
2018-01-10,RUB,1,1
2018-01-10,USD,57.0463,1
2018-01-11,EUR,67.8841,1
2018-01-11,GBP,76.8644,1
2018-01-11,RUB,1,1
2018-01-11,USD,56.8734,1
2018-01-12,EUR,68.0586,1
2018-01-12,GBP,76.8188,1
2018-01-12,RUB,1,1
2018-01-12,USD,56.9957,1
2018-01-13,EUR,68.2562,1
2018-01-13,GBP,76.7465,1
2018-01-13,RUB,1,1
2018-01-13,USD,56.6019,1
2018-01-14,EUR,68.2562,1
2018-01-14,GBP,76.7465,1
2018-01-14,RUB,1,1
2018-01-14,USD,56.6019,1
2018-01-15,EUR,68.2562,1
2018-01-15,GBP,76.7465,1
2018-01-15,RUB,1,1
2018-01-15,USD,56.6019,1
2018-01-16,EUR,68.8174,1
2018-01-16,GBP,77.5076,1
2018-01-16,RUB,1,1
2018-01-16,USD,56.3569,1
2018-01-17,EUR,69.0243,1
2018-01-17,GBP,77.7588,1
2018-01-17,RUB,1,1
2018-01-17,USD,56.3878,1
2018-01-18,EUR,69.173,1
2018-01-18,GBP,77.9562,1
2018-01-18,RUB,1,1
2018-01-18,USD,56.5925,1
2018-01-19,EUR,69.2582,1
2018-01-19,GBP,78.5497,1
2018-01-19,RUB,1,1
2018-01-19,USD,56.7597,1
2018-01-20,EUR,69.3953,1
2018-01-20,GBP,78.8231,1
2018-01-20,RUB,1,1
2018-01-20,USD,56.5892,1
2018-01-21,EUR,69.3953,1
2018-01-21,GBP,78.8231,1
2018-01-21,RUB,1,1
2018-01-21,USD,56.5892,1
2018-01-22,EUR,69.3953,1
2018-01-22,GBP,78.8231,1
2018-01-22,RUB,1,1
2018-01-22,USD,56.5892,1
2018-01-23,EUR,69.265,1
2018-01-23,GBP,78.665,1
2018-01-23,RUB,1,1
2018-01-23,USD,56.6261,1
2018-01-24,EUR,69.0702,1
2018-01-24,GBP,78.694,1
2018-01-24,RUB,1,1
2018-01-24,USD,56.4115,1
2018-01-25,EUR,69.4484,1
2018-01-25,GBP,79.2037,1
2018-01-25,RUB,1,1
2018-01-25,USD,56.3888,1
2018-01-26,EUR,69.458,1
2018-01-26,GBP,79.7097,1
2018-01-26,RUB,1,1
2018-01-26,USD,55.9288,1
2018-01-27,EUR,69.6073,1
2018-01-27,GBP,79.4555,1
2018-01-27,RUB,1,1
2018-01-27,USD,55.8288,1
2018-01-28,EUR,69.6073,1
2018-01-28,GBP,79.4555,1
2018-01-28,RUB,1,1
2018-01-28,USD,55.8288,1
2018-01-29,EUR,69.6073,1
2018-01-29,GBP,79.4555,1
2018-01-29,RUB,1,1
2018-01-29,USD,55.8288,1
2018-01-30,EUR,69.8513,1
2018-01-30,GBP,79.522,1
2018-01-30,RUB,1,1
2018-01-30,USD,56.2908,1
2018-01-31,EUR,69.5424,1
2018-01-31,GBP,78.8417,1
2018-01-31,RUB,1,1
2018-01-31,USD,56.2914,1
2018-02-01,EUR,69.9322,1
2018-02-01,GBP,79.7026,1
2018-02-01,RUB,1,1
2018-02-01,USD,56.184,1
2018-02-02,EUR,69.7921,1
2018-02-02,GBP,80.1836,1
2018-02-02,RUB,1,1
2018-02-02,USD,56.2613,1
2018-02-03,EUR,70.0958,1
2018-02-03,GBP,79.8357,1
2018-02-03,RUB,1,1
2018-02-03,USD,56.0408,1
2018-02-04,EUR,70.0958,1
2018-02-04,GBP,79.8357,1
2018-02-04,RUB,1,1
2018-02-04,USD,56.0408,1
2018-02-05,EUR,70.0958,1
2018-02-05,GBP,79.8357,1
2018-02-05,RUB,1,1
2018-02-05,USD,56.0408,1
2018-02-06,EUR,70.4959,1
2018-02-06,GBP,79.9301,1
2018-02-06,RUB,1,1
2018-02-06,USD,56.6278,1
2018-02-07,EUR,70.9294,1
2018-02-07,GBP,79.9701,1
2018-02-07,RUB,1,1
2018-02-07,USD,57.2196,1
2018-02-08,EUR,70.531,1
2018-02-08,GBP,79.353,1
2018-02-08,RUB,1,1
2018-02-08,USD,56.9533,1
2018-02-09,EUR,70.7713,1
2018-02-09,GBP,79.9241,1
2018-02-09,RUB,1,1
2018-02-09,USD,57.6736,1
2018-02-10,EUR,71.3943,1
2018-02-10,GBP,81.1555,1
2018-02-10,RUB,1,1
2018-02-10,USD,58.1718,1
2018-02-11,EUR,71.3943,1
2018-02-11,GBP,81.1555,1
2018-02-11,RUB,1,1
2018-02-11,USD,58.1718,1
2018-02-12,EUR,71.3943,1
2018-02-12,GBP,81.1555,1
2018-02-12,RUB,1,1
2018-02-12,USD,58.1718,1
2018-02-13,EUR,71.245,1
2018-02-13,GBP,80.3131,1
2018-02-13,RUB,1,1
2018-02-13,USD,58.0171,1
2018-02-14,EUR,71.167,1
2018-02-14,GBP,80.0982,1
2018-02-14,RUB,1,1
2018-02-14,USD,57.7701,1
2018-02-15,EUR,71.2329,1
2018-02-15,GBP,79.9578,1
2018-02-15,RUB,1,1
2018-02-15,USD,57.5899,1
2018-02-16,EUR,70.6718,1
2018-02-16,GBP,79.5115,1
2018-02-16,RUB,1,1
2018-02-16,USD,56.5918,1
2018-02-17,EUR,70.6471,1
2018-02-17,GBP,79.6189,1
2018-02-17,RUB,1,1
2018-02-17,USD,56.3554,1
2018-02-18,EUR,70.6471,1
2018-02-18,GBP,79.6189,1
2018-02-18,RUB,1,1
2018-02-18,USD,56.3554,1
2018-02-19,EUR,70.6471,1
2018-02-19,GBP,79.6189,1
2018-02-19,RUB,1,1
2018-02-19,USD,56.3554,1
2018-02-20,EUR,69.9001,1
2018-02-20,GBP,78.9602,1
2018-02-20,RUB,1,1
2018-02-20,USD,56.3438,1
2018-02-21,EUR,69.8928,1
2018-02-21,GBP,78.8851,1
2018-02-21,RUB,1,1
2018-02-21,USD,56.5201,1
2018-02-22,EUR,69.8087,1
2018-02-22,GBP,79.0489,1
2018-02-22,RUB,1,1
2018-02-22,USD,56.6537,1
2018-02-23,EUR,69.6341,1
2018-02-23,GBP,78.8805,1
2018-02-23,RUB,1,1
2018-02-23,USD,56.7608,1
2018-02-24,EUR,69.6341,1
2018-02-24,GBP,78.8805,1
2018-02-24,RUB,1,1
2018-02-24,USD,56.7608,1
2018-02-25,EUR,69.6341,1
2018-02-25,GBP,78.8805,1
2018-02-25,RUB,1,1
2018-02-25,USD,56.7608,1
2018-02-26,EUR,69.6341,1
2018-02-26,GBP,78.8805,1
2018-02-26,RUB,1,1
2018-02-26,USD,56.7608,1
2018-02-27,EUR,68.9224,1
2018-02-27,GBP,78.5296,1
2018-02-27,RUB,1,1
2018-02-27,USD,55.9208,1
2018-02-28,EUR,68.6599,1
2018-02-28,GBP,77.8624,1
2018-02-28,RUB,1,1
2018-02-28,USD,55.6717,1
2018-03-01,EUR,68.9062,1
2018-03-01,GBP,78.2361,1
2018-03-01,RUB,1,1
2018-03-01,USD,56.3742,1
2018-03-02,EUR,68.8826,1
2018-03-02,GBP,77.6919,1
2018-03-02,RUB,1,1
2018-03-02,USD,56.4334,1
2018-03-03,EUR,69.4671,1
2018-03-03,GBP,77.989,1
2018-03-03,RUB,1,1
2018-03-03,USD,56.6616,1
2018-03-04,EUR,69.4671,1
2018-03-04,GBP,77.989,1
2018-03-04,RUB,1,1
2018-03-04,USD,56.6616,1
2018-03-05,EUR,69.4671,1
2018-03-05,GBP,77.989,1
2018-03-05,RUB,1,1
2018-03-05,USD,56.6616,1
2018-03-06,EUR,70.1702,1
2018-03-06,GBP,78.7295,1
2018-03-06,RUB,1,1
2018-03-06,USD,57.1,1
2018-03-07,EUR,69.7317,1
2018-03-07,GBP,78.1734,1
2018-03-07,RUB,1,1
2018-03-07,USD,56.5041,1
2018-03-08,EUR,70.5299,1
2018-03-08,GBP,78.8002,1
2018-03-08,RUB,1,1
2018-03-08,USD,56.8011,1
2018-03-09,EUR,70.5299,1
2018-03-09,GBP,78.8002,1
2018-03-09,RUB,1,1
2018-03-09,USD,56.8011,1
2018-03-10,EUR,70.5299,1
2018-03-10,GBP,78.8002,1
2018-03-10,RUB,1,1
2018-03-10,USD,56.8011,1
2018-03-11,EUR,70.5299,1
2018-03-11,GBP,78.8002,1
2018-03-11,RUB,1,1
2018-03-11,USD,56.8011,1
2018-03-12,EUR,70.5299,1
2018-03-12,GBP,78.8002,1
2018-03-12,RUB,1,1
2018-03-12,USD,56.8011,1
2018-03-13,EUR,69.7972,1
2018-03-13,GBP,78.5211,1
2018-03-13,RUB,1,1
2018-03-13,USD,56.6122,1
2018-03-14,EUR,70.1564,1
2018-03-14,GBP,79.1181,1
2018-03-14,RUB,1,1
2018-03-14,USD,56.9359,1
2018-03-15,EUR,70.5338,1
2018-03-15,GBP,79.4103,1
2018-03-15,RUB,1,1
2018-03-15,USD,56.9372,1
2018-03-16,EUR,70.5151,1
2018-03-16,GBP,79.7009,1
2018-03-16,RUB,1,1
2018-03-16,USD,57.0188,1
2018-03-17,EUR,70.8099,1
2018-03-17,GBP,80.2044,1
2018-03-17,RUB,1,1
2018-03-17,USD,57.4942,1
2018-03-18,EUR,70.8099,1
2018-03-18,GBP,80.2044,1
2018-03-18,RUB,1,1
2018-03-18,USD,57.4942,1
2018-03-19,EUR,70.8099,1
2018-03-19,GBP,80.2044,1
2018-03-19,RUB,1,1
2018-03-19,USD,57.4942,1
2018-03-20,EUR,70.6049,1
2018-03-20,GBP,80.1701,1
2018-03-20,RUB,1,1
2018-03-20,USD,57.5521,1
2018-03-21,EUR,71.2347,1
2018-03-21,GBP,81.0847,1
2018-03-21,RUB,1,1
2018-03-21,USD,57.7033,1
2018-03-22,EUR,70.5699,1
2018-03-22,GBP,80.7178,1
2018-03-22,RUB,1,1
2018-03-22,USD,57.4954,1
2018-03-23,EUR,70.31,1
2018-03-23,GBP,80.524,1
2018-03-23,RUB,1,1
2018-03-23,USD,56.8391,1
2018-03-24,EUR,70.4303,1
2018-03-24,GBP,80.6068,1
2018-03-24,RUB,1,1
2018-03-24,USD,57.1072,1
2018-03-25,EUR,70.4303,1
2018-03-25,GBP,80.6068,1
2018-03-25,RUB,1,1
2018-03-25,USD,57.1072,1
2018-03-26,EUR,70.4303,1
2018-03-26,GBP,80.6068,1
2018-03-26,RUB,1,1
2018-03-26,USD,57.1072,1
2018-03-27,EUR,70.5708,1
2018-03-27,GBP,80.8657,1
2018-03-27,RUB,1,1
2018-03-27,USD,57.0039,1
2018-03-28,EUR,71.2625,1
2018-03-28,GBP,81.0451,1
2018-03-28,RUB,1,1
2018-03-28,USD,57.1747,1
2018-03-29,EUR,71.3339,1
2018-03-29,GBP,81.5795,1
2018-03-29,RUB,1,1
2018-03-29,USD,57.5598,1
2018-03-30,EUR,71.0942,1
2018-03-30,GBP,81.1853,1
2018-03-30,RUB,1,1
2018-03-30,USD,57.7626,1
2018-03-31,EUR,70.5618,1
2018-03-31,GBP,80.4915,1
2018-03-31,RUB,1,1
2018-03-31,USD,57.2649,1
2018-04-01,EUR,70.5618,1
2018-04-01,GBP,80.4915,1
2018-04-01,RUB,1,1
2018-04-01,USD,57.2649,1
2018-04-02,EUR,70.5618,1
2018-04-02,GBP,80.4915,1
2018-04-02,RUB,1,1
2018-04-02,USD,57.2649,1
2018-04-03,EUR,70.6038,1
2018-04-03,GBP,80.5656,1
2018-04-03,RUB,1,1
2018-04-03,USD,57.285,1
2018-04-04,EUR,70.9207,1
2018-04-04,GBP,81.0128,1
2018-04-04,RUB,1,1
2018-04-04,USD,57.5375,1
2018-04-05,EUR,70.958,1
2018-04-05,GBP,81.3499,1
2018-04-05,RUB,1,1
2018-04-05,USD,57.7646,1
2018-04-06,EUR,70.5926,1
2018-04-06,GBP,80.8763,1
2018-04-06,RUB,1,1
2018-04-06,USD,57.5796,1
2018-04-07,EUR,70.7069,1
2018-04-07,GBP,80.9838,1
2018-04-07,RUB,1,1
2018-04-07,USD,57.8332,1
2018-04-08,EUR,70.7069,1
2018-04-08,GBP,80.9838,1
2018-04-08,RUB,1,1
2018-04-08,USD,57.8332,1
2018-04-09,EUR,70.7069,1
2018-04-09,GBP,80.9838,1
2018-04-09,RUB,1,1
2018-04-09,USD,57.8332,1
2018-04-10,EUR,71.8847,1
2018-04-10,GBP,82.6325,1
2018-04-10,RUB,1,1
2018-04-10,USD,58.5714,1
2018-04-11,EUR,76.8522,1
2018-04-11,GBP,88.2971,1
2018-04-11,RUB,1,1
2018-04-11,USD,62.3699,1
2018-04-12,EUR,79.2839,1
2018-04-12,GBP,91.0714,1
2018-04-12,RUB,1,1
2018-04-12,USD,64.0626,1
2018-04-13,EUR,76.7569,1
2018-04-13,GBP,87.9846,1
2018-04-13,RUB,1,1
2018-04-13,USD,62.0659,1
2018-04-14,EUR,75.7507,1
2018-04-14,GBP,87.7543,1
2018-04-14,RUB,1,1
2018-04-14,USD,61.4311,1
2018-04-15,EUR,75.7507,1
2018-04-15,GBP,87.7543,1
2018-04-15,RUB,1,1
2018-04-15,USD,61.4311,1
2018-04-16,EUR,75.7507,1
2018-04-16,GBP,87.7543,1
2018-04-16,RUB,1,1
2018-04-16,USD,61.4311,1
2018-04-17,EUR,76.8403,1
2018-04-17,GBP,88.8852,1
2018-04-17,RUB,1,1
2018-04-17,USD,62.2794,1
2018-04-18,EUR,75.8448,1
2018-04-18,GBP,87.8415,1
2018-04-18,RUB,1,1
2018-04-18,USD,61.1454,1
2018-04-19,EUR,76.0868,1
2018-04-19,GBP,87.8559,1
2018-04-19,RUB,1,1
2018-04-19,USD,61.5539,1
2018-04-20,EUR,75.4034,1
2018-04-20,GBP,86.3701,1
2018-04-20,RUB,1,1
2018-04-20,USD,60.8583,1
2018-04-21,EUR,75.6532,1
2018-04-21,GBP,86.1945,1
2018-04-21,RUB,1,1
2018-04-21,USD,61.3222,1
2018-04-22,EUR,75.6532,1
2018-04-22,GBP,86.1945,1
2018-04-22,RUB,1,1
2018-04-22,USD,61.3222,1
2018-04-23,EUR,75.6532,1
2018-04-23,GBP,86.1945,1
2018-04-23,RUB,1,1
2018-04-23,USD,61.3222,1
2018-04-24,EUR,75.7924,1
2018-04-24,GBP,86.5211,1
2018-04-24,RUB,1,1
2018-04-24,USD,61.7655,1
2018-04-25,EUR,75.2121,1
2018-04-25,GBP,85.9232,1
2018-04-25,RUB,1,1
2018-04-25,USD,61.6644,1
2018-04-26,EUR,75.3281,1
2018-04-26,GBP,86.1589,1
2018-04-26,RUB,1,1
2018-04-26,USD,61.7494,1
2018-04-27,EUR,76.1812,1
2018-04-27,GBP,87.143,1
2018-04-27,RUB,1,1
2018-04-27,USD,62.6027,1
2018-04-28,EUR,75.7605,1
2018-04-28,GBP,87.0762,1
2018-04-28,RUB,1,1
2018-04-28,USD,62.726,1
2018-04-29,EUR,75.2056,1
2018-04-29,GBP,85.4852,1
2018-04-29,RUB,1,1
2018-04-29,USD,61.9997,1
2018-04-30,EUR,75.2056,1
2018-04-30,GBP,85.4852,1
2018-04-30,RUB,1,1
2018-04-30,USD,61.9997,1
2018-05-01,EUR,75.2056,1
2018-05-01,GBP,85.4852,1
2018-05-01,RUB,1,1
2018-05-01,USD,61.9997,1
2018-05-02,EUR,75.2056,1
2018-05-02,GBP,85.4852,1
2018-05-02,RUB,1,1
2018-05-02,USD,61.9997,1
2018-05-03,EUR,75.2056,1
2018-05-03,GBP,85.4852,1
2018-05-03,RUB,1,1
2018-05-03,USD,61.9997,1
2018-05-04,EUR,76.1261,1
2018-05-04,GBP,86.4616,1
2018-05-04,RUB,1,1
2018-05-04,USD,63.486,1
2018-05-05,EUR,75.6392,1
2018-05-05,GBP,85.7008,1
2018-05-05,RUB,1,1
2018-05-05,USD,63.2012,1
2018-05-06,EUR,75.6392,1
2018-05-06,GBP,85.7008,1
2018-05-06,RUB,1,1
2018-05-06,USD,63.2012,1
2018-05-07,EUR,75.6392,1
2018-05-07,GBP,85.7008,1
2018-05-07,RUB,1,1
2018-05-07,USD,63.2012,1
2018-05-08,EUR,74.8125,1
2018-05-08,GBP,84.9158,1
2018-05-08,RUB,1,1
2018-05-08,USD,62.7148,1
2018-05-09,EUR,75.0409,1
2018-05-09,GBP,85.1093,1
2018-05-09,RUB,1,1
2018-05-09,USD,63.0066,1
2018-05-10,EUR,75.0409,1
2018-05-10,GBP,85.1093,1
2018-05-10,RUB,1,1
2018-05-10,USD,63.0066,1
2018-05-11,EUR,74.1772,1
2018-05-11,GBP,84.631,1
2018-05-11,RUB,1,1
2018-05-11,USD,62.5229,1
2018-05-12,EUR,73.5145,1
2018-05-12,GBP,83.5033,1
2018-05-12,RUB,1,1
2018-05-12,USD,61.7354,1
2018-05-13,EUR,73.5145,1
2018-05-13,GBP,83.5033,1
2018-05-13,RUB,1,1
2018-05-13,USD,61.7354,1
2018-05-14,EUR,73.5145,1
2018-05-14,GBP,83.5033,1
2018-05-14,RUB,1,1
2018-05-14,USD,61.7354,1
2018-05-15,EUR,73.943,1
2018-05-15,GBP,83.9124,1
2018-05-15,RUB,1,1
2018-05-15,USD,61.7684,1
2018-05-16,EUR,73.8601,1
2018-05-16,GBP,83.7667,1
2018-05-16,RUB,1,1
2018-05-16,USD,61.9164,1
2018-05-17,EUR,73.7796,1
2018-05-17,GBP,84.0596,1
2018-05-17,RUB,1,1
2018-05-17,USD,62.3033,1
2018-05-18,EUR,73.0236,1
2018-05-18,GBP,83.6569,1
2018-05-18,RUB,1,1
2018-05-18,USD,61.8215,1
2018-05-19,EUR,73.1769,1
2018-05-19,GBP,83.6139,1
2018-05-19,RUB,1,1
2018-05-19,USD,61.9408,1
2018-05-20,EUR,73.1769,1
2018-05-20,GBP,83.6139,1
2018-05-20,RUB,1,1
2018-05-20,USD,61.9408,1
2018-05-21,EUR,73.1769,1
2018-05-21,GBP,83.6139,1
2018-05-21,RUB,1,1
2018-05-21,USD,61.9408,1
2018-05-22,EUR,73.3321,1
2018-05-22,GBP,83.9189,1
2018-05-22,RUB,1,1
2018-05-22,USD,62.5327,1
2018-05-23,EUR,72.239,1
2018-05-23,GBP,82.5553,1
2018-05-23,RUB,1,1
2018-05-23,USD,61.261,1
2018-05-24,EUR,72.1826,1
2018-05-24,GBP,82.4874,1
2018-05-24,RUB,1,1
2018-05-24,USD,61.5945,1
2018-05-25,EUR,72.0082,1
2018-05-25,GBP,82.1959,1
2018-05-25,RUB,1,1
2018-05-25,USD,61.409,1
2018-05-26,EUR,72.1183,1
2018-05-26,GBP,82.3055,1
2018-05-26,RUB,1,1
2018-05-26,USD,61.6659,1
2018-05-27,EUR,72.1183,1
2018-05-27,GBP,82.3055,1
2018-05-27,RUB,1,1
2018-05-27,USD,61.6659,1
2018-05-28,EUR,72.1183,1
2018-05-28,GBP,82.3055,1
2018-05-28,RUB,1,1
2018-05-28,USD,61.6659,1
2018-05-29,EUR,72.8322,1
2018-05-29,GBP,82.9574,1
2018-05-29,RUB,1,1
2018-05-29,USD,62.271,1
2018-05-30,EUR,72.5269,1
2018-05-30,GBP,82.819,1
2018-05-30,RUB,1,1
2018-05-30,USD,62.642,1
2018-05-31,EUR,72.5211,1
2018-05-31,GBP,83.0556,1
2018-05-31,RUB,1,1
2018-05-31,USD,62.5937,1
2018-06-01,EUR,72.5806,1
2018-06-01,GBP,82.6897,1
2018-06-01,RUB,1,1
2018-06-01,USD,62.0188,1
2018-06-02,EUR,72.7183,1
2018-06-02,GBP,82.5904,1
2018-06-02,RUB,1,1
2018-06-02,USD,62.2056,1
2018-06-03,EUR,72.7183,1
2018-06-03,GBP,82.5904,1
2018-06-03,RUB,1,1
2018-06-03,USD,62.2056,1
2018-06-04,EUR,72.7183,1
2018-06-04,GBP,82.5904,1
2018-06-04,RUB,1,1
2018-06-04,USD,62.2056,1
2018-06-05,EUR,72.4384,1
2018-06-05,GBP,82.7248,1
2018-06-05,RUB,1,1
2018-06-05,USD,61.929,1
2018-06-06,EUR,72.513,1
2018-06-06,GBP,82.6781,1
2018-06-06,RUB,1,1
2018-06-06,USD,61.9822,1
2018-06-07,EUR,72.8637,1
2018-06-07,GBP,83.194,1
2018-06-07,RUB,1,1
2018-06-07,USD,62.0064,1
2018-06-08,EUR,73.0686,1
2018-06-08,GBP,83.2244,1
2018-06-08,RUB,1,1
2018-06-08,USD,61.8125,1
2018-06-09,EUR,73.7916,1
2018-06-09,GBP,84.0065,1
2018-06-09,RUB,1,1
2018-06-09,USD,62.668,1
2018-06-10,EUR,73.3654,1
2018-06-10,GBP,83.6395,1
2018-06-10,RUB,1,1
2018-06-10,USD,62.3431,1
2018-06-11,EUR,73.3654,1
2018-06-11,GBP,83.6395,1
2018-06-11,RUB,1,1
2018-06-11,USD,62.3431,1
2018-06-12,EUR,73.3654,1
2018-06-12,GBP,83.6395,1
2018-06-12,RUB,1,1
2018-06-12,USD,62.3431,1
2018-06-13,EUR,73.3654,1
2018-06-13,GBP,83.6395,1
2018-06-13,RUB,1,1
2018-06-13,USD,62.3431,1
2018-06-14,EUR,74.1365,1
2018-06-14,GBP,84.1531,1
2018-06-14,RUB,1,1
2018-06-14,USD,63.1164,1
2018-06-15,EUR,73.5621,1
2018-06-15,GBP,83.485,1
2018-06-15,RUB,1,1
2018-06-15,USD,62.2511,1
2018-06-16,EUR,72.5329,1
2018-06-16,GBP,83.1455,1
2018-06-16,RUB,1,1
2018-06-16,USD,62.6851,1
2018-06-17,EUR,72.5329,1
2018-06-17,GBP,83.1455,1
2018-06-17,RUB,1,1
2018-06-17,USD,62.6851,1
2018-06-18,EUR,72.5329,1
2018-06-18,GBP,83.1455,1
2018-06-18,RUB,1,1
2018-06-18,USD,62.6851,1
2018-06-19,EUR,73.4825,1
2018-06-19,GBP,84.0145,1
2018-06-19,RUB,1,1
2018-06-19,USD,63.4838,1
2018-06-20,EUR,74.1847,1
2018-06-20,GBP,84.4869,1
2018-06-20,RUB,1,1
2018-06-20,USD,64.0683,1
2018-06-21,EUR,73.6118,1
2018-06-21,GBP,83.6888,1
2018-06-21,RUB,1,1
2018-06-21,USD,63.6175,1
2018-06-22,EUR,73.6871,1
2018-06-22,GBP,83.8229,1
2018-06-22,RUB,1,1
2018-06-22,USD,63.7873,1
2018-06-23,EUR,73.7247,1
2018-06-23,GBP,84.0644,1
2018-06-23,RUB,1,1
2018-06-23,USD,63.2396,1
2018-06-24,EUR,73.7247,1
2018-06-24,GBP,84.0644,1
2018-06-24,RUB,1,1
2018-06-24,USD,63.2396,1
2018-06-25,EUR,73.7247,1
2018-06-25,GBP,84.0644,1
2018-06-25,RUB,1,1
2018-06-25,USD,63.2396,1
2018-06-26,EUR,73.3112,1
2018-06-26,GBP,83.4839,1
2018-06-26,RUB,1,1
2018-06-26,USD,62.9497,1
2018-06-27,EUR,73.4087,1
2018-06-27,GBP,83.2732,1
2018-06-27,RUB,1,1
2018-06-27,USD,62.7908,1
2018-06-28,EUR,73.6038,1
2018-06-28,GBP,83.3457,1
2018-06-28,RUB,1,1
2018-06-28,USD,63.1359,1
2018-06-29,EUR,73.0884,1
2018-06-29,GBP,82.7656,1
2018-06-29,RUB,1,1
2018-06-29,USD,63.291,1
2018-06-30,EUR,72.9921,1
2018-06-30,GBP,82.3491,1
2018-06-30,RUB,1,1
2018-06-30,USD,62.7565,1
2018-07-01,EUR,72.9921,1
2018-07-01,GBP,82.3491,1
2018-07-01,RUB,1,1
2018-07-01,USD,62.7565,1
2018-07-02,EUR,72.9921,1
2018-07-02,GBP,82.3491,1
2018-07-02,RUB,1,1
2018-07-02,USD,62.7565,1
2018-07-03,EUR,73.469,1
2018-07-03,GBP,83.0915,1
2018-07-03,RUB,1,1
2018-07-03,USD,63.1394,1
2018-07-04,EUR,73.7012,1
2018-07-04,GBP,83.3358,1
2018-07-04,RUB,1,1
2018-07-04,USD,63.2194,1
2018-07-05,EUR,73.7097,1
2018-07-05,GBP,83.2949,1
2018-07-05,RUB,1,1
2018-07-05,USD,63.2267,1
2018-07-06,EUR,73.9641,1
2018-07-06,GBP,83.7125,1
2018-07-06,RUB,1,1
2018-07-06,USD,63.2604,1
2018-07-07,EUR,73.9028,1
2018-07-07,GBP,83.6046,1
2018-07-07,RUB,1,1
2018-07-07,USD,63.1216,1
2018-07-08,EUR,73.9028,1
2018-07-08,GBP,83.6046,1
2018-07-08,RUB,1,1
2018-07-08,USD,63.1216,1
2018-07-09,EUR,73.9028,1
2018-07-09,GBP,83.6046,1
2018-07-09,RUB,1,1
2018-07-09,USD,63.1216,1
2018-07-10,EUR,73.9365,1
2018-07-10,GBP,83.9271,1
2018-07-10,RUB,1,1
2018-07-10,USD,62.8338,1
2018-07-11,EUR,73.347,1
2018-07-11,GBP,82.9883,1
2018-07-11,RUB,1,1
2018-07-11,USD,62.4442,1
2018-07-12,EUR,72.8472,1
2018-07-12,GBP,82.4351,1
2018-07-12,RUB,1,1
2018-07-12,USD,62.098,1
2018-07-13,EUR,72.6817,1
2018-07-13,GBP,82.2428,1
2018-07-13,RUB,1,1
2018-07-13,USD,62.2062,1
2018-07-14,EUR,72.4659,1
2018-07-14,GBP,81.7788,1
2018-07-14,RUB,1,1
2018-07-14,USD,62.2934,1
2018-07-15,EUR,72.4659,1
2018-07-15,GBP,81.7788,1
2018-07-15,RUB,1,1
2018-07-15,USD,62.2934,1
2018-07-16,EUR,72.4659,1
2018-07-16,GBP,81.7788,1
2018-07-16,RUB,1,1
2018-07-16,USD,62.2934,1
2018-07-17,EUR,72.7955,1
2018-07-17,GBP,82.47,1
2018-07-17,RUB,1,1
2018-07-17,USD,62.2556,1
2018-07-18,EUR,73.2427,1
2018-07-18,GBP,82.6954,1
2018-07-18,RUB,1,1
2018-07-18,USD,62.4352,1
2018-07-19,EUR,73.1345,1
2018-07-19,GBP,82.2866,1
2018-07-19,RUB,1,1
2018-07-19,USD,62.9006,1
2018-07-20,EUR,73.4808,1
2018-07-20,GBP,82.3899,1
2018-07-20,RUB,1,1
2018-07-20,USD,63.2746,1
2018-07-21,EUR,73.9327,1
2018-07-21,GBP,82.6688,1
2018-07-21,RUB,1,1
2018-07-21,USD,63.4888,1
2018-07-22,EUR,73.9327,1
2018-07-22,GBP,82.6688,1
2018-07-22,RUB,1,1
2018-07-22,USD,63.4888,1
2018-07-23,EUR,73.9327,1
2018-07-23,GBP,82.6688,1
2018-07-23,RUB,1,1
2018-07-23,USD,63.4888,1
2018-07-24,EUR,74.1286,1
2018-07-24,GBP,83.0834,1
2018-07-24,RUB,1,1
2018-07-24,USD,63.1957,1
2018-07-25,EUR,73.5261,1
2018-07-25,GBP,82.4424,1
2018-07-25,RUB,1,1
2018-07-25,USD,62.9235,1
2018-07-26,EUR,73.751,1
2018-07-26,GBP,82.9991,1
2018-07-26,RUB,1,1
2018-07-26,USD,63.0836,1
2018-07-27,EUR,73.8181,1
2018-07-27,GBP,83.002,1
2018-07-27,RUB,1,1
2018-07-27,USD,62.9471,1
2018-07-28,EUR,73.3442,1
2018-07-28,GBP,82.4878,1
2018-07-28,RUB,1,1
2018-07-28,USD,62.9726,1
2018-07-29,EUR,73.3442,1
2018-07-29,GBP,82.4878,1
2018-07-29,RUB,1,1
2018-07-29,USD,62.9726,1
2018-07-30,EUR,73.3442,1
2018-07-30,GBP,82.4878,1
2018-07-30,RUB,1,1
2018-07-30,USD,62.9726,1
2018-07-31,EUR,73.2021,1
2018-07-31,GBP,82.3617,1
2018-07-31,RUB,1,1
2018-07-31,USD,62.7805,1
2018-08-01,EUR,73.0738,1
2018-08-01,GBP,82.021,1
2018-08-01,RUB,1,1
2018-08-01,USD,62.3497,1
2018-08-02,EUR,73.1064,1
2018-08-02,GBP,82.0274,1
2018-08-02,RUB,1,1
2018-08-02,USD,62.559,1
2018-08-03,EUR,73.4206,1
2018-08-03,GBP,82.6574,1
2018-08-03,RUB,1,1
2018-08-03,USD,63.1358,1
2018-08-04,EUR,73.4744,1
2018-08-04,GBP,82.4089,1
2018-08-04,RUB,1,1
2018-08-04,USD,63.4549,1
2018-08-05,EUR,73.4744,1
2018-08-05,GBP,82.4089,1
2018-08-05,RUB,1,1
2018-08-05,USD,63.4549,1
2018-08-06,EUR,73.4744,1
2018-08-06,GBP,82.4089,1
2018-08-06,RUB,1,1
2018-08-06,USD,63.4549,1
2018-08-07,EUR,73.4095,1
2018-08-07,GBP,82.3118,1
2018-08-07,RUB,1,1
2018-08-07,USD,63.4975,1
2018-08-08,EUR,73.5632,1
2018-08-08,GBP,82.3638,1
2018-08-08,RUB,1,1
2018-08-08,USD,63.5425,1
2018-08-09,EUR,73.8211,1
2018-08-09,GBP,82.0884,1
2018-08-09,RUB,1,1
2018-08-09,USD,63.595,1
2018-08-10,EUR,76.825,1
2018-08-10,GBP,85.1969,1
2018-08-10,RUB,1,1
2018-08-10,USD,66.2856,1
2018-08-11,EUR,76.676,1
2018-08-11,GBP,85.3472,1
2018-08-11,RUB,1,1
2018-08-11,USD,66.9075,1
2018-08-12,EUR,76.676,1
2018-08-12,GBP,85.3472,1
2018-08-12,RUB,1,1
2018-08-12,USD,66.9075,1
2018-08-13,EUR,76.676,1
2018-08-13,GBP,85.3472,1
2018-08-13,RUB,1,1
2018-08-13,USD,66.9075,1
2018-08-14,EUR,77.6519,1
2018-08-14,GBP,87.0872,1
2018-08-14,RUB,1,1
2018-08-14,USD,68.2234,1
2018-08-15,EUR,76.2325,1
2018-08-15,GBP,85.3978,1
2018-08-15,RUB,1,1
2018-08-15,USD,66.7535,1
2018-08-16,EUR,75.2253,1
2018-08-16,GBP,84.4318,1
2018-08-16,RUB,1,1
2018-08-16,USD,66.3772,1
2018-08-17,EUR,76.0576,1
2018-08-17,GBP,84.9677,1
2018-08-17,RUB,1,1
2018-08-17,USD,66.8932,1
2018-08-18,EUR,76.1848,1
2018-08-18,GBP,85.0993,1
2018-08-18,RUB,1,1
2018-08-18,USD,66.8757,1
2018-08-19,EUR,76.1848,1
2018-08-19,GBP,85.0993,1
2018-08-19,RUB,1,1
2018-08-19,USD,66.8757,1
2018-08-20,EUR,76.1848,1
2018-08-20,GBP,85.0993,1
2018-08-20,RUB,1,1
2018-08-20,USD,66.8757,1
2018-08-21,EUR,76.7204,1
2018-08-21,GBP,85.5681,1
2018-08-21,RUB,1,1
2018-08-21,USD,67.1807,1
2018-08-22,EUR,77.3491,1
2018-08-22,GBP,86.1495,1
2018-08-22,RUB,1,1
2018-08-22,USD,67.1783,1
2018-08-23,EUR,78.1983,1
2018-08-23,GBP,87.0425,1
2018-08-23,RUB,1,1
2018-08-23,USD,67.6163,1
2018-08-24,EUR,79.2502,1
2018-08-24,GBP,88.1517,1
2018-08-24,RUB,1,1
2018-08-24,USD,68.5259,1
2018-08-25,EUR,78.4072,1
2018-08-25,GBP,87.0099,1
2018-08-25,RUB,1,1
2018-08-25,USD,67.7911,1
2018-08-26,EUR,78.4072,1
2018-08-26,GBP,87.0099,1
2018-08-26,RUB,1,1
2018-08-26,USD,67.7911,1
2018-08-27,EUR,78.4072,1
2018-08-27,GBP,87.0099,1
2018-08-27,RUB,1,1
2018-08-27,USD,67.7911,1
2018-08-28,EUR,78.2269,1
2018-08-28,GBP,86.5705,1
2018-08-28,RUB,1,1
2018-08-28,USD,67.3963,1
2018-08-29,EUR,78.76,1
2018-08-29,GBP,86.9413,1
2018-08-29,RUB,1,1
2018-08-29,USD,67.3911,1
2018-08-30,EUR,79.5594,1
2018-08-30,GBP,87.7368,1
2018-08-30,RUB,1,1
2018-08-30,USD,68.1451,1
2018-08-31,EUR,79.6765,1
2018-08-31,GBP,88.4523,1
2018-08-31,RUB,1,1
2018-08-31,USD,68.0821,1
2018-09-01,EUR,79.4966,1
2018-09-01,GBP,88.533,1
2018-09-01,RUB,1,1
2018-09-01,USD,68.0447,1
2018-09-02,EUR,79.4966,1
2018-09-02,GBP,88.533,1
2018-09-02,RUB,1,1
2018-09-02,USD,68.0447,1
2018-09-03,EUR,79.4966,1
2018-09-03,GBP,88.533,1
2018-09-03,RUB,1,1
2018-09-03,USD,68.0447,1
2018-09-04,EUR,78.6376,1
2018-09-04,GBP,87.5189,1
2018-09-04,RUB,1,1
2018-09-04,USD,67.7443,1
2018-09-05,EUR,79.02,1
2018-09-05,GBP,87.6566,1
2018-09-05,RUB,1,1
2018-09-05,USD,68.2737,1
2018-09-06,EUR,79.1362,1
2018-09-06,GBP,87.7077,1
2018-09-06,RUB,1,1
2018-09-06,USD,68.4628,1
2018-09-07,EUR,79.3685,1
2018-09-07,GBP,88.1865,1
2018-09-07,RUB,1,1
2018-09-07,USD,68.2505,1
2018-09-08,EUR,80.3562,1
2018-09-08,GBP,89.2954,1
2018-09-08,RUB,1,1
2018-09-08,USD,69.0286,1
2018-09-09,EUR,80.3562,1
2018-09-09,GBP,89.2954,1
2018-09-09,RUB,1,1
2018-09-09,USD,69.0286,1
2018-09-10,EUR,80.3562,1
2018-09-10,GBP,89.2954,1
2018-09-10,RUB,1,1
2018-09-10,USD,69.0286,1
2018-09-11,EUR,80.6702,1
2018-09-11,GBP,90.4238,1
2018-09-11,RUB,1,1
2018-09-11,USD,69.8685,1
2018-09-12,EUR,81.3942,1
2018-09-12,GBP,91.4076,1
2018-09-12,RUB,1,1
2018-09-12,USD,69.9744,1
2018-09-13,EUR,80.6488,1
2018-09-13,GBP,90.7299,1
2018-09-13,RUB,1,1
2018-09-13,USD,69.5728,1
2018-09-14,EUR,79.7699,1
2018-09-14,GBP,89.5026,1
2018-09-14,RUB,1,1
2018-09-14,USD,68.637,1
2018-09-15,EUR,79.9521,1
2018-09-15,GBP,89.6414,1
2018-09-15,RUB,1,1
2018-09-15,USD,68.2826,1
2018-09-16,EUR,79.9521,1
2018-09-16,GBP,89.6414,1
2018-09-16,RUB,1,1
2018-09-16,USD,68.2826,1
2018-09-17,EUR,79.9521,1
2018-09-17,GBP,89.6414,1
2018-09-17,RUB,1,1
2018-09-17,USD,68.2826,1
2018-09-18,EUR,79.3595,1
2018-09-18,GBP,89.2751,1
2018-09-18,RUB,1,1
2018-09-18,USD,68.1958,1
2018-09-19,EUR,79.1749,1
2018-09-19,GBP,89.0395,1
2018-09-19,RUB,1,1
2018-09-19,USD,67.7519,1
2018-09-20,EUR,78.3613,1
2018-09-20,GBP,88.2385,1
2018-09-20,RUB,1,1
2018-09-20,USD,67.0098,1
2018-09-21,EUR,77.7529,1
2018-09-21,GBP,87.7171,1
2018-09-21,RUB,1,1
2018-09-21,USD,66.4725,1
2018-09-22,EUR,78.0753,1
2018-09-22,GBP,87.6285,1
2018-09-22,RUB,1,1
2018-09-22,USD,66.2497,1
2018-09-23,EUR,78.0753,1
2018-09-23,GBP,87.6285,1
2018-09-23,RUB,1,1
2018-09-23,USD,66.2497,1
2018-09-24,EUR,78.0753,1
2018-09-24,GBP,87.6285,1
2018-09-24,RUB,1,1
2018-09-24,USD,66.2497,1
2018-09-25,EUR,77.6844,1
2018-09-25,GBP,86.8011,1
2018-09-25,RUB,1,1
2018-09-25,USD,66.1594,1
2018-09-26,EUR,77.3832,1
2018-09-26,GBP,86.4669,1
2018-09-26,RUB,1,1
2018-09-26,USD,65.8244,1
2018-09-27,EUR,77.3846,1
2018-09-27,GBP,86.5711,1
2018-09-27,RUB,1,1
2018-09-27,USD,65.7585,1
2018-09-28,EUR,77.0407,1
2018-09-28,GBP,86.3301,1
2018-09-28,RUB,1,1
2018-09-28,USD,65.8355,1
2018-09-29,EUR,76.2294,1
2018-09-29,GBP,85.7925,1
2018-09-29,RUB,1,1
2018-09-29,USD,65.5906,1
2018-09-30,EUR,76.2294,1
2018-09-30,GBP,85.7925,1
2018-09-30,RUB,1,1
2018-09-30,USD,65.5906,1
2018-10-01,EUR,76.2294,1
2018-10-01,GBP,85.7925,1
2018-10-01,RUB,1,1
2018-10-01,USD,65.5906,1
2018-10-02,EUR,75.9877,1
2018-10-02,GBP,85.5223,1
2018-10-02,RUB,1,1
2018-10-02,USD,65.5745,1
2018-10-03,EUR,75.2272,1
2018-10-03,GBP,84.6909,1
2018-10-03,RUB,1,1
2018-10-03,USD,65.2221,1
2018-10-04,EUR,75.7353,1
2018-10-04,GBP,85.0256,1
2018-10-04,RUB,1,1
2018-10-04,USD,65.4244,1
2018-10-05,EUR,76.0505,1
2018-10-05,GBP,85.8829,1
2018-10-05,RUB,1,1
2018-10-05,USD,66.2115,1
2018-10-06,EUR,76.661,1
2018-10-06,GBP,86.8017,1
2018-10-06,RUB,1,1
2018-10-06,USD,66.627,1
2018-10-07,EUR,76.661,1
2018-10-07,GBP,86.8017,1
2018-10-07,RUB,1,1
2018-10-07,USD,66.627,1
2018-10-08,EUR,76.661,1
2018-10-08,GBP,86.8017,1
2018-10-08,RUB,1,1
2018-10-08,USD,66.627,1
2018-10-09,EUR,76.987,1
2018-10-09,GBP,87.4341,1
2018-10-09,RUB,1,1
2018-10-09,USD,66.9685,1
2018-10-10,EUR,76.211,1
2018-10-10,GBP,86.6761,1
2018-10-10,RUB,1,1
2018-10-10,USD,66.4032,1
2018-10-11,EUR,76.071,1
2018-10-11,GBP,87.1037,1
2018-10-11,RUB,1,1
2018-10-11,USD,66.1832,1
2018-10-12,EUR,77.0824,1
2018-10-12,GBP,88.0799,1
2018-10-12,RUB,1,1
2018-10-12,USD,66.7727,1
2018-10-13,EUR,76.5047,1
2018-10-13,GBP,87.2059,1
2018-10-13,RUB,1,1
2018-10-13,USD,65.9751,1
2018-10-14,EUR,76.5047,1
2018-10-14,GBP,87.2059,1
2018-10-14,RUB,1,1
2018-10-14,USD,65.9751,1
2018-10-15,EUR,76.5047,1
2018-10-15,GBP,87.2059,1
2018-10-15,RUB,1,1
2018-10-15,USD,65.9751,1
2018-10-16,EUR,76.054,1
2018-10-16,GBP,86.2716,1
2018-10-16,RUB,1,1
2018-10-16,USD,65.7508,1
2018-10-17,EUR,75.9236,1
2018-10-17,GBP,86.4544,1
2018-10-17,RUB,1,1
2018-10-17,USD,65.5305,1
2018-10-18,EUR,75.6512,1
2018-10-18,GBP,86.0175,1
2018-10-18,RUB,1,1
2018-10-18,USD,65.4026,1
2018-10-19,EUR,75.5692,1
2018-10-19,GBP,86.131,1
2018-10-19,RUB,1,1
2018-10-19,USD,65.7238,1
2018-10-20,EUR,75.3241,1
2018-10-20,GBP,85.7951,1
2018-10-20,RUB,1,1
2018-10-20,USD,65.814,1
2018-10-21,EUR,75.3241,1
2018-10-21,GBP,85.7951,1
2018-10-21,RUB,1,1
2018-10-21,USD,65.814,1
2018-10-22,EUR,75.3241,1
2018-10-22,GBP,85.7951,1
2018-10-22,RUB,1,1
2018-10-22,USD,65.814,1
2018-10-23,EUR,75.3702,1
2018-10-23,GBP,85.2838,1
2018-10-23,RUB,1,1
2018-10-23,USD,65.3065,1
2018-10-24,EUR,74.8584,1
2018-10-24,GBP,84.8248,1
2018-10-24,RUB,1,1
2018-10-24,USD,65.3101,1
2018-10-25,EUR,75.0806,1
2018-10-25,GBP,84.9448,1
2018-10-25,RUB,1,1
2018-10-25,USD,65.6299,1
2018-10-26,EUR,74.9851,1
2018-10-26,GBP,84.7881,1
2018-10-26,RUB,1,1
2018-10-26,USD,65.7476,1
2018-10-27,EUR,74.6658,1
2018-10-27,GBP,84.0909,1
2018-10-27,RUB,1,1
2018-10-27,USD,65.6345,1
2018-10-28,EUR,74.6658,1
2018-10-28,GBP,84.0909,1
2018-10-28,RUB,1,1
2018-10-28,USD,65.6345,1
2018-10-29,EUR,74.6658,1
2018-10-29,GBP,84.0909,1
2018-10-29,RUB,1,1
2018-10-29,USD,65.6345,1
2018-10-30,EUR,75.0399,1
2018-10-30,GBP,84.3327,1
2018-10-30,RUB,1,1
2018-10-30,USD,65.8129,1
2018-10-31,EUR,74.7918,1
2018-10-31,GBP,84.0265,1
2018-10-31,RUB,1,1
2018-10-31,USD,65.7742,1
2018-11-01,EUR,74.4189,1
2018-11-01,GBP,83.5958,1
2018-11-01,RUB,1,1
2018-11-01,USD,65.5962,1
2018-11-02,EUR,74.5803,1
2018-11-02,GBP,84.7301,1
2018-11-02,RUB,1,1
2018-11-02,USD,65.6517,1
2018-11-03,EUR,74.9906,1
2018-11-03,GBP,85.5096,1
2018-11-03,RUB,1,1
2018-11-03,USD,65.5799,1
2018-11-04,EUR,74.9906,1
2018-11-04,GBP,85.5096,1
2018-11-04,RUB,1,1
2018-11-04,USD,65.5799,1
2018-11-05,EUR,74.9906,1
2018-11-05,GBP,85.5096,1
2018-11-05,RUB,1,1
2018-11-05,USD,65.5799,1
2018-11-06,EUR,74.9906,1
2018-11-06,GBP,85.5096,1
2018-11-06,RUB,1,1
2018-11-06,USD,65.5799,1
2018-11-07,EUR,75.3158,1
2018-11-07,GBP,86.2703,1
2018-11-07,RUB,1,1
2018-11-07,USD,65.9912,1
2018-11-08,EUR,75.6817,1
2018-11-08,GBP,86.8711,1
2018-11-08,RUB,1,1
2018-11-08,USD,66.0918,1
2018-11-09,EUR,75.6711,1
2018-11-09,GBP,87.0005,1
2018-11-09,RUB,1,1
2018-11-09,USD,66.2155,1
2018-11-10,EUR,75.8076,1
2018-11-10,GBP,87.0316,1
2018-11-10,RUB,1,1
2018-11-10,USD,66.8497,1
2018-11-11,EUR,75.8076,1
2018-11-11,GBP,87.0316,1
2018-11-11,RUB,1,1
2018-11-11,USD,66.8497,1
2018-11-12,EUR,75.8076,1
2018-11-12,GBP,87.0316,1
2018-11-12,RUB,1,1
2018-11-12,USD,66.8497,1
2018-11-13,EUR,76.0926,1
2018-11-13,GBP,86.7883,1
2018-11-13,RUB,1,1
2018-11-13,USD,67.5238,1
2018-11-14,EUR,76.0737,1
2018-11-14,GBP,87.2614,1
2018-11-14,RUB,1,1
2018-11-14,USD,67.6812,1
2018-11-15,EUR,76.7556,1
2018-11-15,GBP,88.22,1
2018-11-15,RUB,1,1
2018-11-15,USD,67.9975,1
2018-11-16,EUR,75.5358,1
2018-11-16,GBP,86.4674,1
2018-11-16,RUB,1,1
2018-11-16,USD,66.6159,1
2018-11-17,EUR,74.9022,1
2018-11-17,GBP,84.6296,1
2018-11-17,RUB,1,1
2018-11-17,USD,65.9931,1
2018-11-18,EUR,74.9022,1
2018-11-18,GBP,84.6296,1
2018-11-18,RUB,1,1
2018-11-18,USD,65.9931,1
2018-11-19,EUR,74.9022,1
2018-11-19,GBP,84.6296,1
2018-11-19,RUB,1,1
2018-11-19,USD,65.9931,1
2018-11-20,EUR,75.3218,1
2018-11-20,GBP,84.9128,1
2018-11-20,RUB,1,1
2018-11-20,USD,66.0081,1
2018-11-21,EUR,75.1825,1
2018-11-21,GBP,84.4237,1
2018-11-21,RUB,1,1
2018-11-21,USD,65.5871,1
2018-11-22,EUR,75.1483,1
2018-11-22,GBP,84.513,1
2018-11-22,RUB,1,1
2018-11-22,USD,65.9485,1
2018-11-23,EUR,74.8048,1
2018-11-23,GBP,83.865,1
2018-11-23,RUB,1,1
2018-11-23,USD,65.6067,1
2018-11-24,EUR,74.9385,1
2018-11-24,GBP,84.447,1
2018-11-24,RUB,1,1
2018-11-24,USD,65.6664,1
2018-11-25,EUR,74.9385,1
2018-11-25,GBP,84.447,1
2018-11-25,RUB,1,1
2018-11-25,USD,65.6664,1
2018-11-26,EUR,74.9385,1
2018-11-26,GBP,84.447,1
2018-11-26,RUB,1,1
2018-11-26,USD,65.6664,1
2018-11-27,EUR,75.5655,1
2018-11-27,GBP,85.3686,1
2018-11-27,RUB,1,1
2018-11-27,USD,66.5072,1
2018-11-28,EUR,75.6217,1
2018-11-28,GBP,85.1178,1
2018-11-28,RUB,1,1
2018-11-28,USD,66.78,1
2018-11-29,EUR,75.5191,1
2018-11-29,GBP,85.3129,1
2018-11-29,RUB,1,1
2018-11-29,USD,66.9436,1
2018-11-30,EUR,75.8897,1
2018-11-30,GBP,85.425,1
2018-11-30,RUB,1,1
2018-11-30,USD,66.6342,1
2018-12-01,EUR,75.7484,1
2018-12-01,GBP,85.0498,1
2018-12-01,RUB,1,1
2018-12-01,USD,66.5335,1
2018-12-02,EUR,75.7484,1
2018-12-02,GBP,85.0498,1
2018-12-02,RUB,1,1
2018-12-02,USD,66.5335,1
2018-12-03,EUR,75.7484,1
2018-12-03,GBP,85.0498,1
2018-12-03,RUB,1,1
2018-12-03,USD,66.5335,1
2018-12-04,EUR,75.3874,1
2018-12-04,GBP,84.8406,1
2018-12-04,RUB,1,1
2018-12-04,USD,66.2921,1
2018-12-05,EUR,75.6562,1
2018-12-05,GBP,84.7195,1
2018-12-05,RUB,1,1
2018-12-05,USD,66.4467,1
2018-12-06,EUR,75.7051,1
2018-12-06,GBP,84.9469,1
2018-12-06,RUB,1,1
2018-12-06,USD,66.8242,1
2018-12-07,EUR,75.6071,1
2018-12-07,GBP,84.8036,1
2018-12-07,RUB,1,1
2018-12-07,USD,66.7377,1
2018-12-08,EUR,76.0777,1
2018-12-08,GBP,85.3465,1
2018-12-08,RUB,1,1
2018-12-08,USD,66.9227,1
2018-12-09,EUR,76.0777,1
2018-12-09,GBP,85.3465,1
2018-12-09,RUB,1,1
2018-12-09,USD,66.9227,1
2018-12-10,EUR,76.0777,1
2018-12-10,GBP,85.3465,1
2018-12-10,RUB,1,1
2018-12-10,USD,66.9227,1
2018-12-11,EUR,75.7075,1
2018-12-11,GBP,84.2924,1
2018-12-11,RUB,1,1
2018-12-11,USD,66.2416,1
2018-12-12,EUR,75.6197,1
2018-12-12,GBP,83.8194,1
2018-12-12,RUB,1,1
2018-12-12,USD,66.5022,1
2018-12-13,EUR,75.2168,1
2018-12-13,GBP,83.2141,1
2018-12-13,RUB,1,1
2018-12-13,USD,66.4225,1
2018-12-14,EUR,75.3916,1
2018-12-14,GBP,83.9186,1
2018-12-14,RUB,1,1
2018-12-14,USD,66.255,1
2018-12-15,EUR,75.389,1
2018-12-15,GBP,83.7131,1
2018-12-15,RUB,1,1
2018-12-15,USD,66.4337,1
2018-12-16,EUR,75.389,1
2018-12-16,GBP,83.7131,1
2018-12-16,RUB,1,1
2018-12-16,USD,66.4337,1
2018-12-17,EUR,75.389,1
2018-12-17,GBP,83.7131,1
2018-12-17,RUB,1,1
2018-12-17,USD,66.4337,1
2018-12-18,EUR,75.3814,1
2018-12-18,GBP,83.9089,1
2018-12-18,RUB,1,1
2018-12-18,USD,66.6208,1
2018-12-19,EUR,75.7761,1
2018-12-19,GBP,84.493,1
2018-12-19,RUB,1,1
2018-12-19,USD,66.7454,1
2018-12-20,EUR,76.4742,1
2018-12-20,GBP,85.0243,1
2018-12-20,RUB,1,1
2018-12-20,USD,67.1121,1
2018-12-21,EUR,76.9377,1
2018-12-21,GBP,85.2917,1
2018-12-21,RUB,1,1
2018-12-21,USD,67.371,1
2018-12-22,EUR,77.9717,1
2018-12-22,GBP,86.3096,1
2018-12-22,RUB,1,1
2018-12-22,USD,68.0085,1
2018-12-23,EUR,77.9717,1
2018-12-23,GBP,86.3096,1
2018-12-23,RUB,1,1
2018-12-23,USD,68.0085,1
2018-12-24,EUR,77.9717,1
2018-12-24,GBP,86.3096,1
2018-12-24,RUB,1,1
2018-12-24,USD,68.0085,1
2018-12-25,EUR,77.8886,1
2018-12-25,GBP,86.6584,1
2018-12-25,RUB,1,1
2018-12-25,USD,68.4073,1
2018-12-26,EUR,78.4309,1
2018-12-26,GBP,87.189,1
2018-12-26,RUB,1,1
2018-12-26,USD,68.7448,1
2018-12-27,EUR,78.5237,1
2018-12-27,GBP,87.4721,1
2018-12-27,RUB,1,1
2018-12-27,USD,68.8865,1
2018-12-28,EUR,78.388,1
2018-12-28,GBP,87.1766,1
2018-12-28,RUB,1,1
2018-12-28,USD,68.8762,1
2018-12-29,EUR,79.6581,1
2018-12-29,GBP,87.9659,1
2018-12-29,RUB,1,1
2018-12-29,USD,69.5218,1
2018-12-30,EUR,79.4605,1
2018-12-30,GBP,88.2832,1
2018-12-30,RUB,1,1
2018-12-30,USD,69.4706,1
2018-12-31,EUR,79.4605,1
2018-12-31,GBP,88.2832,1
2018-12-31,RUB,1,1
2018-12-31,USD,69.4706,1
2019-01-01,EUR,79.4605,1
2019-01-01,GBP,88.2832,1
2019-01-01,RUB,1,1
2019-01-01,USD,69.4706,1
2019-01-02,EUR,79.4605,1
2019-01-02,GBP,88.2832,1
2019-01-02,RUB,1,1
2019-01-02,USD,69.4706,1
2019-01-03,EUR,79.4605,1
2019-01-03,GBP,88.2832,1
2019-01-03,RUB,1,1
2019-01-03,USD,69.4706,1
2019-01-04,EUR,79.4605,1
2019-01-04,GBP,88.2832,1
2019-01-04,RUB,1,1
2019-01-04,USD,69.4706,1
2019-01-05,EUR,79.4605,1
2019-01-05,GBP,88.2832,1
2019-01-05,RUB,1,1
2019-01-05,USD,69.4706,1
2019-01-06,EUR,79.4605,1
2019-01-06,GBP,88.2832,1
2019-01-06,RUB,1,1
2019-01-06,USD,69.4706,1
2019-01-07,EUR,79.4605,1
2019-01-07,GBP,88.2832,1
2019-01-07,RUB,1,1
2019-01-07,USD,69.4706,1
2019-01-08,EUR,79.4605,1
2019-01-08,GBP,88.2832,1
2019-01-08,RUB,1,1
2019-01-08,USD,69.4706,1
2019-01-09,EUR,79.4605,1
2019-01-09,GBP,88.2832,1
2019-01-09,RUB,1,1
2019-01-09,USD,69.4706,1
2019-01-10,EUR,76.9066,1
2019-01-10,GBP,85.5599,1
2019-01-10,RUB,1,1
2019-01-10,USD,67.0795,1
2019-01-11,EUR,77.2105,1
2019-01-11,GBP,85.2873,1
2019-01-11,RUB,1,1
2019-01-11,USD,66.8605,1
2019-01-12,EUR,77.1282,1
2019-01-12,GBP,85.2117,1
2019-01-12,RUB,1,1
2019-01-12,USD,66.9167,1
2019-01-13,EUR,77.1282,1
2019-01-13,GBP,85.2117,1
2019-01-13,RUB,1,1
2019-01-13,USD,66.9167,1
2019-01-14,EUR,77.1282,1
2019-01-14,GBP,85.2117,1
2019-01-14,RUB,1,1
2019-01-14,USD,66.9167,1
2019-01-15,EUR,77.0692,1
2019-01-15,GBP,86.2208,1
2019-01-15,RUB,1,1
2019-01-15,USD,67.192,1
2019-01-16,EUR,76.9498,1
2019-01-16,GBP,86.3412,1
2019-01-16,RUB,1,1
2019-01-16,USD,67.082,1
2019-01-17,EUR,76.135,1
2019-01-17,GBP,86.0225,1
2019-01-17,RUB,1,1
2019-01-17,USD,66.7617,1
2019-01-18,EUR,75.633,1
2019-01-18,GBP,85.3603,1
2019-01-18,RUB,1,1
2019-01-18,USD,66.4438,1
2019-01-19,EUR,75.5841,1
2019-01-19,GBP,85.9118,1
2019-01-19,RUB,1,1
2019-01-19,USD,66.3309,1
2019-01-20,EUR,75.5841,1
2019-01-20,GBP,85.9118,1
2019-01-20,RUB,1,1
2019-01-20,USD,66.3309,1
2019-01-21,EUR,75.5841,1
2019-01-21,GBP,85.9118,1
2019-01-21,RUB,1,1
2019-01-21,USD,66.3309,1
2019-01-22,EUR,75.5481,1
2019-01-22,GBP,85.3301,1
2019-01-22,RUB,1,1
2019-01-22,USD,66.3634,1
2019-01-23,EUR,75.5541,1
2019-01-23,GBP,85.6231,1
2019-01-23,RUB,1,1
2019-01-23,USD,66.5499,1
2019-01-24,EUR,75.3861,1
2019-01-24,GBP,85.9726,1
2019-01-24,RUB,1,1
2019-01-24,USD,66.3318,1
2019-01-25,EUR,75.0306,1
2019-01-25,GBP,86.0991,1
2019-01-25,RUB,1,1
2019-01-25,USD,66.0016,1
2019-01-26,EUR,74.6312,1
2019-01-26,GBP,86.2656,1
2019-01-26,RUB,1,1
2019-01-26,USD,65.917,1
2019-01-27,EUR,74.6312,1
2019-01-27,GBP,86.2656,1
2019-01-27,RUB,1,1
2019-01-27,USD,65.917,1
2019-01-28,EUR,74.6312,1
2019-01-28,GBP,86.2656,1
2019-01-28,RUB,1,1
2019-01-28,USD,65.917,1
2019-01-29,EUR,75.1932,1
2019-01-29,GBP,86.7968,1
2019-01-29,RUB,1,1
2019-01-29,USD,65.93,1
2019-01-30,EUR,75.8811,1
2019-01-30,GBP,87.2652,1
2019-01-30,RUB,1,1
2019-01-30,USD,66.3412,1
2019-01-31,EUR,75.5706,1
2019-01-31,GBP,86.5232,1
2019-01-31,RUB,1,1
2019-01-31,USD,66.0987,1
2019-02-01,EUR,75.2006,1
2019-02-01,GBP,85.9192,1
2019-02-01,RUB,1,1
2019-02-01,USD,65.3577,1
2019-02-02,EUR,75.148,1
2019-02-02,GBP,86.0082,1
2019-02-02,RUB,1,1
2019-02-02,USD,65.6601,1
2019-02-03,EUR,75.148,1
2019-02-03,GBP,86.0082,1
2019-02-03,RUB,1,1
2019-02-03,USD,65.6601,1
2019-02-04,EUR,75.148,1
2019-02-04,GBP,86.0082,1
2019-02-04,RUB,1,1
2019-02-04,USD,65.6601,1
2019-02-05,EUR,75.0565,1
2019-02-05,GBP,85.7929,1
2019-02-05,RUB,1,1
2019-02-05,USD,65.5859,1
2019-02-06,EUR,74.9127,1
2019-02-06,GBP,85.4693,1
2019-02-06,RUB,1,1
2019-02-06,USD,65.5691,1
2019-02-07,EUR,74.7703,1
2019-02-07,GBP,85.0671,1
2019-02-07,RUB,1,1
2019-02-07,USD,65.6686,1
2019-02-08,EUR,74.9656,1
2019-02-08,GBP,85.2449,1
2019-02-08,RUB,1,1
2019-02-08,USD,66.0199,1
2019-02-09,EUR,74.8954,1
2019-02-09,GBP,85.4324,1
2019-02-09,RUB,1,1
2019-02-09,USD,66.0628,1
2019-02-10,EUR,74.8954,1
2019-02-10,GBP,85.4324,1
2019-02-10,RUB,1,1
2019-02-10,USD,66.0628,1
2019-02-11,EUR,74.8954,1
2019-02-11,GBP,85.4324,1
2019-02-11,RUB,1,1
2019-02-11,USD,66.0628,1
2019-02-12,EUR,74.3243,1
2019-02-12,GBP,84.822,1
2019-02-12,RUB,1,1
2019-02-12,USD,65.6517,1
2019-02-13,EUR,74.1459,1
2019-02-13,GBP,84.5354,1
2019-02-13,RUB,1,1
2019-02-13,USD,65.7147,1
2019-02-14,EUR,74.3872,1
2019-02-14,GBP,84.725,1
2019-02-14,RUB,1,1
2019-02-14,USD,65.6783,1
2019-02-15,EUR,75.0471,1
2019-02-15,GBP,85.3945,1
2019-02-15,RUB,1,1
2019-02-15,USD,66.5429,1
2019-02-16,EUR,75.2492,1
2019-02-16,GBP,85.3816,1
2019-02-16,RUB,1,1
2019-02-16,USD,66.7044,1
2019-02-17,EUR,75.2492,1
2019-02-17,GBP,85.3816,1
2019-02-17,RUB,1,1
2019-02-17,USD,66.7044,1
2019-02-18,EUR,75.2492,1
2019-02-18,GBP,85.3816,1
2019-02-18,RUB,1,1
2019-02-18,USD,66.7044,1
2019-02-19,EUR,74.9055,1
2019-02-19,GBP,85.4255,1
2019-02-19,RUB,1,1
2019-02-19,USD,66.247,1
2019-02-20,EUR,74.8151,1
2019-02-20,GBP,85.6127,1
2019-02-20,RUB,1,1
2019-02-20,USD,66.2022,1
2019-02-21,EUR,74.6816,1
2019-02-21,GBP,85.8443,1
2019-02-21,RUB,1,1
2019-02-21,USD,65.8568,1
2019-02-22,EUR,74.2963,1
2019-02-22,GBP,85.6412,1
2019-02-22,RUB,1,1
2019-02-22,USD,65.5401,1
2019-02-23,EUR,74.3332,1
2019-02-23,GBP,85.3921,1
2019-02-23,RUB,1,1
2019-02-23,USD,65.5149,1
2019-02-24,EUR,74.3332,1
2019-02-24,GBP,85.3921,1
2019-02-24,RUB,1,1
2019-02-24,USD,65.5149,1
2019-02-25,EUR,74.3332,1
2019-02-25,GBP,85.3921,1
2019-02-25,RUB,1,1
2019-02-25,USD,65.5149,1
2019-02-26,EUR,74.0876,1
2019-02-26,GBP,85.4099,1
2019-02-26,RUB,1,1
2019-02-26,USD,65.2582,1
2019-02-27,EUR,74.4898,1
2019-02-27,GBP,86.3011,1
2019-02-27,RUB,1,1
2019-02-27,USD,65.6182,1
2019-02-28,EUR,74.8249,1
2019-02-28,GBP,87.3582,1
2019-02-28,RUB,1,1
2019-02-28,USD,65.757,1
2019-03-01,EUR,74.9691,1
2019-03-01,GBP,87.5606,1
2019-03-01,RUB,1,1
2019-03-01,USD,65.8895,1
2019-03-02,EUR,74.8048,1
2019-03-02,GBP,87.1581,1
2019-03-02,RUB,1,1
2019-03-02,USD,65.8145,1
2019-03-03,EUR,74.8048,1
2019-03-03,GBP,87.1581,1
2019-03-03,RUB,1,1
2019-03-03,USD,65.8145,1
2019-03-04,EUR,74.8048,1
2019-03-04,GBP,87.1581,1
2019-03-04,RUB,1,1
2019-03-04,USD,65.8145,1
2019-03-05,EUR,74.7438,1
2019-03-05,GBP,87.1134,1
2019-03-05,RUB,1,1
2019-03-05,USD,65.7956,1
2019-03-06,EUR,74.5058,1
2019-03-06,GBP,86.6789,1
2019-03-06,RUB,1,1
2019-03-06,USD,65.8004,1
2019-03-07,EUR,74.4158,1
2019-03-07,GBP,86.5638,1
2019-03-07,RUB,1,1
2019-03-07,USD,65.843,1
2019-03-08,EUR,74.573,1
2019-03-08,GBP,86.8292,1
2019-03-08,RUB,1,1
2019-03-08,USD,65.9646,1
2019-03-09,EUR,74.573,1
2019-03-09,GBP,86.8292,1
2019-03-09,RUB,1,1
2019-03-09,USD,65.9646,1
2019-03-10,EUR,74.573,1
2019-03-10,GBP,86.8292,1
2019-03-10,RUB,1,1
2019-03-10,USD,65.9646,1
2019-03-11,EUR,74.573,1
2019-03-11,GBP,86.8292,1
2019-03-11,RUB,1,1
2019-03-11,USD,65.9646,1
2019-03-12,EUR,74.2896,1
2019-03-12,GBP,85.9124,1
2019-03-12,RUB,1,1
2019-03-12,USD,66.0763,1
2019-03-13,EUR,74.0672,1
2019-03-13,GBP,87.0366,1
2019-03-13,RUB,1,1
2019-03-13,USD,65.7674,1
2019-03-14,EUR,74.0237,1
2019-03-14,GBP,86.1446,1
2019-03-14,RUB,1,1
2019-03-14,USD,65.589,1
2019-03-15,EUR,74.0613,1
2019-03-15,GBP,87.1156,1
2019-03-15,RUB,1,1
2019-03-15,USD,65.4021,1
2019-03-16,EUR,74.0686,1
2019-03-16,GBP,86.6031,1
2019-03-16,RUB,1,1
2019-03-16,USD,65.4201,1
2019-03-17,EUR,74.0686,1
2019-03-17,GBP,86.6031,1
2019-03-17,RUB,1,1
2019-03-17,USD,65.4201,1
2019-03-18,EUR,74.0686,1
2019-03-18,GBP,86.6031,1
2019-03-18,RUB,1,1
2019-03-18,USD,65.4201,1
2019-03-19,EUR,73.361,1
2019-03-19,GBP,85.7452,1
2019-03-19,RUB,1,1
2019-03-19,USD,64.6694,1
2019-03-20,EUR,72.9995,1
2019-03-20,GBP,85.3225,1
2019-03-20,RUB,1,1
2019-03-20,USD,64.3167,1
2019-03-21,EUR,72.9389,1
2019-03-21,GBP,85.0428,1
2019-03-21,RUB,1,1
2019-03-21,USD,64.2803,1
2019-03-22,EUR,72.787,1
2019-03-22,GBP,83.8526,1
2019-03-22,RUB,1,1
2019-03-22,USD,63.742,1
2019-03-23,EUR,72.59,1
2019-03-23,GBP,83.7626,1
2019-03-23,RUB,1,1
2019-03-23,USD,63.7705,1
2019-03-24,EUR,72.59,1
2019-03-24,GBP,83.7626,1
2019-03-24,RUB,1,1
2019-03-24,USD,63.7705,1
2019-03-25,EUR,72.59,1
2019-03-25,GBP,83.7626,1
2019-03-25,RUB,1,1
2019-03-25,USD,63.7705,1
2019-03-26,EUR,72.9229,1
2019-03-26,GBP,85.0552,1
2019-03-26,RUB,1,1
2019-03-26,USD,64.4993,1
2019-03-27,EUR,72.5808,1
2019-03-27,GBP,84.6187,1
2019-03-27,RUB,1,1
2019-03-27,USD,64.1683,1
2019-03-28,EUR,72.7182,1
2019-03-28,GBP,85.2233,1
2019-03-28,RUB,1,1
2019-03-28,USD,64.5925,1
2019-03-29,EUR,72.8884,1
2019-03-29,GBP,85.1229,1
2019-03-29,RUB,1,1
2019-03-29,USD,64.8012,1
2019-03-30,EUR,72.723,1
2019-03-30,GBP,84.2522,1
2019-03-30,RUB,1,1
2019-03-30,USD,64.7347,1
2019-03-31,EUR,72.723,1
2019-03-31,GBP,84.2522,1
2019-03-31,RUB,1,1
2019-03-31,USD,64.7347,1
2019-04-01,EUR,72.723,1
2019-04-01,GBP,84.2522,1
2019-04-01,RUB,1,1
2019-04-01,USD,64.7347,1
2019-04-02,EUR,73.4967,1
2019-04-02,GBP,85.5858,1
2019-04-02,RUB,1,1
2019-04-02,USD,65.4176,1
2019-04-03,EUR,73.3162,1
2019-04-03,GBP,85.5269,1
2019-04-03,RUB,1,1
2019-04-03,USD,65.4726,1
2019-04-04,EUR,73.1725,1
2019-04-04,GBP,85.7687,1
2019-04-04,RUB,1,1
2019-04-04,USD,65.1639,1
2019-04-05,EUR,73.4223,1
2019-04-05,GBP,86.0698,1
2019-04-05,RUB,1,1
2019-04-05,USD,65.3281,1
2019-04-06,EUR,73.4392,1
2019-04-06,GBP,85.6573,1
2019-04-06,RUB,1,1
2019-04-06,USD,65.4072,1
2019-04-07,EUR,73.4392,1
2019-04-07,GBP,85.6573,1
2019-04-07,RUB,1,1
2019-04-07,USD,65.4072,1
2019-04-08,EUR,73.4392,1
2019-04-08,GBP,85.6573,1
2019-04-08,RUB,1,1
2019-04-08,USD,65.4072,1
2019-04-09,EUR,73.3617,1
2019-04-09,GBP,85.3664,1
2019-04-09,RUB,1,1
2019-04-09,USD,65.3498,1
2019-04-10,EUR,72.9708,1
2019-04-10,GBP,84.7084,1
2019-04-10,RUB,1,1
2019-04-10,USD,64.7766,1
2019-04-11,EUR,72.946,1
2019-04-11,GBP,84.6246,1
2019-04-11,RUB,1,1
2019-04-11,USD,64.7373,1
2019-04-12,EUR,72.6551,1
2019-04-12,GBP,84.1954,1
2019-04-12,RUB,1,1
2019-04-12,USD,64.3991,1
2019-04-13,EUR,72.8398,1
2019-04-13,GBP,84.2722,1
2019-04-13,RUB,1,1
2019-04-13,USD,64.5171,1
2019-04-14,EUR,72.8398,1
2019-04-14,GBP,84.2722,1
2019-04-14,RUB,1,1
2019-04-14,USD,64.5171,1
2019-04-15,EUR,72.8398,1
2019-04-15,GBP,84.2722,1
2019-04-15,RUB,1,1
2019-04-15,USD,64.5171,1
2019-04-16,EUR,72.7018,1
2019-04-16,GBP,84.1956,1
2019-04-16,RUB,1,1
2019-04-16,USD,64.2469,1
2019-04-17,EUR,72.6515,1
2019-04-17,GBP,84.0738,1
2019-04-17,RUB,1,1
2019-04-17,USD,64.2422,1
2019-04-18,EUR,72.3602,1
2019-04-18,GBP,83.4418,1
2019-04-18,RUB,1,1
2019-04-18,USD,63.945,1
2019-04-19,EUR,72.244,1
2019-04-19,GBP,83.3791,1
2019-04-19,RUB,1,1
2019-04-19,USD,64.0688,1
2019-04-20,EUR,71.9232,1
2019-04-20,GBP,83.1419,1
2019-04-20,RUB,1,1
2019-04-20,USD,63.9602,1
2019-04-21,EUR,71.9232,1
2019-04-21,GBP,83.1419,1
2019-04-21,RUB,1,1
2019-04-21,USD,63.9602,1
2019-04-22,EUR,71.9232,1
2019-04-22,GBP,83.1419,1
2019-04-22,RUB,1,1
2019-04-22,USD,63.9602,1
2019-04-23,EUR,71.721,1
2019-04-23,GBP,82.8899,1
2019-04-23,RUB,1,1
2019-04-23,USD,63.786,1
2019-04-24,EUR,71.7453,1
2019-04-24,GBP,82.9023,1
2019-04-24,RUB,1,1
2019-04-24,USD,63.7906,1
2019-04-25,EUR,71.715,1
2019-04-25,GBP,82.7003,1
2019-04-25,RUB,1,1
2019-04-25,USD,63.9798,1
2019-04-26,EUR,72.1111,1
2019-04-26,GBP,83.3523,1
2019-04-26,RUB,1,1
2019-04-26,USD,64.6794,1
2019-04-27,EUR,72.0882,1
2019-04-27,GBP,83.5022,1
2019-04-27,RUB,1,1
2019-04-27,USD,64.7053,1
2019-04-28,EUR,72.0882,1
2019-04-28,GBP,83.5022,1
2019-04-28,RUB,1,1
2019-04-28,USD,64.7053,1
2019-04-29,EUR,72.0882,1
2019-04-29,GBP,83.5022,1
2019-04-29,RUB,1,1
2019-04-29,USD,64.7053,1
2019-04-30,EUR,72.2024,1
2019-04-30,GBP,83.7305,1
2019-04-30,RUB,1,1
2019-04-30,USD,64.6917,1
2019-05-01,EUR,72.3096,1
2019-05-01,GBP,83.8592,1
2019-05-01,RUB,1,1
2019-05-01,USD,64.6314,1
2019-05-02,EUR,72.3096,1
2019-05-02,GBP,83.8592,1
2019-05-02,RUB,1,1
2019-05-02,USD,64.6314,1
2019-05-03,EUR,72.3096,1
2019-05-03,GBP,83.8592,1
2019-05-03,RUB,1,1
2019-05-03,USD,64.6314,1
2019-05-04,EUR,72.3096,1
2019-05-04,GBP,83.8592,1
2019-05-04,RUB,1,1
2019-05-04,USD,64.6314,1
2019-05-05,EUR,72.3096,1
2019-05-05,GBP,83.8592,1
2019-05-05,RUB,1,1
2019-05-05,USD,64.6314,1
2019-05-06,EUR,72.3096,1
2019-05-06,GBP,83.8592,1
2019-05-06,RUB,1,1
2019-05-06,USD,64.6314,1
2019-05-07,EUR,73.1099,1
2019-05-07,GBP,85.713,1
2019-05-07,RUB,1,1
2019-05-07,USD,65.335,1
2019-05-08,EUR,73.0817,1
2019-05-08,GBP,85.3816,1
2019-05-08,RUB,1,1
2019-05-08,USD,65.2166,1
2019-05-09,EUR,73.0888,1
2019-05-09,GBP,85.1495,1
2019-05-09,RUB,1,1
2019-05-09,USD,65.2287,1
2019-05-10,EUR,73.0888,1
2019-05-10,GBP,85.1495,1
2019-05-10,RUB,1,1
2019-05-10,USD,65.2287,1
2019-05-11,EUR,73.0888,1
2019-05-11,GBP,85.1495,1
2019-05-11,RUB,1,1
2019-05-11,USD,65.2287,1
2019-05-12,EUR,73.0888,1
2019-05-12,GBP,85.1495,1
2019-05-12,RUB,1,1
2019-05-12,USD,65.2287,1
2019-05-13,EUR,73.0888,1
2019-05-13,GBP,85.1495,1
2019-05-13,RUB,1,1
2019-05-13,USD,65.2287,1
2019-05-14,EUR,73.5231,1
2019-05-14,GBP,85.1834,1
2019-05-14,RUB,1,1
2019-05-14,USD,65.4703,1
2019-05-15,EUR,73.3712,1
2019-05-15,GBP,84.5114,1
2019-05-15,RUB,1,1
2019-05-15,USD,65.3001,1
2019-05-16,EUR,72.6891,1
2019-05-16,GBP,83.7264,1
2019-05-16,RUB,1,1
2019-05-16,USD,64.8489,1
2019-05-17,EUR,72.3651,1
2019-05-17,GBP,82.8496,1
2019-05-17,RUB,1,1
2019-05-17,USD,64.5598,1
2019-05-18,EUR,72.2464,1
2019-05-18,GBP,82.6135,1
2019-05-18,RUB,1,1
2019-05-18,USD,64.6327,1
2019-05-19,EUR,72.2464,1
2019-05-19,GBP,82.6135,1
2019-05-19,RUB,1,1
2019-05-19,USD,64.6327,1
2019-05-20,EUR,72.2464,1
2019-05-20,GBP,82.6135,1
2019-05-20,RUB,1,1
2019-05-20,USD,64.6327,1
2019-05-21,EUR,71.9631,1
2019-05-21,GBP,82.2232,1
2019-05-21,RUB,1,1
2019-05-21,USD,64.4888,1
2019-05-22,EUR,71.9654,1
2019-05-22,GBP,81.9042,1
2019-05-22,RUB,1,1
2019-05-22,USD,64.5372,1
2019-05-23,EUR,71.8427,1
2019-05-23,GBP,81.6854,1
2019-05-23,RUB,1,1
2019-05-23,USD,64.4156,1
2019-05-24,EUR,71.8369,1
2019-05-24,GBP,81.3364,1
2019-05-24,RUB,1,1
2019-05-24,USD,64.4913,1
2019-05-25,EUR,72.3186,1
2019-05-25,GBP,81.9262,1
2019-05-25,RUB,1,1
2019-05-25,USD,64.6106,1
2019-05-26,EUR,72.3186,1
2019-05-26,GBP,81.9262,1
2019-05-26,RUB,1,1
2019-05-26,USD,64.6106,1
2019-05-27,EUR,72.3186,1
2019-05-27,GBP,81.9262,1
2019-05-27,RUB,1,1
2019-05-27,USD,64.6106,1
2019-05-28,EUR,72.1863,1
2019-05-28,GBP,81.9848,1
2019-05-28,RUB,1,1
2019-05-28,USD,64.4636,1
2019-05-29,EUR,72.168,1
2019-05-29,GBP,81.7198,1
2019-05-29,RUB,1,1
2019-05-29,USD,64.5394,1
2019-05-30,EUR,72.4118,1
2019-05-30,GBP,82.0183,1
2019-05-30,RUB,1,1
2019-05-30,USD,64.9084,1
2019-05-31,EUR,72.4229,1
2019-05-31,GBP,82.2142,1
2019-05-31,RUB,1,1
2019-05-31,USD,65.0583,1
2019-06-01,EUR,72.8436,1
2019-06-01,GBP,82.5531,1
2019-06-01,RUB,1,1
2019-06-01,USD,65.3834,1
2019-06-02,EUR,72.8436,1
2019-06-02,GBP,82.5531,1
2019-06-02,RUB,1,1
2019-06-02,USD,65.3834,1
2019-06-03,EUR,72.8436,1
2019-06-03,GBP,82.5531,1
2019-06-03,RUB,1,1
2019-06-03,USD,65.3834,1
2019-06-04,EUR,73.218,1
2019-06-04,GBP,82.9136,1
2019-06-04,RUB,1,1
2019-06-04,USD,65.5547,1
2019-06-05,EUR,73.4239,1
2019-06-05,GBP,82.4552,1
2019-06-05,RUB,1,1
2019-06-05,USD,65.1614,1
2019-06-06,EUR,73.369,1
2019-06-06,GBP,82.8055,1
2019-06-06,RUB,1,1
2019-06-06,USD,65.1243,1
2019-06-07,EUR,73.2708,1
2019-06-07,GBP,82.808,1
2019-06-07,RUB,1,1
2019-06-07,USD,65.234,1
2019-06-08,EUR,73.2605,1
2019-06-08,GBP,82.6652,1
2019-06-08,RUB,1,1
2019-06-08,USD,65.0395,1
2019-06-09,EUR,73.2605,1
2019-06-09,GBP,82.6652,1
2019-06-09,RUB,1,1
2019-06-09,USD,65.0395,1
2019-06-10,EUR,73.2605,1
2019-06-10,GBP,82.6652,1
2019-06-10,RUB,1,1
2019-06-10,USD,65.0395,1
2019-06-11,EUR,73.2148,1
2019-06-11,GBP,82.4088,1
2019-06-11,RUB,1,1
2019-06-11,USD,64.7919,1
2019-06-12,EUR,73.0448,1
2019-06-12,GBP,81.8641,1
2019-06-12,RUB,1,1
2019-06-12,USD,64.5158,1
2019-06-13,EUR,73.0448,1
2019-06-13,GBP,81.8641,1
2019-06-13,RUB,1,1
2019-06-13,USD,64.5158,1
2019-06-14,EUR,73.0141,1
2019-06-14,GBP,81.9268,1
2019-06-14,RUB,1,1
2019-06-14,USD,64.6314,1
2019-06-15,EUR,72.6993,1
2019-06-15,GBP,81.591,1
2019-06-15,RUB,1,1
2019-06-15,USD,64.4326,1
2019-06-16,EUR,72.6993,1
2019-06-16,GBP,81.591,1
2019-06-16,RUB,1,1
2019-06-16,USD,64.4326,1
2019-06-17,EUR,72.6993,1
2019-06-17,GBP,81.591,1
2019-06-17,RUB,1,1
2019-06-17,USD,64.4326,1
2019-06-18,EUR,72.1077,1
2019-06-18,GBP,80.9451,1
2019-06-18,RUB,1,1
2019-06-18,USD,64.3187,1
2019-06-19,EUR,72.2291,1
2019-06-19,GBP,80.5798,1
2019-06-19,RUB,1,1
2019-06-19,USD,64.3352,1
2019-06-20,EUR,71.6377,1
2019-06-20,GBP,80.4221,1
2019-06-20,RUB,1,1
2019-06-20,USD,63.9794,1
2019-06-21,EUR,71.5457,1
2019-06-21,GBP,80.6545,1
2019-06-21,RUB,1,1
2019-06-21,USD,63.3877,1
2019-06-22,EUR,71.349,1
2019-06-22,GBP,80.0545,1
2019-06-22,RUB,1,1
2019-06-22,USD,63.1295,1
2019-06-23,EUR,71.349,1
2019-06-23,GBP,80.0545,1
2019-06-23,RUB,1,1
2019-06-23,USD,63.1295,1
2019-06-24,EUR,71.349,1
2019-06-24,GBP,80.0545,1
2019-06-24,RUB,1,1
2019-06-24,USD,63.1295,1
2019-06-25,EUR,71.5973,1
2019-06-25,GBP,80.1404,1
2019-06-25,RUB,1,1
2019-06-25,USD,62.9095,1
2019-06-26,EUR,71.2323,1
2019-06-26,GBP,79.798,1
2019-06-26,RUB,1,1
2019-06-26,USD,62.5229,1
2019-06-27,EUR,71.3816,1
2019-06-27,GBP,79.6346,1
2019-06-27,RUB,1,1
2019-06-27,USD,62.8083,1
2019-06-28,EUR,71.6635,1
2019-06-28,GBP,80.0107,1
2019-06-28,RUB,1,1
2019-06-28,USD,63.0452,1
2019-06-29,EUR,71.8179,1
2019-06-29,GBP,79.9105,1
2019-06-29,RUB,1,1
2019-06-29,USD,63.0756,1
2019-06-30,EUR,71.8179,1
2019-06-30,GBP,79.9105,1
2019-06-30,RUB,1,1
2019-06-30,USD,63.0756,1
2019-07-01,EUR,71.8179,1
2019-07-01,GBP,79.9105,1
2019-07-01,RUB,1,1
2019-07-01,USD,63.0756,1
2019-07-02,EUR,71.3962,1
2019-07-02,GBP,79.795,1
2019-07-02,RUB,1,1
2019-07-02,USD,63.0541,1
2019-07-03,EUR,71.408,1
2019-07-03,GBP,79.7918,1
2019-07-03,RUB,1,1
2019-07-03,USD,63.2265,1
2019-07-04,EUR,71.6034,1
2019-07-04,GBP,79.8006,1
2019-07-04,RUB,1,1
2019-07-04,USD,63.4951,1
2019-07-05,EUR,71.542,1
2019-07-05,GBP,79.7905,1
2019-07-05,RUB,1,1
2019-07-05,USD,63.4013,1
2019-07-06,EUR,71.6593,1
2019-07-06,GBP,79.8489,1
2019-07-06,RUB,1,1
2019-07-06,USD,63.5841,1
2019-07-07,EUR,71.6593,1
2019-07-07,GBP,79.8489,1
2019-07-07,RUB,1,1
2019-07-07,USD,63.5841,1
2019-07-08,EUR,71.6593,1
2019-07-08,GBP,79.8489,1
2019-07-08,RUB,1,1
2019-07-08,USD,63.5841,1
2019-07-09,EUR,71.7067,1
2019-07-09,GBP,80.0609,1
2019-07-09,RUB,1,1
2019-07-09,USD,63.8699,1
2019-07-10,EUR,71.4626,1
2019-07-10,GBP,79.5034,1
2019-07-10,RUB,1,1
2019-07-10,USD,63.766,1
2019-07-11,EUR,71.5631,1
2019-07-11,GBP,79.5507,1
2019-07-11,RUB,1,1
2019-07-11,USD,63.7988,1
2019-07-12,EUR,71.0073,1
2019-07-12,GBP,78.9698,1
2019-07-12,RUB,1,1
2019-07-12,USD,62.9944,1
2019-07-13,EUR,71.0114,1
2019-07-13,GBP,79.0402,1
2019-07-13,RUB,1,1
2019-07-13,USD,63.0204,1
2019-07-14,EUR,71.0114,1
2019-07-14,GBP,79.0402,1
2019-07-14,RUB,1,1
2019-07-14,USD,63.0204,1
2019-07-15,EUR,71.0114,1
2019-07-15,GBP,79.0402,1
2019-07-15,RUB,1,1
2019-07-15,USD,63.0204,1
2019-07-16,EUR,70.8574,1
2019-07-16,GBP,78.8931,1
2019-07-16,RUB,1,1
2019-07-16,USD,62.828,1
2019-07-17,EUR,70.6771,1
2019-07-17,GBP,78.2963,1
2019-07-17,RUB,1,1
2019-07-17,USD,62.8129,1
2019-07-18,EUR,70.5552,1
2019-07-18,GBP,78.1149,1
2019-07-18,RUB,1,1
2019-07-18,USD,62.9451,1
2019-07-19,EUR,70.6068,1
2019-07-19,GBP,78.3598,1
2019-07-19,RUB,1,1
2019-07-19,USD,62.8286,1
2019-07-20,EUR,70.7941,1
2019-07-20,GBP,78.7656,1
2019-07-20,RUB,1,1
2019-07-20,USD,62.8666,1
2019-07-21,EUR,70.7941,1
2019-07-21,GBP,78.7656,1
2019-07-21,RUB,1,1
2019-07-21,USD,62.8666,1
2019-07-22,EUR,70.7941,1
2019-07-22,GBP,78.7656,1
2019-07-22,RUB,1,1
2019-07-22,USD,62.8666,1
2019-07-23,EUR,70.6546,1
2019-07-23,GBP,78.6023,1
2019-07-23,RUB,1,1
2019-07-23,USD,62.9776,1
2019-07-24,EUR,70.635,1
2019-07-24,GBP,78.4883,1
2019-07-24,RUB,1,1
2019-07-24,USD,63.129,1
2019-07-25,EUR,70.3241,1
2019-07-25,GBP,78.5923,1
2019-07-25,RUB,1,1
2019-07-25,USD,63.1162,1
2019-07-26,EUR,70.294,1
2019-07-26,GBP,78.8202,1
2019-07-26,RUB,1,1
2019-07-26,USD,63.1572,1
2019-07-27,EUR,70.311,1
2019-07-27,GBP,78.4859,1
2019-07-27,RUB,1,1
2019-07-27,USD,63.1271,1
2019-07-28,EUR,70.311,1
2019-07-28,GBP,78.4859,1
2019-07-28,RUB,1,1
2019-07-28,USD,63.1271,1
2019-07-29,EUR,70.311,1
2019-07-29,GBP,78.4859,1
2019-07-29,RUB,1,1
2019-07-29,USD,63.1271,1
2019-07-30,EUR,70.6417,1
2019-07-30,GBP,78.3595,1
2019-07-30,RUB,1,1
2019-07-30,USD,63.521,1
2019-07-31,EUR,70.598,1
2019-07-31,GBP,77.0626,1
2019-07-31,RUB,1,1
2019-07-31,USD,63.3791,1
2019-08-01,EUR,70.7355,1
2019-08-01,GBP,77.1026,1
2019-08-01,RUB,1,1
2019-08-01,USD,63.4172,1
2019-08-02,EUR,70.4727,1
2019-08-02,GBP,77.3477,1
2019-08-02,RUB,1,1
2019-08-02,USD,63.834,1
2019-08-03,EUR,71.7077,1
2019-08-03,GBP,78.3982,1
2019-08-03,RUB,1,1
2019-08-03,USD,64.6423,1
2019-08-04,EUR,71.7077,1
2019-08-04,GBP,78.3982,1
2019-08-04,RUB,1,1
2019-08-04,USD,64.6423,1
2019-08-05,EUR,71.7077,1
2019-08-05,GBP,78.3982,1
2019-08-05,RUB,1,1
2019-08-05,USD,64.6423,1
2019-08-06,EUR,72.3732,1
2019-08-06,GBP,78.8397,1
2019-08-06,RUB,1,1
2019-08-06,USD,65.0546,1
2019-08-07,EUR,73.073,1
2019-08-07,GBP,79.4303,1
2019-08-07,RUB,1,1
2019-08-07,USD,65.203,1
2019-08-08,EUR,72.8914,1
2019-08-08,GBP,79.1273,1
2019-08-08,RUB,1,1
2019-08-08,USD,65.0932,1
2019-08-09,EUR,73.0432,1
2019-08-09,GBP,79.2501,1
2019-08-09,RUB,1,1
2019-08-09,USD,65.1299,1
2019-08-10,EUR,73.0196,1
2019-08-10,GBP,79.1013,1
2019-08-10,RUB,1,1
2019-08-10,USD,65.2543,1
2019-08-11,EUR,73.0196,1
2019-08-11,GBP,79.1013,1
2019-08-11,RUB,1,1
2019-08-11,USD,65.2543,1
2019-08-12,EUR,73.0196,1
2019-08-12,GBP,79.1013,1
2019-08-12,RUB,1,1
2019-08-12,USD,65.2543,1
2019-08-13,EUR,73.1231,1
2019-08-13,GBP,78.9005,1
2019-08-13,RUB,1,1
2019-08-13,USD,65.4287,1
2019-08-14,EUR,73.4149,1
2019-08-14,GBP,79.1091,1
2019-08-14,RUB,1,1
2019-08-14,USD,65.6017,1
2019-08-15,EUR,72.9037,1
2019-08-15,GBP,78.6416,1
2019-08-15,RUB,1,1
2019-08-15,USD,65.2032,1
2019-08-16,EUR,73.455,1
2019-08-16,GBP,79.5762,1
2019-08-16,RUB,1,1
2019-08-16,USD,65.8907,1
2019-08-17,EUR,73.2227,1
2019-08-17,GBP,80.0335,1
2019-08-17,RUB,1,1
2019-08-17,USD,65.9961,1
2019-08-18,EUR,73.2227,1
2019-08-18,GBP,80.0335,1
2019-08-18,RUB,1,1
2019-08-18,USD,65.9961,1
2019-08-19,EUR,73.2227,1
2019-08-19,GBP,80.0335,1
2019-08-19,RUB,1,1
2019-08-19,USD,65.9961,1
2019-08-20,EUR,73.9484,1
2019-08-20,GBP,80.7957,1
2019-08-20,RUB,1,1
2019-08-20,USD,66.6082,1
2019-08-21,EUR,73.9766,1
2019-08-21,GBP,80.7419,1
2019-08-21,RUB,1,1
2019-08-21,USD,66.784,1
2019-08-22,EUR,73.4989,1
2019-08-22,GBP,80.5095,1
2019-08-22,RUB,1,1
2019-08-22,USD,66.263,1
2019-08-23,EUR,72.8312,1
2019-08-23,GBP,79.7081,1
2019-08-23,RUB,1,1
2019-08-23,USD,65.6196,1
2019-08-24,EUR,72.6243,1
2019-08-24,GBP,80.0639,1
2019-08-24,RUB,1,1
2019-08-24,USD,65.6046,1
2019-08-25,EUR,72.6243,1
2019-08-25,GBP,80.0639,1
2019-08-25,RUB,1,1
2019-08-25,USD,65.6046,1
2019-08-26,EUR,72.6243,1
2019-08-26,GBP,80.0639,1
2019-08-26,RUB,1,1
2019-08-26,USD,65.6046,1
2019-08-27,EUR,73.3955,1
2019-08-27,GBP,80.7516,1
2019-08-27,RUB,1,1
2019-08-27,USD,65.9735,1
2019-08-28,EUR,73.6091,1
2019-08-28,GBP,81.143,1
2019-08-28,RUB,1,1
2019-08-28,USD,66.2608,1
2019-08-29,EUR,73.6583,1
2019-08-29,GBP,81.2094,1
2019-08-29,RUB,1,1
2019-08-29,USD,66.4127,1
2019-08-30,EUR,73.9558,1
2019-08-30,GBP,81.4114,1
2019-08-30,RUB,1,1
2019-08-30,USD,66.7471,1
2019-08-31,EUR,73.3847,1
2019-08-31,GBP,80.9446,1
2019-08-31,RUB,1,1
2019-08-31,USD,66.4897,1
2019-09-01,EUR,73.3847,1
2019-09-01,GBP,80.9446,1
2019-09-01,RUB,1,1
2019-09-01,USD,66.4897,1
2019-09-02,EUR,73.3847,1
2019-09-02,GBP,80.9446,1
2019-09-02,RUB,1,1
2019-09-02,USD,66.4897,1
2019-09-03,EUR,73.1726,1
2019-09-03,GBP,80.6211,1
2019-09-03,RUB,1,1
2019-09-03,USD,66.6235,1
2019-09-04,EUR,73.2032,1
2019-09-04,GBP,80.3154,1
2019-09-04,RUB,1,1
2019-09-04,USD,66.9072,1
2019-09-05,EUR,73.0638,1
2019-09-05,GBP,80.7844,1
2019-09-05,RUB,1,1
2019-09-05,USD,66.5002,1
2019-09-06,EUR,72.8761,1
2019-09-06,GBP,81.0666,1
2019-09-06,RUB,1,1
2019-09-06,USD,66.0528,1
2019-09-07,EUR,72.8883,1
2019-09-07,GBP,81.1711,1
2019-09-07,RUB,1,1
2019-09-07,USD,65.9981,1
2019-09-08,EUR,72.8883,1
2019-09-08,GBP,81.1711,1
2019-09-08,RUB,1,1
2019-09-08,USD,65.9981,1
2019-09-09,EUR,72.8883,1
2019-09-09,GBP,81.1711,1
2019-09-09,RUB,1,1
2019-09-09,USD,65.9981,1
2019-09-10,EUR,72.33,1
2019-09-10,GBP,80.5787,1
2019-09-10,RUB,1,1
2019-09-10,USD,65.5698,1
2019-09-11,EUR,72.3039,1
2019-09-11,GBP,80.6932,1
2019-09-11,RUB,1,1
2019-09-11,USD,65.4393,1
2019-09-12,EUR,72.224,1
2019-09-12,GBP,80.7694,1
2019-09-12,RUB,1,1
2019-09-12,USD,65.4321,1
2019-09-13,EUR,71.8273,1
2019-09-13,GBP,80.3804,1
2019-09-13,RUB,1,1
2019-09-13,USD,65.1909,1
2019-09-14,EUR,71.5307,1
2019-09-14,GBP,79.9055,1
2019-09-14,RUB,1,1
2019-09-14,USD,64.4711,1
2019-09-15,EUR,71.5307,1
2019-09-15,GBP,79.9055,1
2019-09-15,RUB,1,1
2019-09-15,USD,64.4711,1
2019-09-16,EUR,71.5307,1
2019-09-16,GBP,79.9055,1
2019-09-16,RUB,1,1
2019-09-16,USD,64.4711,1
2019-09-17,EUR,70.6695,1
2019-09-17,GBP,79.4393,1
2019-09-17,RUB,1,1
2019-09-17,USD,63.8272,1
2019-09-18,EUR,70.604,1
2019-09-18,GBP,79.6066,1
2019-09-18,RUB,1,1
2019-09-18,USD,64.1213,1
2019-09-19,EUR,71.2391,1
2019-09-19,GBP,80.2979,1
2019-09-19,RUB,1,1
2019-09-19,USD,64.429,1
2019-09-20,EUR,70.9373,1
2019-09-20,GBP,80.2042,1
2019-09-20,RUB,1,1
2019-09-20,USD,64.2199,1
2019-09-21,EUR,70.5975,1
2019-09-21,GBP,80.0727,1
2019-09-21,RUB,1,1
2019-09-21,USD,63.8487,1
2019-09-22,EUR,70.5975,1
2019-09-22,GBP,80.0727,1
2019-09-22,RUB,1,1
2019-09-22,USD,63.8487,1
2019-09-23,EUR,70.5975,1
2019-09-23,GBP,80.0727,1
2019-09-23,RUB,1,1
2019-09-23,USD,63.8487,1
2019-09-24,EUR,70.2759,1
2019-09-24,GBP,79.5032,1
2019-09-24,RUB,1,1
2019-09-24,USD,63.9453,1
2019-09-25,EUR,70.0193,1
2019-09-25,GBP,79.1547,1
2019-09-25,RUB,1,1
2019-09-25,USD,63.706,1
2019-09-26,EUR,70.5868,1
2019-09-26,GBP,79.8747,1
2019-09-26,RUB,1,1
2019-09-26,USD,64.1873,1
2019-09-27,EUR,70.3834,1
2019-09-27,GBP,79.2617,1
2019-09-27,RUB,1,1
2019-09-27,USD,64.2888,1
2019-09-28,EUR,70.3161,1
2019-09-28,GBP,79.1925,1
2019-09-28,RUB,1,1
2019-09-28,USD,64.4156,1
2019-09-29,EUR,70.3161,1
2019-09-29,GBP,79.1925,1
2019-09-29,RUB,1,1
2019-09-29,USD,64.4156,1
2019-09-30,EUR,70.3161,1
2019-09-30,GBP,79.1925,1
2019-09-30,RUB,1,1
2019-09-30,USD,64.4156,1
2019-10-01,EUR,70.7169,1
2019-10-01,GBP,79.5533,1
2019-10-01,RUB,1,1
2019-10-01,USD,64.6407,1
2019-10-02,EUR,70.8449,1
2019-10-02,GBP,79.8828,1
2019-10-02,RUB,1,1
2019-10-02,USD,65.067,1
2019-10-03,EUR,71.4669,1
2019-10-03,GBP,80.2817,1
2019-10-03,RUB,1,1
2019-10-03,USD,65.4399,1
2019-10-04,EUR,71.2991,1
2019-10-04,GBP,80.1374,1
2019-10-04,RUB,1,1
2019-10-04,USD,65.1312,1
2019-10-05,EUR,71.3509,1
2019-10-05,GBP,80.234,1
2019-10-05,RUB,1,1
2019-10-05,USD,65.03,1
2019-10-06,EUR,71.3509,1
2019-10-06,GBP,80.234,1
2019-10-06,RUB,1,1
2019-10-06,USD,65.03,1
2019-10-07,EUR,71.3509,1
2019-10-07,GBP,80.234,1
2019-10-07,RUB,1,1
2019-10-07,USD,65.03,1
2019-10-08,EUR,71.1464,1
2019-10-08,GBP,79.6905,1
2019-10-08,RUB,1,1
2019-10-08,USD,64.8259,1
2019-10-09,EUR,71.2372,1
2019-10-09,GBP,79.5466,1
2019-10-09,RUB,1,1
2019-10-09,USD,64.8672,1
2019-10-10,EUR,71.4511,1
2019-10-10,GBP,79.8813,1
2019-10-10,RUB,1,1
2019-10-10,USD,65.0976,1
2019-10-11,EUR,71.2999,1
2019-10-11,GBP,79.2437,1
2019-10-11,RUB,1,1
2019-10-11,USD,64.7416,1
2019-10-12,EUR,70.7296,1
2019-10-12,GBP,79.9649,1
2019-10-12,RUB,1,1
2019-10-12,USD,64.2237,1
2019-10-13,EUR,70.7296,1
2019-10-13,GBP,79.9649,1
2019-10-13,RUB,1,1
2019-10-13,USD,64.2237,1
2019-10-14,EUR,70.7296,1
2019-10-14,GBP,79.9649,1
2019-10-14,RUB,1,1
2019-10-14,USD,64.2237,1
2019-10-15,EUR,70.9305,1
2019-10-15,GBP,80.9585,1
2019-10-15,RUB,1,1
2019-10-15,USD,64.3652,1
2019-10-16,EUR,70.8473,1
2019-10-16,GBP,81.3402,1
2019-10-16,RUB,1,1
2019-10-16,USD,64.2548,1
2019-10-17,EUR,71.0503,1
2019-10-17,GBP,81.899,1
2019-10-17,RUB,1,1
2019-10-17,USD,64.3455,1
2019-10-18,EUR,70.9023,1
2019-10-18,GBP,81.804,1
2019-10-18,RUB,1,1
2019-10-18,USD,64.0144,1
2019-10-19,EUR,71.1299,1
2019-10-19,GBP,82.5073,1
2019-10-19,RUB,1,1
2019-10-19,USD,63.9542,1
2019-10-20,EUR,71.1299,1
2019-10-20,GBP,82.5073,1
2019-10-20,RUB,1,1
2019-10-20,USD,63.9542,1
2019-10-21,EUR,71.1299,1
2019-10-21,GBP,82.5073,1
2019-10-21,RUB,1,1
2019-10-21,USD,63.9542,1
2019-10-22,EUR,71.1696,1
2019-10-22,GBP,82.9398,1
2019-10-22,RUB,1,1
2019-10-22,USD,63.7606,1
2019-10-23,EUR,70.9196,1
2019-10-23,GBP,82.3419,1
2019-10-23,RUB,1,1
2019-10-23,USD,63.6336,1
2019-10-24,EUR,70.9644,1
2019-10-24,GBP,82.0528,1
2019-10-24,RUB,1,1
2019-10-24,USD,63.7997,1
2019-10-25,EUR,71.14,1
2019-10-25,GBP,82.3794,1
2019-10-25,RUB,1,1
2019-10-25,USD,63.86,1
2019-10-26,EUR,71.1194,1
2019-10-26,GBP,82.2228,1
2019-10-26,RUB,1,1
2019-10-26,USD,63.9966,1
2019-10-27,EUR,71.1194,1
2019-10-27,GBP,82.2228,1
2019-10-27,RUB,1,1
2019-10-27,USD,63.9966,1
2019-10-28,EUR,71.1194,1
2019-10-28,GBP,82.2228,1
2019-10-28,RUB,1,1
2019-10-28,USD,63.9966,1
2019-10-29,EUR,70.8382,1
2019-10-29,GBP,82.0027,1
2019-10-29,RUB,1,1
2019-10-29,USD,63.87,1
2019-10-30,EUR,70.7769,1
2019-10-30,GBP,82.0114,1
2019-10-30,RUB,1,1
2019-10-30,USD,63.832,1
2019-10-31,EUR,71.0081,1
2019-10-31,GBP,82.237,1
2019-10-31,RUB,1,1
2019-10-31,USD,63.8734,1
2019-11-01,EUR,71.1918,1
2019-11-01,GBP,82.5565,1
2019-11-01,RUB,1,1
2019-11-01,USD,63.7748,1
2019-11-02,EUR,71.4785,1
2019-11-02,GBP,83.0106,1
2019-11-02,RUB,1,1
2019-11-02,USD,64.0316,1
2019-11-03,EUR,71.4785,1
2019-11-03,GBP,83.0106,1
2019-11-03,RUB,1,1
2019-11-03,USD,64.0316,1
2019-11-04,EUR,71.4785,1
2019-11-04,GBP,83.0106,1
2019-11-04,RUB,1,1
2019-11-04,USD,64.0316,1
2019-11-05,EUR,71.4785,1
2019-11-05,GBP,83.0106,1
2019-11-05,RUB,1,1
2019-11-05,USD,64.0316,1
2019-11-06,EUR,70.4203,1
2019-11-06,GBP,81.5773,1
2019-11-06,RUB,1,1
2019-11-06,USD,63.248,1
2019-11-07,EUR,70.4301,1
2019-11-07,GBP,81.9141,1
2019-11-07,RUB,1,1
2019-11-07,USD,63.588,1
2019-11-08,EUR,70.5489,1
2019-11-08,GBP,81.9756,1
2019-11-08,RUB,1,1
2019-11-08,USD,63.7298,1
2019-11-09,EUR,70.4211,1
2019-11-09,GBP,81.663,1
2019-11-09,RUB,1,1
2019-11-09,USD,63.7295,1
2019-11-10,EUR,70.4211,1
2019-11-10,GBP,81.663,1
2019-11-10,RUB,1,1
2019-11-10,USD,63.7295,1
2019-11-11,EUR,70.4211,1
2019-11-11,GBP,81.663,1
2019-11-11,RUB,1,1
2019-11-11,USD,63.7295,1
2019-11-12,EUR,70.4759,1
2019-11-12,GBP,81.7947,1
2019-11-12,RUB,1,1
2019-11-12,USD,63.9121,1
2019-11-13,EUR,70.4235,1
2019-11-13,GBP,81.9298,1
2019-11-13,RUB,1,1
2019-11-13,USD,63.853,1
2019-11-14,EUR,70.6724,1
2019-11-14,GBP,82.4019,1
2019-11-14,RUB,1,1
2019-11-14,USD,64.2009,1
2019-11-15,EUR,70.6761,1
2019-11-15,GBP,82.4458,1
2019-11-15,RUB,1,1
2019-11-15,USD,64.2101,1
2019-11-16,EUR,70.4111,1
2019-11-16,GBP,82.2432,1
2019-11-16,RUB,1,1
2019-11-16,USD,63.8881,1
2019-11-17,EUR,70.4111,1
2019-11-17,GBP,82.2432,1
2019-11-17,RUB,1,1
2019-11-17,USD,63.8881,1
2019-11-18,EUR,70.4111,1
2019-11-18,GBP,82.2432,1
2019-11-18,RUB,1,1
2019-11-18,USD,63.8881,1
2019-11-19,EUR,70.5313,1
2019-11-19,GBP,82.5681,1
2019-11-19,RUB,1,1
2019-11-19,USD,63.7542,1
2019-11-20,EUR,70.6286,1
2019-11-20,GBP,82.6371,1
2019-11-20,RUB,1,1
2019-11-20,USD,63.773,1
2019-11-21,EUR,70.8524,1
2019-11-21,GBP,82.6067,1
2019-11-21,RUB,1,1
2019-11-21,USD,64.0213,1
2019-11-22,EUR,70.6997,1
2019-11-22,GBP,82.5937,1
2019-11-22,RUB,1,1
2019-11-22,USD,63.843,1
2019-11-23,EUR,70.5207,1
2019-11-23,GBP,82.3262,1
2019-11-23,RUB,1,1
2019-11-23,USD,63.7101,1
2019-11-24,EUR,70.5207,1
2019-11-24,GBP,82.3262,1
2019-11-24,RUB,1,1
2019-11-24,USD,63.7101,1
2019-11-25,EUR,70.5207,1
2019-11-25,GBP,82.3262,1
2019-11-25,RUB,1,1
2019-11-25,USD,63.7101,1
2019-11-26,EUR,70.3122,1
2019-11-26,GBP,82.0766,1
2019-11-26,RUB,1,1
2019-11-26,USD,63.7637,1
2019-11-27,EUR,70.5159,1
2019-11-27,GBP,82.418,1
2019-11-27,RUB,1,1
2019-11-27,USD,64.0239,1
2019-11-28,EUR,70.4398,1
2019-11-28,GBP,82.1595,1
2019-11-28,RUB,1,1
2019-11-28,USD,63.9722,1
2019-11-29,EUR,70.5747,1
2019-11-29,GBP,82.9525,1
2019-11-29,RUB,1,1
2019-11-29,USD,64.1005,1
2019-11-30,EUR,70.5475,1
2019-11-30,GBP,82.7167,1
2019-11-30,RUB,1,1
2019-11-30,USD,64.0817,1
2019-12-01,EUR,70.5475,1
2019-12-01,GBP,82.7167,1
2019-12-01,RUB,1,1
2019-12-01,USD,64.0817,1
2019-12-02,EUR,70.5475,1
2019-12-02,GBP,82.7167,1
2019-12-02,RUB,1,1
2019-12-02,USD,64.0817,1
2019-12-03,EUR,70.973,1
2019-12-03,GBP,83.2238,1
2019-12-03,RUB,1,1
2019-12-03,USD,64.4097,1
2019-12-04,EUR,71.0608,1
2019-12-04,GBP,83.2538,1
2019-12-04,RUB,1,1
2019-12-04,USD,64.1401,1
2019-12-05,EUR,71.1086,1
2019-12-05,GBP,83.6972,1
2019-12-05,RUB,1,1
2019-12-05,USD,64.1948,1
2019-12-06,EUR,70.7245,1
2019-12-06,GBP,83.8701,1
2019-12-06,RUB,1,1
2019-12-06,USD,63.8135,1
2019-12-07,EUR,70.7594,1
2019-12-07,GBP,83.7006,1
2019-12-07,RUB,1,1
2019-12-07,USD,63.7185,1
2019-12-08,EUR,70.7594,1
2019-12-08,GBP,83.7006,1
2019-12-08,RUB,1,1
2019-12-08,USD,63.7185,1
2019-12-09,EUR,70.7594,1
2019-12-09,GBP,83.7006,1
2019-12-09,RUB,1,1
2019-12-09,USD,63.7185,1
2019-12-10,EUR,70.5047,1
2019-12-10,GBP,83.8804,1
2019-12-10,RUB,1,1
2019-12-10,USD,63.7244,1
2019-12-11,EUR,70.3881,1
2019-12-11,GBP,83.5489,1
2019-12-11,RUB,1,1
2019-12-11,USD,63.5788,1
2019-12-12,EUR,70.4558,1
2019-12-12,GBP,83.3913,1
2019-12-12,RUB,1,1
2019-12-12,USD,63.5653,1
2019-12-13,EUR,70.4271,1
2019-12-13,GBP,83.4959,1
2019-12-13,RUB,1,1
2019-12-13,USD,63.2257,1
2019-12-14,EUR,69.8608,1
2019-12-14,GBP,83.8542,1
2019-12-14,RUB,1,1
2019-12-14,USD,62.5544,1
2019-12-15,EUR,69.8608,1
2019-12-15,GBP,83.8542,1
2019-12-15,RUB,1,1
2019-12-15,USD,62.5544,1
2019-12-16,EUR,69.8608,1
2019-12-16,GBP,83.8542,1
2019-12-16,RUB,1,1
2019-12-16,USD,62.5544,1
2019-12-17,EUR,69.9431,1
2019-12-17,GBP,83.9969,1
2019-12-17,RUB,1,1
2019-12-17,USD,62.7686,1
2019-12-18,EUR,69.6801,1
2019-12-18,GBP,82.493,1
2019-12-18,RUB,1,1
2019-12-18,USD,62.5326,1
2019-12-19,EUR,69.6925,1
2019-12-19,GBP,82.0715,1
2019-12-19,RUB,1,1
2019-12-19,USD,62.5831,1
2019-12-20,EUR,69.5877,1
2019-12-20,GBP,82.0184,1
2019-12-20,RUB,1,1
2019-12-20,USD,62.5283,1
2019-12-21,EUR,69.378,1
2019-12-21,GBP,81.2977,1
2019-12-21,RUB,1,1
2019-12-21,USD,62.4071,1
2019-12-22,EUR,69.378,1
2019-12-22,GBP,81.2977,1
2019-12-22,RUB,1,1
2019-12-22,USD,62.4071,1
2019-12-23,EUR,69.378,1
2019-12-23,GBP,81.2977,1
2019-12-23,RUB,1,1
2019-12-23,USD,62.4071,1
2019-12-24,EUR,68.9978,1
2019-12-24,GBP,81.068,1
2019-12-24,RUB,1,1
2019-12-24,USD,62.2499,1
2019-12-25,EUR,68.9062,1
2019-12-25,GBP,80.4072,1
2019-12-25,RUB,1,1
2019-12-25,USD,62.1673,1
2019-12-26,EUR,68.4065,1
2019-12-26,GBP,80.1079,1
2019-12-26,RUB,1,1
2019-12-26,USD,61.7164,1
2019-12-27,EUR,68.5003,1
2019-12-27,GBP,80.2114,1
2019-12-27,RUB,1,1
2019-12-27,USD,61.7676,1
2019-12-28,EUR,69.0349,1
2019-12-28,GBP,80.827,1
2019-12-28,RUB,1,1
2019-12-28,USD,62.0315,1
2019-12-29,EUR,69.0349,1
2019-12-29,GBP,80.827,1
2019-12-29,RUB,1,1
2019-12-29,USD,62.0315,1
2019-12-30,EUR,69.0349,1
2019-12-30,GBP,80.827,1
2019-12-30,RUB,1,1
2019-12-30,USD,62.0315,1
2019-12-31,EUR,69.3406,1
2019-12-31,GBP,81.146,1
2019-12-31,RUB,1,1
2019-12-31,USD,61.9057,1
2020-01-01,EUR,69.3777,1
2020-01-01,GBP,81.3069,1
2020-01-01,RUB,1,1
2020-01-01,USD,61.9057,1
2020-01-02,EUR,69.3777,1
2020-01-02,GBP,81.3069,1
2020-01-02,RUB,1,1
2020-01-02,USD,61.9057,1
2020-01-03,EUR,69.3777,1
2020-01-03,GBP,81.3069,1
2020-01-03,RUB,1,1
2020-01-03,USD,61.9057,1
2020-01-04,EUR,69.3777,1
2020-01-04,GBP,81.3069,1
2020-01-04,RUB,1,1
2020-01-04,USD,61.9057,1
2020-01-05,EUR,69.3777,1
2020-01-05,GBP,81.3069,1
2020-01-05,RUB,1,1
2020-01-05,USD,61.9057,1
2020-01-06,EUR,69.3777,1
2020-01-06,GBP,81.3069,1
2020-01-06,RUB,1,1
2020-01-06,USD,61.9057,1
2020-01-07,EUR,69.3777,1
2020-01-07,GBP,81.3069,1
2020-01-07,RUB,1,1
2020-01-07,USD,61.9057,1
2020-01-08,EUR,69.3777,1
2020-01-08,GBP,81.3069,1
2020-01-08,RUB,1,1
2020-01-08,USD,61.9057,1
2020-01-09,EUR,69.3777,1
2020-01-09,GBP,81.3069,1
2020-01-09,RUB,1,1
2020-01-09,USD,61.9057,1
2020-01-10,EUR,68.0555,1
2020-01-10,GBP,80.2533,1
2020-01-10,RUB,1,1
2020-01-10,USD,61.234,1
2020-01-11,EUR,68.045,1
2020-01-11,GBP,80.071,1
2020-01-11,RUB,1,1
2020-01-11,USD,61.2632,1
2020-01-12,EUR,68.045,1
2020-01-12,GBP,80.071,1
2020-01-12,RUB,1,1
2020-01-12,USD,61.2632,1
2020-01-13,EUR,68.045,1
2020-01-13,GBP,80.071,1
2020-01-13,RUB,1,1
2020-01-13,USD,61.2632,1
2020-01-14,EUR,67.8162,1
2020-01-14,GBP,79.2072,1
2020-01-14,RUB,1,1
2020-01-14,USD,60.9474,1
2020-01-15,EUR,68.4213,1
2020-01-15,GBP,79.6662,1
2020-01-15,RUB,1,1
2020-01-15,USD,61.414,1
2020-01-16,EUR,68.3747,1
2020-01-16,GBP,79.9548,1
2020-01-16,RUB,1,1
2020-01-16,USD,61.4328,1
2020-01-17,EUR,68.656,1
2020-01-17,GBP,80.3111,1
2020-01-17,RUB,1,1
2020-01-17,USD,61.5694,1
2020-01-18,EUR,68.5358,1
2020-01-18,GBP,80.4917,1
2020-01-18,RUB,1,1
2020-01-18,USD,61.5333,1
2020-01-19,EUR,68.5358,1
2020-01-19,GBP,80.4917,1
2020-01-19,RUB,1,1
2020-01-19,USD,61.5333,1
2020-01-20,EUR,68.5358,1
2020-01-20,GBP,80.4917,1
2020-01-20,RUB,1,1
2020-01-20,USD,61.5333,1
2020-01-21,EUR,68.2082,1
2020-01-21,GBP,79.7759,1
2020-01-21,RUB,1,1
2020-01-21,USD,61.4654,1
2020-01-22,EUR,68.6222,1
2020-01-22,GBP,80.4674,1
2020-01-22,RUB,1,1
2020-01-22,USD,61.8552,1
2020-01-23,EUR,68.5186,1
2020-01-23,GBP,80.6752,1
2020-01-23,RUB,1,1
2020-01-23,USD,61.8343,1
2020-01-24,EUR,68.6856,1
2020-01-24,GBP,81.3919,1
2020-01-24,RUB,1,1
2020-01-24,USD,61.9515,1
2020-01-25,EUR,68.2924,1
2020-01-25,GBP,81.1104,1
2020-01-25,RUB,1,1
2020-01-25,USD,61.8031,1
2020-01-26,EUR,68.2924,1
2020-01-26,GBP,81.1104,1
2020-01-26,RUB,1,1
2020-01-26,USD,61.8031,1
2020-01-27,EUR,68.2924,1
2020-01-27,GBP,81.1104,1
2020-01-27,RUB,1,1
2020-01-27,USD,61.8031,1
2020-01-28,EUR,68.7775,1
2020-01-28,GBP,81.5194,1
2020-01-28,RUB,1,1
2020-01-28,USD,62.338,1
2020-01-29,EUR,69.226,1
2020-01-29,GBP,81.7605,1
2020-01-29,RUB,1,1
2020-01-29,USD,62.8299,1
2020-01-30,EUR,68.6764,1
2020-01-30,GBP,81.1988,1
2020-01-30,RUB,1,1
2020-01-30,USD,62.3934,1
2020-01-31,EUR,69.4151,1
2020-01-31,GBP,81.8332,1
2020-01-31,RUB,1,1
2020-01-31,USD,63.0359,1
2020-02-01,EUR,69.5976,1
2020-02-01,GBP,82.964,1
2020-02-01,RUB,1,1
2020-02-01,USD,63.1385,1
2020-02-02,EUR,69.5976,1
2020-02-02,GBP,82.964,1
2020-02-02,RUB,1,1
2020-02-02,USD,63.1385,1
2020-02-03,EUR,69.5976,1
2020-02-03,GBP,82.964,1
2020-02-03,RUB,1,1
2020-02-03,USD,63.1385,1
2020-02-04,EUR,70.7921,1
2020-02-04,GBP,83.9766,1
2020-02-04,RUB,1,1
2020-02-04,USD,63.9091,1
2020-02-05,EUR,70.1265,1
2020-02-05,GBP,82.2678,1
2020-02-05,RUB,1,1
2020-02-05,USD,63.4342,1
2020-02-06,EUR,69.7443,1
2020-02-06,GBP,82.4297,1
2020-02-06,RUB,1,1
2020-02-06,USD,63.1742,1
2020-02-07,EUR,69.0837,1
2020-02-07,GBP,81.5554,1
2020-02-07,RUB,1,1
2020-02-07,USD,62.7977,1
2020-02-08,EUR,69.6288,1
2020-02-08,GBP,82.0756,1
2020-02-08,RUB,1,1
2020-02-08,USD,63.472,1
2020-02-09,EUR,69.6288,1
2020-02-09,GBP,82.0756,1
2020-02-09,RUB,1,1
2020-02-09,USD,63.472,1
2020-02-10,EUR,69.6288,1
2020-02-10,GBP,82.0756,1
2020-02-10,RUB,1,1
2020-02-10,USD,63.472,1
2020-02-11,EUR,69.8226,1
2020-02-11,GBP,82.1177,1
2020-02-11,RUB,1,1
2020-02-11,USD,63.7708,1
2020-02-12,EUR,69.7684,1
2020-02-12,GBP,82.5198,1
2020-02-12,RUB,1,1
2020-02-12,USD,63.949,1
2020-02-13,EUR,68.7843,1
2020-02-13,GBP,81.7657,1
2020-02-13,RUB,1,1
2020-02-13,USD,63.047,1
2020-02-14,EUR,69.1795,1
2020-02-14,GBP,82.5485,1
2020-02-14,RUB,1,1
2020-02-14,USD,63.6016,1
2020-02-15,EUR,68.771,1
2020-02-15,GBP,82.7816,1
2020-02-15,RUB,1,1
2020-02-15,USD,63.4536,1
2020-02-16,EUR,68.771,1
2020-02-16,GBP,82.7816,1
2020-02-16,RUB,1,1
2020-02-16,USD,63.4536,1
2020-02-17,EUR,68.771,1
2020-02-17,GBP,82.7816,1
2020-02-17,RUB,1,1
2020-02-17,USD,63.4536,1
2020-02-18,EUR,68.6201,1
2020-02-18,GBP,82.5796,1
2020-02-18,RUB,1,1
2020-02-18,USD,63.3085,1
2020-02-19,EUR,69.0882,1
2020-02-19,GBP,82.7987,1
2020-02-19,RUB,1,1
2020-02-19,USD,63.7698,1
2020-02-20,EUR,68.7823,1
2020-02-20,GBP,82.8827,1
2020-02-20,RUB,1,1
2020-02-20,USD,63.6873,1
2020-02-21,EUR,68.7705,1
2020-02-21,GBP,82.2263,1
2020-02-21,RUB,1,1
2020-02-21,USD,63.7413,1
2020-02-22,EUR,69.4191,1
2020-02-22,GBP,82.9866,1
2020-02-22,RUB,1,1
2020-02-22,USD,64.3008,1
2020-02-23,EUR,69.4191,1
2020-02-23,GBP,82.9866,1
2020-02-23,RUB,1,1
2020-02-23,USD,64.3008,1
2020-02-24,EUR,69.4191,1
2020-02-24,GBP,82.9866,1
2020-02-24,RUB,1,1
2020-02-24,USD,64.3008,1
2020-02-25,EUR,69.4191,1
2020-02-25,GBP,82.9866,1
2020-02-25,RUB,1,1
2020-02-25,USD,64.3008,1
2020-02-26,EUR,70.4591,1
2020-02-26,GBP,84.125,1
2020-02-26,RUB,1,1
2020-02-26,USD,64.9213,1
2020-02-27,EUR,71.2439,1
2020-02-27,GBP,85.0682,1
2020-02-27,RUB,1,1
2020-02-27,USD,65.5177,1
2020-02-28,EUR,71.6458,1
2020-02-28,GBP,84.899,1
2020-02-28,RUB,1,1
2020-02-28,USD,65.6097,1
2020-02-29,EUR,73.7235,1
2020-02-29,GBP,86.2307,1
2020-02-29,RUB,1,1
2020-02-29,USD,66.9909,1
2020-03-01,EUR,73.7235,1
2020-03-01,GBP,86.2307,1
2020-03-01,RUB,1,1
2020-03-01,USD,66.9909,1
2020-03-02,EUR,73.7235,1
2020-03-02,GBP,86.2307,1
2020-03-02,RUB,1,1
2020-03-02,USD,66.9909,1
2020-03-03,EUR,73.4178,1
2020-03-03,GBP,84.8195,1
2020-03-03,RUB,1,1
2020-03-03,USD,66.3274,1
2020-03-04,EUR,73.9385,1
2020-03-04,GBP,84.9217,1
2020-03-04,RUB,1,1
2020-03-04,USD,66.4437,1
2020-03-05,EUR,73.7369,1
2020-03-05,GBP,84.5011,1
2020-03-05,RUB,1,1
2020-03-05,USD,66.0784,1
2020-03-06,EUR,73.6842,1
2020-03-06,GBP,85.399,1
2020-03-06,RUB,1,1
2020-03-06,USD,66.1854,1
2020-03-07,EUR,75.8424,1
2020-03-07,GBP,87.5972,1
2020-03-07,RUB,1,1
2020-03-07,USD,67.5175,1
2020-03-08,EUR,75.8424,1
2020-03-08,GBP,87.5972,1
2020-03-08,RUB,1,1
2020-03-08,USD,67.5175,1
2020-03-09,EUR,75.8424,1
2020-03-09,GBP,87.5972,1
2020-03-09,RUB,1,1
2020-03-09,USD,67.5175,1
2020-03-10,EUR,75.8424,1
2020-03-10,GBP,87.5972,1
2020-03-10,RUB,1,1
2020-03-10,USD,67.5175,1
2020-03-11,EUR,81.8588,1
2020-03-11,GBP,94.052,1
2020-03-11,RUB,1,1
2020-03-11,USD,72.0208,1
2020-03-12,EUR,81.0207,1
2020-03-12,GBP,92.5277,1
2020-03-12,RUB,1,1
2020-03-12,USD,71.472,1
2020-03-13,EUR,83.6584,1
2020-03-13,GBP,94.7329,1
2020-03-13,RUB,1,1
2020-03-13,USD,74.0274,1
2020-03-14,EUR,81.861,1
2020-03-14,GBP,92.2684,1
2020-03-14,RUB,1,1
2020-03-14,USD,73.1882,1
2020-03-15,EUR,81.861,1
2020-03-15,GBP,92.2684,1
2020-03-15,RUB,1,1
2020-03-15,USD,73.1882,1
2020-03-16,EUR,81.861,1
2020-03-16,GBP,92.2684,1
2020-03-16,RUB,1,1
2020-03-16,USD,73.1882,1
2020-03-17,EUR,82.7471,1
2020-03-17,GBP,91.7015,1
2020-03-17,RUB,1,1
2020-03-17,USD,74.1262,1
2020-03-18,EUR,82.3056,1
2020-03-18,GBP,90.2192,1
2020-03-18,RUB,1,1
2020-03-18,USD,73.8896,1
2020-03-19,EUR,84.8881,1
2020-03-19,GBP,93.0263,1
2020-03-19,RUB,1,1
2020-03-19,USD,77.2131,1
2020-03-20,EUR,87.2669,1
2020-03-20,GBP,92.4851,1
2020-03-20,RUB,1,1
2020-03-20,USD,80.157,1
2020-03-21,EUR,84.1552,1
2020-03-21,GBP,92.4981,1
2020-03-21,RUB,1,1
2020-03-21,USD,78.0443,1
2020-03-22,EUR,84.1552,1
2020-03-22,GBP,92.4981,1
2020-03-22,RUB,1,1
2020-03-22,USD,78.0443,1
2020-03-23,EUR,84.1552,1
2020-03-23,GBP,92.4981,1
2020-03-23,RUB,1,1
2020-03-23,USD,78.0443,1
2020-03-24,EUR,86.705,1
2020-03-24,GBP,93.96,1
2020-03-24,RUB,1,1
2020-03-24,USD,80.8815,1
2020-03-25,EUR,85.4253,1
2020-03-25,GBP,91.82,1
2020-03-25,RUB,1,1
2020-03-25,USD,78.8493,1
2020-03-26,EUR,84.1485,1
2020-03-26,GBP,92.2778,1
2020-03-26,RUB,1,1
2020-03-26,USD,77.7928,1
2020-03-27,EUR,85.9648,1
2020-03-27,GBP,93.8291,1
2020-03-27,RUB,1,1
2020-03-27,USD,78.7223,1
2020-03-28,EUR,85.7389,1
2020-03-28,GBP,94.5771,1
2020-03-28,RUB,1,1
2020-03-28,USD,77.7325,1
2020-03-29,EUR,85.7389,1
2020-03-29,GBP,94.5771,1
2020-03-29,RUB,1,1
2020-03-29,USD,77.7325,1
2020-03-30,EUR,85.7389,1
2020-03-30,GBP,94.5771,1
2020-03-30,RUB,1,1
2020-03-30,USD,77.7325,1
2020-03-31,EUR,85.7389,1
2020-03-31,GBP,94.5771,1
2020-03-31,RUB,1,1
2020-03-31,USD,77.7325,1
2020-04-01,EUR,85.7389,1
2020-04-01,GBP,94.5771,1
2020-04-01,RUB,1,1
2020-04-01,USD,77.7325,1
2020-04-02,EUR,85.7389,1
2020-04-02,GBP,94.5771,1
2020-04-02,RUB,1,1
2020-04-02,USD,77.7325,1
2020-04-03,EUR,85.7389,1
2020-04-03,GBP,94.5771,1
2020-04-03,RUB,1,1
2020-04-03,USD,77.7325,1
2020-04-04,EUR,85.7389,1
2020-04-04,GBP,94.5771,1
2020-04-04,RUB,1,1
2020-04-04,USD,77.7325,1
2020-04-05,EUR,85.7389,1
2020-04-05,GBP,94.5771,1
2020-04-05,RUB,1,1
2020-04-05,USD,77.7325,1
2020-04-06,EUR,85.7389,1
2020-04-06,GBP,94.5771,1
2020-04-06,RUB,1,1
2020-04-06,USD,77.7325,1
2020-04-07,EUR,82.6346,1
2020-04-07,GBP,93.9429,1
2020-04-07,RUB,1,1
2020-04-07,USD,76.4074,1
2020-04-08,EUR,82.012,1
2020-04-08,GBP,93.0662,1
2020-04-08,RUB,1,1
2020-04-08,USD,75.455,1
2020-04-09,EUR,82.2341,1
2020-04-09,GBP,93.233,1
2020-04-09,RUB,1,1
2020-04-09,USD,75.7499,1
2020-04-10,EUR,81.0882,1
2020-04-10,GBP,92.5177,1
2020-04-10,RUB,1,1
2020-04-10,USD,74.605,1
2020-04-11,EUR,80.7358,1
2020-04-11,GBP,91.9607,1
2020-04-11,RUB,1,1
2020-04-11,USD,73.7515,1
2020-04-12,EUR,80.7358,1
2020-04-12,GBP,91.9607,1
2020-04-12,RUB,1,1
2020-04-12,USD,73.7515,1
2020-04-13,EUR,80.7358,1
2020-04-13,GBP,91.9607,1
2020-04-13,RUB,1,1
2020-04-13,USD,73.7515,1
2020-04-14,EUR,80.5387,1
2020-04-14,GBP,91.9277,1
2020-04-14,RUB,1,1
2020-04-14,USD,73.5245,1
2020-04-15,EUR,80.1186,1
2020-04-15,GBP,92.1203,1
2020-04-15,RUB,1,1
2020-04-15,USD,73.315,1
2020-04-16,EUR,80.6731,1
2020-04-16,GBP,92.2684,1
2020-04-16,RUB,1,1
2020-04-16,USD,73.7145,1
2020-04-17,EUR,81.2791,1
2020-04-17,GBP,93.3301,1
2020-04-17,RUB,1,1
2020-04-17,USD,74.7119,1
2020-04-18,EUR,80.111,1
2020-04-18,GBP,92.0456,1
2020-04-18,RUB,1,1
2020-04-18,USD,73.9441,1
2020-04-19,EUR,80.111,1
2020-04-19,GBP,92.0456,1
2020-04-19,RUB,1,1
2020-04-19,USD,73.9441,1
2020-04-20,EUR,80.111,1
2020-04-20,GBP,92.0456,1
2020-04-20,RUB,1,1
2020-04-20,USD,73.9441,1
2020-04-21,EUR,81.1019,1
2020-04-21,GBP,92.8916,1
2020-04-21,RUB,1,1
2020-04-21,USD,74.6657,1
2020-04-22,EUR,82.616,1
2020-04-22,GBP,94.4891,1
2020-04-22,RUB,1,1
2020-04-22,USD,76.2562,1
2020-04-23,EUR,83.6826,1
2020-04-23,GBP,94.8998,1
2020-04-23,RUB,1,1
2020-04-23,USD,77.0416,1
2020-04-24,EUR,81.1468,1
2020-04-24,GBP,92.7092,1
2020-04-24,RUB,1,1
2020-04-24,USD,75.129,1
2020-04-25,EUR,80.2528,1
2020-04-25,GBP,91.9309,1
2020-04-25,RUB,1,1
2020-04-25,USD,74.7163,1
2020-04-26,EUR,80.2528,1
2020-04-26,GBP,91.9309,1
2020-04-26,RUB,1,1
2020-04-26,USD,74.7163,1
2020-04-27,EUR,80.2528,1
2020-04-27,GBP,91.9309,1
2020-04-27,RUB,1,1
2020-04-27,USD,74.7163,1
2020-04-28,EUR,80.7611,1
2020-04-28,GBP,92.5613,1
2020-04-28,RUB,1,1
2020-04-28,USD,74.496,1
2020-04-29,EUR,80.7749,1
2020-04-29,GBP,92.9746,1
2020-04-29,RUB,1,1
2020-04-29,USD,74.5706,1
2020-04-30,EUR,80.0488,1
2020-04-30,GBP,91.7359,1
2020-04-30,RUB,1,1
2020-04-30,USD,73.6894,1
2020-05-01,EUR,79.1189,1
2020-05-01,GBP,90.6679,1
2020-05-01,RUB,1,1
2020-05-01,USD,72.7263,1
2020-05-02,EUR,79.1189,1
2020-05-02,GBP,90.6679,1
2020-05-02,RUB,1,1
2020-05-02,USD,72.7263,1
2020-05-03,EUR,79.1189,1
2020-05-03,GBP,90.6679,1
2020-05-03,RUB,1,1
2020-05-03,USD,72.7263,1
2020-05-04,EUR,79.1189,1
2020-05-04,GBP,90.6679,1
2020-05-04,RUB,1,1
2020-05-04,USD,72.7263,1
2020-05-05,EUR,79.1189,1
2020-05-05,GBP,90.6679,1
2020-05-05,RUB,1,1
2020-05-05,USD,72.7263,1
2020-05-06,EUR,79.1189,1
2020-05-06,GBP,90.6679,1
2020-05-06,RUB,1,1
2020-05-06,USD,72.7263,1
2020-05-07,EUR,80.0598,1
2020-05-07,GBP,91.5402,1
2020-05-07,RUB,1,1
2020-05-07,USD,73.9719,1
2020-05-08,EUR,80.0611,1
2020-05-08,GBP,91.6455,1
2020-05-08,RUB,1,1
2020-05-08,USD,74.1169,1
2020-05-09,EUR,80.0039,1
2020-05-09,GBP,91.5059,1
2020-05-09,RUB,1,1
2020-05-09,USD,73.8725,1
2020-05-10,EUR,80.0039,1
2020-05-10,GBP,91.5059,1
2020-05-10,RUB,1,1
2020-05-10,USD,73.8725,1
2020-05-11,EUR,80.0039,1
2020-05-11,GBP,91.5059,1
2020-05-11,RUB,1,1
2020-05-11,USD,73.8725,1
2020-05-12,EUR,80.0039,1
2020-05-12,GBP,91.5059,1
2020-05-12,RUB,1,1
2020-05-12,USD,73.8725,1
2020-05-13,EUR,79.4394,1
2020-05-13,GBP,90.5571,1
2020-05-13,RUB,1,1
2020-05-13,USD,73.4326,1
2020-05-14,EUR,79.7775,1
2020-05-14,GBP,90.3144,1
2020-05-14,RUB,1,1
2020-05-14,USD,73.5819,1
2020-05-15,EUR,79.9033,1
2020-05-15,GBP,90.2683,1
2020-05-15,RUB,1,1
2020-05-15,USD,73.9298,1
2020-05-16,EUR,79.1279,1
2020-05-16,GBP,89.384,1
2020-05-16,RUB,1,1
2020-05-16,USD,73.2056,1
2020-05-17,EUR,79.1279,1
2020-05-17,GBP,89.384,1
2020-05-17,RUB,1,1
2020-05-17,USD,73.2056,1
2020-05-18,EUR,79.1279,1
2020-05-18,GBP,89.384,1
2020-05-18,RUB,1,1
2020-05-18,USD,73.2056,1
2020-05-19,EUR,78.9422,1
2020-05-19,GBP,88.4296,1
2020-05-19,RUB,1,1
2020-05-19,USD,72.9798,1
2020-05-20,EUR,79.1677,1
2020-05-20,GBP,88.5352,1
2020-05-20,RUB,1,1
2020-05-20,USD,72.3918,1
2020-05-21,EUR,79.1813,1
2020-05-21,GBP,88.5057,1
2020-05-21,RUB,1,1
2020-05-21,USD,72.3381,1
2020-05-22,EUR,77.7965,1
2020-05-22,GBP,86.5556,1
2020-05-22,RUB,1,1
2020-05-22,USD,70.924,1
2020-05-23,EUR,78.4431,1
2020-05-23,GBP,87.5216,1
2020-05-23,RUB,1,1
2020-05-23,USD,71.8804,1
2020-05-24,EUR,78.4431,1
2020-05-24,GBP,87.5216,1
2020-05-24,RUB,1,1
2020-05-24,USD,71.8804,1
2020-05-25,EUR,78.4431,1
2020-05-25,GBP,87.5216,1
2020-05-25,RUB,1,1
2020-05-25,USD,71.8804,1
2020-05-26,EUR,77.8823,1
2020-05-26,GBP,87.1326,1
2020-05-26,RUB,1,1
2020-05-26,USD,71.5962,1
2020-05-27,EUR,77.7854,1
2020-05-27,GBP,87.24,1
2020-05-27,RUB,1,1
2020-05-27,USD,71.1408,1
2020-05-28,EUR,77.9069,1
2020-05-28,GBP,87.465,1
2020-05-28,RUB,1,1
2020-05-28,USD,71.0635,1
2020-05-29,EUR,78.2611,1
2020-05-29,GBP,87.0919,1
2020-05-29,RUB,1,1
2020-05-29,USD,71.1012,1
2020-05-30,EUR,78.5489,1
2020-05-30,GBP,87.0603,1
2020-05-30,RUB,1,1
2020-05-30,USD,70.752,1
2020-05-31,EUR,78.5489,1
2020-05-31,GBP,87.0603,1
2020-05-31,RUB,1,1
2020-05-31,USD,70.752,1
2020-06-01,EUR,78.5489,1
2020-06-01,GBP,87.0603,1
2020-06-01,RUB,1,1
2020-06-01,USD,70.752,1
2020-06-02,EUR,77.6376,1
2020-06-02,GBP,86.4561,1
2020-06-02,RUB,1,1
2020-06-02,USD,69.7114,1
2020-06-03,EUR,76.7782,1
2020-06-03,GBP,86.4289,1
2020-06-03,RUB,1,1
2020-06-03,USD,68.9831,1
2020-06-04,EUR,76.6243,1
2020-06-04,GBP,86.0007,1
2020-06-04,RUB,1,1
2020-06-04,USD,68.3413,1
2020-06-05,EUR,77.3245,1
2020-06-05,GBP,86.3379,1
2020-06-05,RUB,1,1
2020-06-05,USD,69.0151,1
2020-06-06,EUR,77.9658,1
2020-06-06,GBP,86.8468,1
2020-06-06,RUB,1,1
2020-06-06,USD,68.6319,1
2020-06-07,EUR,77.9658,1
2020-06-07,GBP,86.8468,1
2020-06-07,RUB,1,1
2020-06-07,USD,68.6319,1
2020-06-08,EUR,77.9658,1
2020-06-08,GBP,86.8468,1
2020-06-08,RUB,1,1
2020-06-08,USD,68.6319,1
2020-06-09,EUR,77.1861,1
2020-06-09,GBP,86.6883,1
2020-06-09,RUB,1,1
2020-06-09,USD,68.3123,1
2020-06-10,EUR,77.3481,1
2020-06-10,GBP,86.9007,1
2020-06-10,RUB,1,1
2020-06-10,USD,68.6745,1
2020-06-11,EUR,77.9229,1
2020-06-11,GBP,87.6462,1
2020-06-11,RUB,1,1
2020-06-11,USD,68.6183,1
2020-06-12,EUR,78.5225,1
2020-06-12,GBP,87.6673,1
2020-06-12,RUB,1,1
2020-06-12,USD,69.1219,1
2020-06-13,EUR,78.5225,1
2020-06-13,GBP,87.6673,1
2020-06-13,RUB,1,1
2020-06-13,USD,69.1219,1
2020-06-14,EUR,78.5225,1
2020-06-14,GBP,87.6673,1
2020-06-14,RUB,1,1
2020-06-14,USD,69.1219,1
2020-06-15,EUR,78.5225,1
2020-06-15,GBP,87.6673,1
2020-06-15,RUB,1,1
2020-06-15,USD,69.1219,1
2020-06-16,EUR,79.1451,1
2020-06-16,GBP,88.2613,1
2020-06-16,RUB,1,1
2020-06-16,USD,70.395,1
2020-06-17,EUR,79.0434,1
2020-06-17,GBP,88.0624,1
2020-06-17,RUB,1,1
2020-06-17,USD,69.7524,1
2020-06-18,EUR,78.3829,1
2020-06-18,GBP,87.36,1
2020-06-18,RUB,1,1
2020-06-18,USD,69.4822,1
2020-06-19,EUR,78.2924,1
2020-06-19,GBP,87.1687,1
2020-06-19,RUB,1,1
2020-06-19,USD,69.618,1
2020-06-20,EUR,78.0047,1
2020-06-20,GBP,86.3951,1
2020-06-20,RUB,1,1
2020-06-20,USD,69.5725,1
2020-06-21,EUR,78.0047,1
2020-06-21,GBP,86.3951,1
2020-06-21,RUB,1,1
2020-06-21,USD,69.5725,1
2020-06-22,EUR,78.0047,1
2020-06-22,GBP,86.3951,1
2020-06-22,RUB,1,1
2020-06-22,USD,69.5725,1
2020-06-23,EUR,77.8285,1
2020-06-23,GBP,86.2846,1
2020-06-23,RUB,1,1
2020-06-23,USD,69.4835,1
2020-06-24,EUR,77.6832,1
2020-06-24,GBP,86.0263,1
2020-06-24,RUB,1,1
2020-06-24,USD,68.8376,1
2020-06-25,EUR,77.759,1
2020-06-25,GBP,85.93,1
2020-06-25,RUB,1,1
2020-06-25,USD,68.8376,1
2020-06-26,EUR,78.0589,1
2020-06-26,GBP,86.4157,1
2020-06-26,RUB,1,1
2020-06-26,USD,69.466,1
2020-06-27,EUR,77.5413,1
2020-06-27,GBP,85.7607,1
2020-06-27,RUB,1,1
2020-06-27,USD,69.1284,1
2020-06-28,EUR,77.5413,1
2020-06-28,GBP,85.7607,1
2020-06-28,RUB,1,1
2020-06-28,USD,69.1284,1
2020-06-29,EUR,77.5413,1
2020-06-29,GBP,85.7607,1
2020-06-29,RUB,1,1
2020-06-29,USD,69.1284,1
2020-06-30,EUR,78.6812,1
2020-06-30,GBP,86.3619,1
2020-06-30,RUB,1,1
2020-06-30,USD,69.9513,1
2020-07-01,EUR,78.9929,1
2020-07-01,GBP,86.5724,1
2020-07-01,RUB,1,1
2020-07-01,USD,70.4413,1
2020-07-02,EUR,79.1901,1
2020-07-02,GBP,87.3965,1
2020-07-02,RUB,1,1
2020-07-02,USD,70.4413,1
2020-07-03,EUR,79.5181,1
2020-07-03,GBP,88.2485,1
2020-07-03,RUB,1,1
2020-07-03,USD,70.5198,1
2020-07-04,EUR,79.2207,1
2020-07-04,GBP,87.8711,1
2020-07-04,RUB,1,1
2020-07-04,USD,70.4999,1
2020-07-05,EUR,79.2207,1
2020-07-05,GBP,87.8711,1
2020-07-05,RUB,1,1
2020-07-05,USD,70.4999,1
2020-07-06,EUR,79.2207,1
2020-07-06,GBP,87.8711,1
2020-07-06,RUB,1,1
2020-07-06,USD,70.4999,1
2020-07-07,EUR,80.5581,1
2020-07-07,GBP,89.0905,1
2020-07-07,RUB,1,1
2020-07-07,USD,71.3409,1
2020-07-08,EUR,81.4676,1
2020-07-08,GBP,90.0272,1
2020-07-08,RUB,1,1
2020-07-08,USD,72.1719,1
2020-07-09,EUR,80.4062,1
2020-07-09,GBP,89.3679,1
2020-07-09,RUB,1,1
2020-07-09,USD,71.2379,1
2020-07-10,EUR,80.4134,1
2020-07-10,GBP,89.5994,1
2020-07-10,RUB,1,1
2020-07-10,USD,70.88,1
2020-07-11,EUR,80.2689,1
2020-07-11,GBP,89.6712,1
2020-07-11,RUB,1,1
2020-07-11,USD,71.2298,1
2020-07-12,EUR,80.2689,1
2020-07-12,GBP,89.6712,1
2020-07-12,RUB,1,1
2020-07-12,USD,71.2298,1
2020-07-13,EUR,80.2689,1
2020-07-13,GBP,89.6712,1
2020-07-13,RUB,1,1
2020-07-13,USD,71.2298,1
2020-07-14,EUR,80.0937,1
2020-07-14,GBP,89.199,1
2020-07-14,RUB,1,1
2020-07-14,USD,70.7479,1
2020-07-15,EUR,80.623,1
2020-07-15,GBP,88.9805,1
2020-07-15,RUB,1,1
2020-07-15,USD,71.1275,1
2020-07-16,EUR,80.8392,1
2020-07-16,GBP,89.3493,1
2020-07-16,RUB,1,1
2020-07-16,USD,70.7998,1
2020-07-17,EUR,81.2318,1
2020-07-17,GBP,89.3522,1
2020-07-17,RUB,1,1
2020-07-17,USD,71.231,1
2020-07-18,EUR,81.6821,1
2020-07-18,GBP,89.9507,1
2020-07-18,RUB,1,1
2020-07-18,USD,71.7139,1
2020-07-19,EUR,81.6821,1
2020-07-19,GBP,89.9507,1
2020-07-19,RUB,1,1
2020-07-19,USD,71.7139,1
2020-07-20,EUR,81.6821,1
2020-07-20,GBP,89.9507,1
2020-07-20,RUB,1,1
2020-07-20,USD,71.7139,1
2020-07-21,EUR,82.3902,1
2020-07-21,GBP,90.5292,1
2020-07-21,RUB,1,1
2020-07-21,USD,71.9628,1
2020-07-22,EUR,81.2499,1
2020-07-22,GBP,90.0427,1
2020-07-22,RUB,1,1
2020-07-22,USD,70.9668,1
2020-07-23,EUR,81.5904,1
2020-07-23,GBP,89.5611,1
2020-07-23,RUB,1,1
2020-07-23,USD,70.7881,1
2020-07-24,EUR,82.1893,1
2020-07-24,GBP,90.2224,1
2020-07-24,RUB,1,1
2020-07-24,USD,70.963,1
2020-07-25,EUR,83.1031,1
2020-07-25,GBP,91.1864,1
2020-07-25,RUB,1,1
2020-07-25,USD,71.5974,1
2020-07-26,EUR,83.1031,1
2020-07-26,GBP,91.1864,1
2020-07-26,RUB,1,1
2020-07-26,USD,71.5974,1
2020-07-27,EUR,83.1031,1
2020-07-27,GBP,91.1864,1
2020-07-27,RUB,1,1
2020-07-27,USD,71.5974,1
2020-07-28,EUR,83.7759,1
2020-07-28,GBP,91.8793,1
2020-07-28,RUB,1,1
2020-07-28,USD,71.585,1
2020-07-29,EUR,84.261,1
2020-07-29,GBP,92.4526,1
2020-07-29,RUB,1,1
2020-07-29,USD,71.9196,1
2020-07-30,EUR,84.912,1
2020-07-30,GBP,93.6307,1
2020-07-30,RUB,1,1
2020-07-30,USD,72.2348,1
2020-07-31,EUR,86.2532,1
2020-07-31,GBP,95.2329,1
2020-07-31,RUB,1,1
2020-07-31,USD,73.3633,1
2020-08-01,EUR,87.2889,1
2020-08-01,GBP,96.3277,1
2020-08-01,RUB,1,1
2020-08-01,USD,73.4261,1
2020-08-02,EUR,87.2889,1
2020-08-02,GBP,96.3277,1
2020-08-02,RUB,1,1
2020-08-02,USD,73.4261,1
2020-08-03,EUR,87.2889,1
2020-08-03,GBP,96.3277,1
2020-08-03,RUB,1,1
2020-08-03,USD,73.4261,1
2020-08-04,EUR,87.2253,1
2020-08-04,GBP,97.1107,1
2020-08-04,RUB,1,1
2020-08-04,USD,74.1586,1
2020-08-05,EUR,86.5011,1
2020-08-05,GBP,95.813,1
2020-08-05,RUB,1,1
2020-08-05,USD,73.3806,1
2020-08-06,EUR,86.625,1
2020-08-06,GBP,95.6971,1
2020-08-06,RUB,1,1
2020-08-06,USD,73.2806,1
2020-08-07,EUR,86.6178,1
2020-08-07,GBP,96.1714,1
2020-08-07,RUB,1,1
2020-08-07,USD,73.0397,1
2020-08-08,EUR,87.1722,1
2020-08-08,GBP,96.4211,1
2020-08-08,RUB,1,1
2020-08-08,USD,73.6376,1
2020-08-09,EUR,87.1722,1
2020-08-09,GBP,96.4211,1
2020-08-09,RUB,1,1
2020-08-09,USD,73.6376,1
2020-08-10,EUR,87.1722,1
2020-08-10,GBP,96.4211,1
2020-08-10,RUB,1,1
2020-08-10,USD,73.6376,1
2020-08-11,EUR,86.8258,1
2020-08-11,GBP,96.328,1
2020-08-11,RUB,1,1
2020-08-11,USD,73.775,1
2020-08-12,EUR,85.9246,1
2020-08-12,GBP,95.727,1
2020-08-12,RUB,1,1
2020-08-12,USD,73.1522,1
2020-08-13,EUR,85.956,1
2020-08-13,GBP,95.6743,1
2020-08-13,RUB,1,1
2020-08-13,USD,73.2351,1
2020-08-14,EUR,87.0399,1
2020-08-14,GBP,96.2481,1
2020-08-14,RUB,1,1
2020-08-14,USD,73.6067,1
2020-08-15,EUR,86.4092,1
2020-08-15,GBP,95.671,1
2020-08-15,RUB,1,1
2020-08-15,USD,73.2157,1
2020-08-16,EUR,86.4092,1
2020-08-16,GBP,95.671,1
2020-08-16,RUB,1,1
2020-08-16,USD,73.2157,1
2020-08-17,EUR,86.4092,1
2020-08-17,GBP,95.671,1
2020-08-17,RUB,1,1
2020-08-17,USD,73.2157,1
2020-08-18,EUR,86.4666,1
2020-08-18,GBP,95.4635,1
2020-08-18,RUB,1,1
2020-08-18,USD,72.9676,1
2020-08-19,EUR,87.3401,1
2020-08-19,GBP,96.6073,1
2020-08-19,RUB,1,1
2020-08-19,USD,73.4321,1
2020-08-20,EUR,87.4037,1
2020-08-20,GBP,97.0346,1
2020-08-20,RUB,1,1
2020-08-20,USD,73.2392,1
2020-08-21,EUR,87.4261,1
2020-08-21,GBP,96.4631,1
2020-08-21,RUB,1,1
2020-08-21,USD,73.7711,1
2020-08-22,EUR,87.7343,1
2020-08-22,GBP,97.7822,1
2020-08-22,RUB,1,1
2020-08-22,USD,74.0999,1
2020-08-23,EUR,87.7343,1
2020-08-23,GBP,97.7822,1
2020-08-23,RUB,1,1
2020-08-23,USD,74.0999,1
2020-08-24,EUR,87.7343,1
2020-08-24,GBP,97.7822,1
2020-08-24,RUB,1,1
2020-08-24,USD,74.0999,1
2020-08-25,EUR,87.903,1
2020-08-25,GBP,97.3765,1
2020-08-25,RUB,1,1
2020-08-25,USD,74.4184,1
2020-08-26,EUR,88.059,1
2020-08-26,GBP,97.5146,1
2020-08-26,RUB,1,1
2020-08-26,USD,74.5126,1
2020-08-27,EUR,89.2254,1
2020-08-27,GBP,99.3323,1
2020-08-27,RUB,1,1
2020-08-27,USD,75.5379,1
2020-08-28,EUR,88.996,1
2020-08-28,GBP,99.4236,1
2020-08-28,RUB,1,1
2020-08-28,USD,75.2354,1
2020-08-29,EUR,88.7448,1
2020-08-29,GBP,99.0971,1
2020-08-29,RUB,1,1
2020-08-29,USD,74.6382,1
2020-08-30,EUR,88.7448,1
2020-08-30,GBP,99.0971,1
2020-08-30,RUB,1,1
2020-08-30,USD,74.6382,1
2020-08-31,EUR,88.7448,1
2020-08-31,GBP,99.0971,1
2020-08-31,RUB,1,1
2020-08-31,USD,74.6382,1
2020-09-01,EUR,87.8266,1
2020-09-01,GBP,98.1813,1
2020-09-01,RUB,1,1
2020-09-01,USD,73.8039,1
2020-09-02,EUR,88.1547,1
2020-09-02,GBP,98.8098,1
2020-09-02,RUB,1,1
2020-09-02,USD,73.5849,1
2020-09-03,EUR,87.7369,1
2020-09-03,GBP,98.5793,1
2020-09-03,RUB,1,1
2020-09-03,USD,73.8588,1
2020-09-04,EUR,89.1353,1
2020-09-04,GBP,100.3347,1
2020-09-04,RUB,1,1
2020-09-04,USD,75.468,1
2020-09-05,EUR,89.0384,1
2020-09-05,GBP,99.9398,1
2020-09-05,RUB,1,1
2020-09-05,USD,75.1823,1
2020-09-06,EUR,89.0384,1
2020-09-06,GBP,99.9398,1
2020-09-06,RUB,1,1
2020-09-06,USD,75.1823,1
2020-09-07,EUR,89.0384,1
2020-09-07,GBP,99.9398,1
2020-09-07,RUB,1,1
2020-09-07,USD,75.1823,1
2020-09-08,EUR,89.4771,1
2020-09-08,GBP,99.9615,1
2020-09-08,RUB,1,1
2020-09-08,USD,75.591,1
2020-09-09,EUR,89.7369,1
2020-09-09,GBP,99.7034,1
2020-09-09,RUB,1,1
2020-09-09,USD,75.9645,1
2020-09-10,EUR,89.5663,1
2020-09-10,GBP,98.5504,1
2020-09-10,RUB,1,1
2020-09-10,USD,76.0713,1
2020-09-11,EUR,89.3036,1
2020-09-11,GBP,98.2611,1
2020-09-11,RUB,1,1
2020-09-11,USD,75.5274,1
2020-09-12,EUR,88.6768,1
2020-09-12,GBP,96.0534,1
2020-09-12,RUB,1,1
2020-09-12,USD,74.8896,1
2020-09-13,EUR,88.6768,1
2020-09-13,GBP,96.0534,1
2020-09-13,RUB,1,1
2020-09-13,USD,74.8896,1
2020-09-14,EUR,88.6768,1
2020-09-14,GBP,96.0534,1
2020-09-14,RUB,1,1
2020-09-14,USD,74.8896,1
2020-09-15,EUR,88.5819,1
2020-09-15,GBP,96.016,1
2020-09-15,RUB,1,1
2020-09-15,USD,74.7148,1
2020-09-16,EUR,89.3614,1
2020-09-16,GBP,96.9705,1
2020-09-16,RUB,1,1
2020-09-16,USD,75.1884,1
2020-09-17,EUR,88.8644,1
2020-09-17,GBP,96.6644,1
2020-09-17,RUB,1,1
2020-09-17,USD,74.9278,1
2020-09-18,EUR,88.6313,1
2020-09-18,GBP,97.3839,1
2020-09-18,RUB,1,1
2020-09-18,USD,75.1941,1
2020-09-19,EUR,88.9578,1
2020-09-19,GBP,97.4439,1
2020-09-19,RUB,1,1
2020-09-19,USD,75.0319,1
2020-09-20,EUR,88.9578,1
2020-09-20,GBP,97.4439,1
2020-09-20,RUB,1,1
2020-09-20,USD,75.0319,1
2020-09-21,EUR,88.9578,1
2020-09-21,GBP,97.4439,1
2020-09-21,RUB,1,1
2020-09-21,USD,75.0319,1
2020-09-22,EUR,90.0063,1
2020-09-22,GBP,97.785,1
2020-09-22,RUB,1,1
2020-09-22,USD,76.0381,1
2020-09-23,EUR,89.4813,1
2020-09-23,GBP,97.7719,1
2020-09-23,RUB,1,1
2020-09-23,USD,76.2711,1
2020-09-24,EUR,89.2508,1
2020-09-24,GBP,96.8022,1
2020-09-24,RUB,1,1
2020-09-24,USD,76.3545,1
2020-09-25,EUR,89.9818,1
2020-09-25,GBP,98.2244,1
2020-09-25,RUB,1,1
2020-09-25,USD,77.178,1
2020-09-26,EUR,89.6637,1
2020-09-26,GBP,98.0908,1
2020-09-26,RUB,1,1
2020-09-26,USD,76.8195,1
2020-09-27,EUR,89.6637,1
2020-09-27,GBP,98.0908,1
2020-09-27,RUB,1,1
2020-09-27,USD,76.8195,1
2020-09-28,EUR,89.6637,1
2020-09-28,GBP,98.0908,1
2020-09-28,RUB,1,1
2020-09-28,USD,76.8195,1
2020-09-29,EUR,91.479,1
2020-09-29,GBP,100.7701,1
2020-09-29,RUB,1,1
2020-09-29,USD,78.6713,1
2020-09-30,EUR,93.0237,1
2020-09-30,GBP,102.6097,1
2020-09-30,RUB,1,1
2020-09-30,USD,79.6845,1
2020-10-01,EUR,92.4302,1
2020-10-01,GBP,101.0729,1
2020-10-01,RUB,1,1
2020-10-01,USD,78.7847,1
2020-10-02,EUR,90.7237,1
2020-10-02,GBP,99.4792,1
2020-10-02,RUB,1,1
2020-10-02,USD,77.2774,1
2020-10-03,EUR,91.5779,1
2020-10-03,GBP,101.0114,1
2020-10-03,RUB,1,1
2020-10-03,USD,78.0915,1
2020-10-04,EUR,91.5779,1
2020-10-04,GBP,101.0114,1
2020-10-04,RUB,1,1
2020-10-04,USD,78.0915,1
2020-10-05,EUR,91.5779,1
2020-10-05,GBP,101.0114,1
2020-10-05,RUB,1,1
2020-10-05,USD,78.0915,1
2020-10-06,EUR,91.6599,1
2020-10-06,GBP,101.1603,1
2020-10-06,RUB,1,1
2020-10-06,USD,78.1281,1
2020-10-07,EUR,92.5184,1
2020-10-07,GBP,101.8142,1
2020-10-07,RUB,1,1
2020-10-07,USD,78.5119,1
2020-10-08,EUR,91.8129,1
2020-10-08,GBP,100.8716,1
2020-10-08,RUB,1,1
2020-10-08,USD,78.0921,1
2020-10-09,EUR,91.699,1
2020-10-09,GBP,101.0255,1
2020-10-09,RUB,1,1
2020-10-09,USD,77.9157,1
2020-10-10,EUR,90.7163,1
2020-10-10,GBP,99.7056,1
2020-10-10,RUB,1,1
2020-10-10,USD,77.0284,1
2020-10-11,EUR,90.7163,1
2020-10-11,GBP,99.7056,1
2020-10-11,RUB,1,1
2020-10-11,USD,77.0284,1
2020-10-12,EUR,90.7163,1
2020-10-12,GBP,99.7056,1
2020-10-12,RUB,1,1
2020-10-12,USD,77.0284,1
2020-10-13,EUR,91.0037,1
2020-10-13,GBP,100.3621,1
2020-10-13,RUB,1,1
2020-10-13,USD,77.0239,1
2020-10-14,EUR,91.0732,1
2020-10-14,GBP,100.7416,1
2020-10-14,RUB,1,1
2020-10-14,USD,77.2855,1
2020-10-15,EUR,90.7065,1
2020-10-15,GBP,99.6859,1
2020-10-15,RUB,1,1
2020-10-15,USD,77.2759,1
2020-10-16,EUR,91.4542,1
2020-10-16,GBP,101.1584,1
2020-10-16,RUB,1,1
2020-10-16,USD,77.9461,1
2020-10-17,EUR,91.3041,1
2020-10-17,GBP,100.8625,1
2020-10-17,RUB,1,1
2020-10-17,USD,77.9644,1
2020-10-18,EUR,91.3041,1
2020-10-18,GBP,100.8625,1
2020-10-18,RUB,1,1
2020-10-18,USD,77.9644,1
2020-10-19,EUR,91.3041,1
2020-10-19,GBP,100.8625,1
2020-10-19,RUB,1,1
2020-10-19,USD,77.9644,1
2020-10-20,EUR,91.3115,1
2020-10-20,GBP,101.2234,1
2020-10-20,RUB,1,1
2020-10-20,USD,77.9241,1
2020-10-21,EUR,91.5603,1
2020-10-21,GBP,100.6836,1
2020-10-21,RUB,1,1
2020-10-21,USD,77.778,1
2020-10-22,EUR,91.3448,1
2020-10-22,GBP,100.5116,1
2020-10-22,RUB,1,1
2020-10-22,USD,77.0322,1
2020-10-23,EUR,91.3563,1
2020-10-23,GBP,101.2226,1
2020-10-23,RUB,1,1
2020-10-23,USD,77.0809,1
2020-10-24,EUR,90.4142,1
2020-10-24,GBP,100.1943,1
2020-10-24,RUB,1,1
2020-10-24,USD,76.4667,1
2020-10-25,EUR,90.4142,1
2020-10-25,GBP,100.1943,1
2020-10-25,RUB,1,1
2020-10-25,USD,76.4667,1
2020-10-26,EUR,90.4142,1
2020-10-26,GBP,100.1943,1
2020-10-26,RUB,1,1
2020-10-26,USD,76.4667,1
2020-10-27,EUR,90.4489,1
2020-10-27,GBP,99.5228,1
2020-10-27,RUB,1,1
2020-10-27,USD,76.4443,1
2020-10-28,EUR,90.3552,1
2020-10-28,GBP,99.4458,1
2020-10-28,RUB,1,1
2020-10-28,USD,76.4556,1
2020-10-29,EUR,91.2632,1
2020-10-29,GBP,100.8796,1
2020-10-29,RUB,1,1
2020-10-29,USD,77.552,1
2020-10-30,EUR,92.6011,1
2020-10-30,GBP,102.4678,1
2020-10-30,RUB,1,1
2020-10-30,USD,78.8699,1
2020-10-31,EUR,92.6284,1
2020-10-31,GBP,102.5449,1
2020-10-31,RUB,1,1
2020-10-31,USD,79.3323,1
2020-11-01,EUR,92.6284,1
2020-11-01,GBP,102.5449,1
2020-11-01,RUB,1,1
2020-11-01,USD,79.3323,1
2020-11-02,EUR,92.6284,1
2020-11-02,GBP,102.5449,1
2020-11-02,RUB,1,1
2020-11-02,USD,79.3323,1
2020-11-03,EUR,93.757,1
2020-11-03,GBP,103.708,1
2020-11-03,RUB,1,1
2020-11-03,USD,80.5749,1
2020-11-04,EUR,93.3447,1
2020-11-04,GBP,103.7208,1
2020-11-04,RUB,1,1
2020-11-04,USD,80.0006,1
2020-11-05,EUR,93.3447,1
2020-11-05,GBP,103.7208,1
2020-11-05,RUB,1,1
2020-11-05,USD,80.0006,1
2020-11-06,EUR,92.1229,1
2020-11-06,GBP,102.1417,1
2020-11-06,RUB,1,1
2020-11-06,USD,78.4559,1
2020-11-07,EUR,91.3514,1
2020-11-07,GBP,101.463,1
2020-11-07,RUB,1,1
2020-11-07,USD,77.1875,1
2020-11-08,EUR,91.3514,1
2020-11-08,GBP,101.463,1
2020-11-08,RUB,1,1
2020-11-08,USD,77.1875,1
2020-11-09,EUR,91.3514,1
2020-11-09,GBP,101.463,1
2020-11-09,RUB,1,1
2020-11-09,USD,77.1875,1
2020-11-10,EUR,91.4953,1
2020-11-10,GBP,101.2605,1
2020-11-10,RUB,1,1
2020-11-10,USD,76.9515,1
2020-11-11,EUR,90.3557,1
2020-11-11,GBP,100.9597,1
2020-11-11,RUB,1,1
2020-11-11,USD,76.3978,1
2020-11-12,EUR,90.0468,1
2020-11-12,GBP,101.1959,1
2020-11-12,RUB,1,1
2020-11-12,USD,76.2075,1
2020-11-13,EUR,90.8104,1
2020-11-13,GBP,101.6682,1
2020-11-13,RUB,1,1
2020-11-13,USD,77.1148,1
2020-11-14,EUR,91.3222,1
2020-11-14,GBP,101.7535,1
2020-11-14,RUB,1,1
2020-11-14,USD,77.3262,1
2020-11-15,EUR,91.3222,1
2020-11-15,GBP,101.7535,1
2020-11-15,RUB,1,1
2020-11-15,USD,77.3262,1
2020-11-16,EUR,91.3222,1
2020-11-16,GBP,101.7535,1
2020-11-16,RUB,1,1
2020-11-16,USD,77.3262,1
2020-11-17,EUR,91.1729,1
2020-11-17,GBP,101.6955,1
2020-11-17,RUB,1,1
2020-11-17,USD,76.9197,1
2020-11-18,EUR,90.3903,1
2020-11-18,GBP,100.7455,1
2020-11-18,RUB,1,1
2020-11-18,USD,76.253,1
2020-11-19,EUR,90.2314,1
2020-11-19,GBP,100.9143,1
2020-11-19,RUB,1,1
2020-11-19,USD,75.9268,1
2020-11-20,EUR,90.3484,1
2020-11-20,GBP,100.7507,1
2020-11-20,RUB,1,1
2020-11-20,USD,76.2627,1
2020-11-21,EUR,90.2643,1
2020-11-21,GBP,100.8071,1
2020-11-21,RUB,1,1
2020-11-21,USD,76.012,1
2020-11-22,EUR,90.2643,1
2020-11-22,GBP,100.8071,1
2020-11-22,RUB,1,1
2020-11-22,USD,76.012,1
2020-11-23,EUR,90.2643,1
2020-11-23,GBP,100.8071,1
2020-11-23,RUB,1,1
2020-11-23,USD,76.012,1
2020-11-24,EUR,89.9347,1
2020-11-24,GBP,101.1472,1
2020-11-24,RUB,1,1
2020-11-24,USD,75.76,1
2020-11-25,EUR,89.8934,1
2020-11-25,GBP,101.3869,1
2020-11-25,RUB,1,1
2020-11-25,USD,75.8146,1
2020-11-26,EUR,89.888,1
2020-11-26,GBP,100.8315,1
2020-11-26,RUB,1,1
2020-11-26,USD,75.4727,1
2020-11-27,EUR,90.0291,1
2020-11-27,GBP,100.8489,1
2020-11-27,RUB,1,1
2020-11-27,USD,75.4518,1
2020-11-28,EUR,90.4629,1
2020-11-28,GBP,101.3792,1
2020-11-28,RUB,1,1
2020-11-28,USD,75.8599,1
2020-11-29,EUR,90.4629,1
2020-11-29,GBP,101.3792,1
2020-11-29,RUB,1,1
2020-11-29,USD,75.8599,1
2020-11-30,EUR,90.4629,1
2020-11-30,GBP,101.3792,1
2020-11-30,RUB,1,1
2020-11-30,USD,75.8599,1
2020-12-01,EUR,91.2037,1
2020-12-01,GBP,101.6507,1
2020-12-01,RUB,1,1
2020-12-01,USD,76.1999,1
2020-12-02,EUR,91.3096,1
2020-12-02,GBP,102.2158,1
2020-12-02,RUB,1,1
2020-12-02,USD,76.3203,1
2020-12-03,EUR,91.3052,1
2020-12-03,GBP,101.0747,1
2020-12-03,RUB,1,1
2020-12-03,USD,75.6151,1
2020-12-04,EUR,91.1946,1
2020-12-04,GBP,100.79,1
2020-12-04,RUB,1,1
2020-12-04,USD,75.1996,1
2020-12-05,EUR,90.2618,1
2020-12-05,GBP,99.989,1
2020-12-05,RUB,1,1
2020-12-05,USD,74.2529,1
2020-12-06,EUR,90.2618,1
2020-12-06,GBP,99.989,1
2020-12-06,RUB,1,1
2020-12-06,USD,74.2529,1
2020-12-07,EUR,90.2618,1
2020-12-07,GBP,99.989,1
2020-12-07,RUB,1,1
2020-12-07,USD,74.2529,1
2020-12-08,EUR,89.9695,1
2020-12-08,GBP,98.538,1
2020-12-08,RUB,1,1
2020-12-08,USD,74.2506,1
2020-12-09,EUR,89.2044,1
2020-12-09,GBP,98.2943,1
2020-12-09,RUB,1,1
2020-12-09,USD,73.6618,1
2020-12-10,EUR,88.9418,1
2020-12-10,GBP,98.3689,1
2020-12-10,RUB,1,1
2020-12-10,USD,73.3057,1
2020-12-11,EUR,89.133,1
2020-12-11,GBP,98.1775,1
2020-12-11,RUB,1,1
2020-12-11,USD,73.7124,1
2020-12-12,EUR,88.7744,1
2020-12-12,GBP,96.7371,1
2020-12-12,RUB,1,1
2020-12-12,USD,73.1195,1
2020-12-13,EUR,88.7744,1
2020-12-13,GBP,96.7371,1
2020-12-13,RUB,1,1
2020-12-13,USD,73.1195,1
2020-12-14,EUR,88.7744,1
2020-12-14,GBP,96.7371,1
2020-12-14,RUB,1,1
2020-12-14,USD,73.1195,1
2020-12-15,EUR,88.5847,1
2020-12-15,GBP,97.6495,1
2020-12-15,RUB,1,1
2020-12-15,USD,72.9272,1
2020-12-16,EUR,89.1846,1
2020-12-16,GBP,97.8585,1
2020-12-16,RUB,1,1
2020-12-16,USD,73.4453,1
2020-12-17,EUR,89.3229,1
2020-12-17,GBP,99.1465,1
2020-12-17,RUB,1,1
2020-12-17,USD,73.4201,1
2020-12-18,EUR,89.2887,1
2020-12-18,GBP,99.0751,1
2020-12-18,RUB,1,1
2020-12-18,USD,72.9781,1
2020-12-19,EUR,89.8262,1
2020-12-19,GBP,99.2692,1
2020-12-19,RUB,1,1
2020-12-19,USD,73.3155,1
2020-12-20,EUR,89.8262,1
2020-12-20,GBP,99.2692,1
2020-12-20,RUB,1,1
2020-12-20,USD,73.3155,1
2020-12-21,EUR,89.8262,1
2020-12-21,GBP,99.2692,1
2020-12-21,RUB,1,1
2020-12-21,USD,73.3155,1
2020-12-22,EUR,91.0029,1
2020-12-22,GBP,99.0973,1
2020-12-22,RUB,1,1
2020-12-22,USD,74.6721,1
2020-12-23,EUR,92.0699,1
2020-12-23,GBP,101.2023,1
2020-12-23,RUB,1,1
2020-12-23,USD,75.3498,1
2020-12-24,EUR,91.9822,1
2020-12-24,GBP,101.1955,1
2020-12-24,RUB,1,1
2020-12-24,USD,75.4571,1
2020-12-25,EUR,91.3487,1
2020-12-25,GBP,101.6017,1
2020-12-25,RUB,1,1
2020-12-25,USD,74.8392,1
2020-12-26,EUR,89.8749,1
2020-12-26,GBP,99.9265,1
2020-12-26,RUB,1,1
2020-12-26,USD,73.6921,1
2020-12-27,EUR,89.8749,1
2020-12-27,GBP,99.9265,1
2020-12-27,RUB,1,1
2020-12-27,USD,73.6921,1
2020-12-28,EUR,89.8749,1
2020-12-28,GBP,99.9265,1
2020-12-28,RUB,1,1
2020-12-28,USD,73.6921,1
2020-12-29,EUR,90.127,1
2020-12-29,GBP,100.0199,1
2020-12-29,RUB,1,1
2020-12-29,USD,73.7175,1
2020-12-30,EUR,90.2074,1
2020-12-30,GBP,99.547,1
2020-12-30,RUB,1,1
2020-12-30,USD,73.6567,1
2020-12-31,EUR,90.6824,1
2020-12-31,GBP,100.0425,1
2020-12-31,RUB,1,1
2020-12-31,USD,73.8757,1
2021-01-01,EUR,90.7932,1
2021-01-01,GBP,100.8477,1
2021-01-01,RUB,1,1
2021-01-01,USD,73.8757,1
2021-01-02,EUR,90.7932,1
2021-01-02,GBP,100.8477,1
2021-01-02,RUB,1,1
2021-01-02,USD,73.8757,1
2021-01-03,EUR,90.7932,1
2021-01-03,GBP,100.8477,1
2021-01-03,RUB,1,1
2021-01-03,USD,73.8757,1
2021-01-04,EUR,90.7932,1
2021-01-04,GBP,100.8477,1
2021-01-04,RUB,1,1
2021-01-04,USD,73.8757,1
2021-01-05,EUR,90.7932,1
2021-01-05,GBP,100.8477,1
2021-01-05,RUB,1,1
2021-01-05,USD,73.8757,1
2021-01-06,EUR,90.7932,1
2021-01-06,GBP,100.8477,1
2021-01-06,RUB,1,1
2021-01-06,USD,73.8757,1
2021-01-07,EUR,90.7932,1
2021-01-07,GBP,100.8477,1
2021-01-07,RUB,1,1
2021-01-07,USD,73.8757,1
2021-01-08,EUR,90.7932,1
2021-01-08,GBP,100.8477,1
2021-01-08,RUB,1,1
2021-01-08,USD,73.8757,1
2021-01-09,EUR,90.7932,1
2021-01-09,GBP,100.8477,1
2021-01-09,RUB,1,1
2021-01-09,USD,73.8757,1
2021-01-10,EUR,90.7932,1
2021-01-10,GBP,100.8477,1
2021-01-10,RUB,1,1
2021-01-10,USD,73.8757,1
2021-01-11,EUR,90.7932,1
2021-01-11,GBP,100.8477,1
2021-01-11,RUB,1,1
2021-01-11,USD,73.8757,1
2021-01-12,EUR,90.8123,1
2021-01-12,GBP,100.626,1
2021-01-12,RUB,1,1
2021-01-12,USD,74.5157,1
2021-01-13,EUR,90.3227,1
2021-01-13,GBP,100.6011,1
2021-01-13,RUB,1,1
2021-01-13,USD,74.2663,1
2021-01-14,EUR,89.7831,1
2021-01-14,GBP,100.5988,1
2021-01-14,RUB,1,1
2021-01-14,USD,73.5264,1
2021-01-15,EUR,89.6475,1
2021-01-15,GBP,100.8276,1
2021-01-15,RUB,1,1
2021-01-15,USD,73.7961,1
2021-01-16,EUR,89.2546,1
2021-01-16,GBP,100.3599,1
2021-01-16,RUB,1,1
2021-01-16,USD,73.5453,1
2021-01-17,EUR,89.2546,1
2021-01-17,GBP,100.3599,1
2021-01-17,RUB,1,1
2021-01-17,USD,73.5453,1
2021-01-18,EUR,89.2546,1
2021-01-18,GBP,100.3599,1
2021-01-18,RUB,1,1
2021-01-18,USD,73.5453,1
2021-01-19,EUR,89.3304,1
2021-01-19,GBP,100.1453,1
2021-01-19,RUB,1,1
2021-01-19,USD,73.9735,1
2021-01-20,EUR,89.2064,1
2021-01-20,GBP,100.2282,1
2021-01-20,RUB,1,1
2021-01-20,USD,73.7243,1
2021-01-21,EUR,89.1483,1
2021-01-21,GBP,100.2836,1
2021-01-21,RUB,1,1
2021-01-21,USD,73.355,1
2021-01-22,EUR,88.9677,1
2021-01-22,GBP,100.5674,1
2021-01-22,RUB,1,1
2021-01-22,USD,73.3694,1
2021-01-23,EUR,90.4087,1
2021-01-23,GBP,101.615,1
2021-01-23,RUB,1,1
2021-01-23,USD,74.3615,1
2021-01-24,EUR,90.4087,1
2021-01-24,GBP,101.615,1
2021-01-24,RUB,1,1
2021-01-24,USD,74.3615,1
2021-01-25,EUR,90.4087,1
2021-01-25,GBP,101.615,1
2021-01-25,RUB,1,1
2021-01-25,USD,74.3615,1
2021-01-26,EUR,91.1458,1
2021-01-26,GBP,102.6064,1
2021-01-26,RUB,1,1
2021-01-26,USD,74.8569,1
2021-01-27,EUR,91.6701,1
2021-01-27,GBP,103.0381,1
2021-01-27,RUB,1,1
2021-01-27,USD,75.6354,1
2021-01-28,EUR,91.2186,1
2021-01-28,GBP,103.0674,1
2021-01-28,RUB,1,1
2021-01-28,USD,75.04,1
2021-01-29,EUR,92.131,1
2021-01-29,GBP,103.955,1
2021-01-29,RUB,1,1
2021-01-29,USD,76.1854,1
2021-01-30,EUR,92.2963,1
2021-01-30,GBP,104.2832,1
2021-01-30,RUB,1,1
2021-01-30,USD,76.2527,1
2021-01-31,EUR,92.2963,1
2021-01-31,GBP,104.2832,1
2021-01-31,RUB,1,1
2021-01-31,USD,76.2527,1
2021-02-01,EUR,92.2963,1
2021-02-01,GBP,104.2832,1
2021-02-01,RUB,1,1
2021-02-01,USD,76.2527,1
2021-02-02,EUR,91.5426,1
2021-02-02,GBP,103.6688,1
2021-02-02,RUB,1,1
2021-02-02,USD,75.5053,1
2021-02-03,EUR,91.625,1
2021-02-03,GBP,103.9444,1
2021-02-03,RUB,1,1
2021-02-03,USD,75.9051,1
2021-02-04,EUR,91.5624,1
2021-02-04,GBP,104.0243,1
2021-02-04,RUB,1,1
2021-02-04,USD,76.0801,1
2021-02-05,EUR,90.9206,1
2021-02-05,GBP,102.8858,1
2021-02-05,RUB,1,1
2021-02-05,USD,75.7293,1
2021-02-06,EUR,89.885,1
2021-02-06,GBP,102.8941,1
2021-02-06,RUB,1,1
2021-02-06,USD,75.1107,1
2021-02-07,EUR,89.885,1
2021-02-07,GBP,102.8941,1
2021-02-07,RUB,1,1
2021-02-07,USD,75.1107,1
2021-02-08,EUR,89.885,1
2021-02-08,GBP,102.8941,1
2021-02-08,RUB,1,1
2021-02-08,USD,75.1107,1
2021-02-09,EUR,89.4019,1
2021-02-09,GBP,101.833,1
2021-02-09,RUB,1,1
2021-02-09,USD,74.2602,1
2021-02-10,EUR,89.5286,1
2021-02-10,GBP,102.0547,1
2021-02-10,RUB,1,1
2021-02-10,USD,74.1192,1
2021-02-11,EUR,89.5684,1
2021-02-11,GBP,102.1529,1
2021-02-11,RUB,1,1
2021-02-11,USD,73.8526,1
2021-02-12,EUR,89.4388,1
2021-02-12,GBP,101.9482,1
2021-02-12,RUB,1,1
2021-02-12,USD,73.7579,1
2021-02-13,EUR,89.6052,1
2021-02-13,GBP,101.9824,1
2021-02-13,RUB,1,1
2021-02-13,USD,73.9378,1
2021-02-14,EUR,89.6052,1
2021-02-14,GBP,101.9824,1
2021-02-14,RUB,1,1
2021-02-14,USD,73.9378,1
2021-02-15,EUR,89.6052,1
2021-02-15,GBP,101.9824,1
2021-02-15,RUB,1,1
2021-02-15,USD,73.9378,1
2021-02-16,EUR,88.9754,1
2021-02-16,GBP,101.9218,1
2021-02-16,RUB,1,1
2021-02-16,USD,73.3092,1
2021-02-17,EUR,88.9441,1
2021-02-17,GBP,102.0703,1
2021-02-17,RUB,1,1
2021-02-17,USD,73.2895,1
2021-02-18,EUR,89.0809,1
2021-02-18,GBP,102.4401,1
2021-02-18,RUB,1,1
2021-02-18,USD,73.7669,1
2021-02-19,EUR,88.87,1
2021-02-19,GBP,102.4742,1
2021-02-19,RUB,1,1
2021-02-19,USD,73.7755,1
2021-02-20,EUR,89.5427,1
2021-02-20,GBP,103.405,1
2021-02-20,RUB,1,1
2021-02-20,USD,73.9717,1
2021-02-21,EUR,89.6604,1
2021-02-21,GBP,103.7024,1
2021-02-21,RUB,1,1
2021-02-21,USD,73.9833,1
2021-02-22,EUR,89.6604,1
2021-02-22,GBP,103.7024,1
2021-02-22,RUB,1,1
2021-02-22,USD,73.9833,1
2021-02-23,EUR,89.6604,1
2021-02-23,GBP,103.7024,1
2021-02-23,RUB,1,1
2021-02-23,USD,73.9833,1
2021-02-24,EUR,89.6604,1
2021-02-24,GBP,103.7024,1
2021-02-24,RUB,1,1
2021-02-24,USD,73.9833,1
2021-02-25,EUR,89.6691,1
2021-02-25,GBP,104.5747,1
2021-02-25,RUB,1,1
2021-02-25,USD,73.7532,1
2021-02-26,EUR,89.4995,1
2021-02-26,GBP,103.8785,1
2021-02-26,RUB,1,1
2021-02-26,USD,73.4747,1
2021-02-27,EUR,90.3743,1
2021-02-27,GBP,103.8251,1
2021-02-27,RUB,1,1
2021-02-27,USD,74.4373,1
2021-02-28,EUR,90.3743,1
2021-02-28,GBP,103.8251,1
2021-02-28,RUB,1,1
2021-02-28,USD,74.4373,1
2021-03-01,EUR,90.3743,1
2021-03-01,GBP,103.8251,1
2021-03-01,RUB,1,1
2021-03-01,USD,74.4373,1
2021-03-02,EUR,89.4461,1
2021-03-02,GBP,103.2851,1
2021-03-02,RUB,1,1
2021-03-02,USD,74.0448,1
2021-03-03,EUR,89.5652,1
2021-03-03,GBP,103.5481,1
2021-03-03,RUB,1,1
2021-03-03,USD,74.5755,1
2021-03-04,EUR,88.8768,1
2021-03-04,GBP,102.6762,1
2021-03-04,RUB,1,1
2021-03-04,USD,73.5187,1
2021-03-05,EUR,88.9421,1
2021-03-05,GBP,102.9099,1
2021-03-05,RUB,1,1
2021-03-05,USD,73.7864,1
2021-03-06,EUR,88.9334,1
2021-03-06,GBP,103.1342,1
2021-03-06,RUB,1,1
2021-03-06,USD,74.4275,1
2021-03-07,EUR,88.9334,1
2021-03-07,GBP,103.1342,1
2021-03-07,RUB,1,1
2021-03-07,USD,74.4275,1
2021-03-08,EUR,88.9334,1
2021-03-08,GBP,103.1342,1
2021-03-08,RUB,1,1
2021-03-08,USD,74.4275,1
2021-03-09,EUR,88.9334,1
2021-03-09,GBP,103.1342,1
2021-03-09,RUB,1,1
2021-03-09,USD,74.4275,1
2021-03-10,EUR,88.1736,1
2021-03-10,GBP,103.0562,1
2021-03-10,RUB,1,1
2021-03-10,USD,74.264,1
2021-03-11,EUR,87.9587,1
2021-03-11,GBP,102.8258,1
2021-03-11,RUB,1,1
2021-03-11,USD,74.0393,1
2021-03-12,EUR,87.7585,1
2021-03-12,GBP,102.5099,1
2021-03-12,RUB,1,1
2021-03-12,USD,73.4996,1
2021-03-13,EUR,87.7981,1
2021-03-13,GBP,102.4997,1
2021-03-13,RUB,1,1
2021-03-13,USD,73.5081,1
2021-03-14,EUR,87.7981,1
2021-03-14,GBP,102.4997,1
2021-03-14,RUB,1,1
2021-03-14,USD,73.5081,1
2021-03-15,EUR,87.7981,1
2021-03-15,GBP,102.4997,1
2021-03-15,RUB,1,1
2021-03-15,USD,73.5081,1
2021-03-16,EUR,87.3508,1
2021-03-16,GBP,102.0337,1
2021-03-16,RUB,1,1
2021-03-16,USD,73.2317,1
2021-03-17,EUR,86.9852,1
2021-03-17,GBP,100.9574,1
2021-03-17,RUB,1,1
2021-03-17,USD,72.9619,1
2021-03-18,EUR,86.9693,1
2021-03-18,GBP,101.6994,1
2021-03-18,RUB,1,1
2021-03-18,USD,73.1019,1
2021-03-19,EUR,88.1173,1
2021-03-19,GBP,102.8858,1
2021-03-19,RUB,1,1
2021-03-19,USD,73.6582,1
2021-03-20,EUR,88.433,1
2021-03-20,GBP,103.3424,1
2021-03-20,RUB,1,1
2021-03-20,USD,74.139,1
2021-03-21,EUR,88.433,1
2021-03-21,GBP,103.3424,1
2021-03-21,RUB,1,1
2021-03-21,USD,74.139,1
2021-03-22,EUR,88.433,1
2021-03-22,GBP,103.3424,1
2021-03-22,RUB,1,1
2021-03-22,USD,74.139,1
2021-03-23,EUR,88.6573,1
2021-03-23,GBP,103.4148,1
2021-03-23,RUB,1,1
2021-03-23,USD,74.6085,1
2021-03-24,EUR,89.767,1
2021-03-24,GBP,104.0701,1
2021-03-24,RUB,1,1
2021-03-24,USD,75.3585,1
2021-03-25,EUR,90.0515,1
2021-03-25,GBP,104.2694,1
2021-03-25,RUB,1,1
2021-03-25,USD,76.1535,1
2021-03-26,EUR,89.9768,1
2021-03-26,GBP,104.3128,1
2021-03-26,RUB,1,1
2021-03-26,USD,76.1741,1
2021-03-27,EUR,89.2576,1
2021-03-27,GBP,104.3637,1
2021-03-27,RUB,1,1
2021-03-27,USD,75.7576,1
2021-03-28,EUR,89.2576,1
2021-03-28,GBP,104.3637,1
2021-03-28,RUB,1,1
2021-03-28,USD,75.7576,1
2021-03-29,EUR,89.2576,1
2021-03-29,GBP,104.3637,1
2021-03-29,RUB,1,1
2021-03-29,USD,75.7576,1
2021-03-30,EUR,89.349,1
2021-03-30,GBP,104.8332,1
2021-03-30,RUB,1,1
2021-03-30,USD,75.8287,1
2021-03-31,EUR,88.8821,1
2021-03-31,GBP,104.1588,1
2021-03-31,RUB,1,1
2021-03-31,USD,75.7023,1
2021-04-01,EUR,88.7452,1
2021-04-01,GBP,104.1299,1
2021-04-01,RUB,1,1
2021-04-01,USD,75.6373,1
2021-04-02,EUR,88.9523,1
2021-04-02,GBP,104.5383,1
2021-04-02,RUB,1,1
2021-04-02,USD,75.8073,1
2021-04-03,EUR,89.5916,1
2021-04-03,GBP,105.2856,1
2021-04-03,RUB,1,1
2021-04-03,USD,76.0734,1
2021-04-04,EUR,89.5916,1
2021-04-04,GBP,105.2856,1
2021-04-04,RUB,1,1
2021-04-04,USD,76.0734,1
2021-04-05,EUR,89.5916,1
2021-04-05,GBP,105.2856,1
2021-04-05,RUB,1,1
2021-04-05,USD,76.0734,1
2021-04-06,EUR,89.9958,1
2021-04-06,GBP,106.1978,1
2021-04-06,RUB,1,1
2021-04-06,USD,76.6052,1
2021-04-07,EUR,90.1821,1
2021-04-07,GBP,105.8095,1
2021-04-07,RUB,1,1
2021-04-07,USD,76.3802,1
2021-04-08,EUR,92.3321,1
2021-04-08,GBP,107.4045,1
2021-04-08,RUB,1,1
2021-04-08,USD,77.773,1
2021-04-09,EUR,91.6192,1
2021-04-09,GBP,105.9369,1
2021-04-09,RUB,1,1
2021-04-09,USD,77.1011,1
2021-04-10,EUR,91.7809,1
2021-04-10,GBP,105.7633,1
2021-04-10,RUB,1,1
2021-04-10,USD,77.1657,1
2021-04-11,EUR,91.7809,1
2021-04-11,GBP,105.7633,1
2021-04-11,RUB,1,1
2021-04-11,USD,77.1657,1
2021-04-12,EUR,91.7809,1
2021-04-12,GBP,105.7633,1
2021-04-12,RUB,1,1
2021-04-12,USD,77.1657,1
2021-04-13,EUR,92.0669,1
2021-04-13,GBP,106.4915,1
2021-04-13,RUB,1,1
2021-04-13,USD,77.5104,1
2021-04-14,EUR,91.9162,1
2021-04-14,GBP,106.2236,1
2021-04-14,RUB,1,1
2021-04-14,USD,77.2535,1
2021-04-15,EUR,90.5391,1
2021-04-15,GBP,104.4193,1
2021-04-15,RUB,1,1
2021-04-15,USD,75.6826,1
2021-04-16,EUR,92.2307,1
2021-04-16,GBP,106.1026,1
2021-04-16,RUB,1,1
2021-04-16,USD,76.9808,1
2021-04-17,EUR,90.4602,1
2021-04-17,GBP,103.8861,1
2021-04-17,RUB,1,1
2021-04-17,USD,75.5535,1
2021-04-18,EUR,90.4602,1
2021-04-18,GBP,103.8861,1
2021-04-18,RUB,1,1
2021-04-18,USD,75.5535,1
2021-04-19,EUR,90.4602,1
2021-04-19,GBP,103.8861,1
2021-04-19,RUB,1,1
2021-04-19,USD,75.5535,1
2021-04-20,EUR,91.476,1
2021-04-20,GBP,105.8109,1
2021-04-20,RUB,1,1
2021-04-20,USD,76.2491,1
2021-04-21,EUR,91.7507,1
2021-04-21,GBP,106.4217,1
2021-04-21,RUB,1,1
2021-04-21,USD,76.0155,1
2021-04-22,EUR,92.2913,1
2021-04-22,GBP,107.0945,1
2021-04-22,RUB,1,1
2021-04-22,USD,76.8198,1
2021-04-23,EUR,92.0423,1
2021-04-23,GBP,106.3332,1
2021-04-23,RUB,1,1
2021-04-23,USD,76.4217,1
2021-04-24,EUR,90.4676,1
2021-04-24,GBP,104.1939,1
2021-04-24,RUB,1,1
2021-04-24,USD,75.0893,1
2021-04-25,EUR,90.4676,1
2021-04-25,GBP,104.1939,1
2021-04-25,RUB,1,1
2021-04-25,USD,75.0893,1
2021-04-26,EUR,90.4676,1
2021-04-26,GBP,104.1939,1
2021-04-26,RUB,1,1
2021-04-26,USD,75.0893,1
2021-04-27,EUR,90.4468,1
2021-04-27,GBP,104.1219,1
2021-04-27,RUB,1,1
2021-04-27,USD,74.768,1
2021-04-28,EUR,90.4666,1
2021-04-28,GBP,104.0189,1
2021-04-28,RUB,1,1
2021-04-28,USD,74.9578,1
2021-04-29,EUR,90.4289,1
2021-04-29,GBP,104.0378,1
2021-04-29,RUB,1,1
2021-04-29,USD,74.939,1
2021-04-30,EUR,90.1513,1
2021-04-30,GBP,103.7782,1
2021-04-30,RUB,1,1
2021-04-30,USD,74.3823,1
2021-05-01,EUR,90.585,1
2021-05-01,GBP,104.1694,1
2021-05-01,RUB,1,1
2021-05-01,USD,74.8451,1
2021-05-02,EUR,90.585,1
2021-05-02,GBP,104.1694,1
2021-05-02,RUB,1,1
2021-05-02,USD,74.8451,1
2021-05-03,EUR,90.585,1
2021-05-03,GBP,104.1694,1
2021-05-03,RUB,1,1
2021-05-03,USD,74.8451,1
2021-05-04,EUR,90.585,1
2021-05-04,GBP,104.1694,1
2021-05-04,RUB,1,1
2021-05-04,USD,74.8451,1
2021-05-05,EUR,90.451,1
2021-05-05,GBP,104.4638,1
2021-05-05,RUB,1,1
2021-05-05,USD,75.2567,1
2021-05-06,EUR,89.7742,1
2021-05-06,GBP,103.9979,1
2021-05-06,RUB,1,1
2021-05-06,USD,74.8617,1
2021-05-07,EUR,89.6788,1
2021-05-07,GBP,103.6695,1
2021-05-07,RUB,1,1
2021-05-07,USD,74.577,1
2021-05-08,EUR,89.506,1
2021-05-08,GBP,103.2288,1
2021-05-08,RUB,1,1
2021-05-08,USD,74.1373,1
2021-05-09,EUR,89.506,1
2021-05-09,GBP,103.2288,1
2021-05-09,RUB,1,1
2021-05-09,USD,74.1373,1
2021-05-10,EUR,89.506,1
2021-05-10,GBP,103.2288,1
2021-05-10,RUB,1,1
2021-05-10,USD,74.1373,1
2021-05-11,EUR,89.506,1
2021-05-11,GBP,103.2288,1
2021-05-11,RUB,1,1
2021-05-11,USD,74.1373,1
2021-05-12,EUR,90.004,1
2021-05-12,GBP,104.6277,1
2021-05-12,RUB,1,1
2021-05-12,USD,74.1567,1
2021-05-13,EUR,89.8475,1
2021-05-13,GBP,104.6703,1
2021-05-13,RUB,1,1
2021-05-13,USD,74.04,1
2021-05-14,EUR,89.9343,1
2021-05-14,GBP,104.4487,1
2021-05-14,RUB,1,1
2021-05-14,USD,74.3566,1
2021-05-15,EUR,89.6249,1
2021-05-15,GBP,104.0543,1
2021-05-15,RUB,1,1
2021-05-15,USD,73.9968,1
2021-05-16,EUR,89.6249,1
2021-05-16,GBP,104.0543,1
2021-05-16,RUB,1,1
2021-05-16,USD,73.9968,1
2021-05-17,EUR,89.6249,1
2021-05-17,GBP,104.0543,1
2021-05-17,RUB,1,1
2021-05-17,USD,73.9968,1
2021-05-18,EUR,89.6584,1
2021-05-18,GBP,104.0672,1
2021-05-18,RUB,1,1
2021-05-18,USD,73.8537,1
2021-05-19,EUR,89.9057,1
2021-05-19,GBP,104.616,1
2021-05-19,RUB,1,1
2021-05-19,USD,73.6992,1
2021-05-20,EUR,90.1006,1
2021-05-20,GBP,104.4678,1
2021-05-20,RUB,1,1
2021-05-20,USD,73.6778,1
2021-05-21,EUR,89.7708,1
2021-05-21,GBP,103.9904,1
2021-05-21,RUB,1,1
2021-05-21,USD,73.6007,1
2021-05-22,EUR,89.9446,1
2021-05-22,GBP,104.4104,1
2021-05-22,RUB,1,1
2021-05-22,USD,73.5803,1
2021-05-23,EUR,89.9446,1
2021-05-23,GBP,104.4104,1
2021-05-23,RUB,1,1
2021-05-23,USD,73.5803,1
2021-05-24,EUR,89.9446,1
2021-05-24,GBP,104.4104,1
2021-05-24,RUB,1,1
2021-05-24,USD,73.5803,1
2021-05-25,EUR,89.6877,1
2021-05-25,GBP,104.0916,1
2021-05-25,RUB,1,1
2021-05-25,USD,73.5266,1
2021-05-26,EUR,89.9545,1
2021-05-26,GBP,104.0466,1
2021-05-26,RUB,1,1
2021-05-26,USD,73.3963,1
2021-05-27,EUR,89.9392,1
2021-05-27,GBP,103.9506,1
2021-05-27,RUB,1,1
2021-05-27,USD,73.4737,1
2021-05-28,EUR,89.6555,1
2021-05-28,GBP,103.8549,1
2021-05-28,RUB,1,1
2021-05-28,USD,73.458,1
2021-05-29,EUR,89.6731,1
2021-05-29,GBP,104.4567,1
2021-05-29,RUB,1,1
2021-05-29,USD,73.587,1
2021-05-30,EUR,89.6731,1
2021-05-30,GBP,104.4567,1
2021-05-30,RUB,1,1
2021-05-30,USD,73.587,1
2021-05-31,EUR,89.6731,1
2021-05-31,GBP,104.4567,1
2021-05-31,RUB,1,1
2021-05-31,USD,73.587,1
2021-06-01,EUR,89.3778,1
2021-06-01,GBP,103.8978,1
2021-06-01,RUB,1,1
2021-06-01,USD,73.2965,1
2021-06-02,EUR,89.5958,1
2021-06-02,GBP,103.9291,1
2021-06-02,RUB,1,1
2021-06-02,USD,73.2411,1
2021-06-03,EUR,89.6895,1
2021-06-03,GBP,103.8893,1
2021-06-03,RUB,1,1
2021-06-03,USD,73.4979,1
2021-06-04,EUR,89.2644,1
2021-06-04,GBP,103.8072,1
2021-06-04,RUB,1,1
2021-06-04,USD,73.2636,1
2021-06-05,EUR,88.7545,1
2021-06-05,GBP,103.4236,1
2021-06-05,RUB,1,1
2021-06-05,USD,73.2721,1
2021-06-06,EUR,88.7545,1
2021-06-06,GBP,103.4236,1
2021-06-06,RUB,1,1
2021-06-06,USD,73.2721,1
2021-06-07,EUR,88.7545,1
2021-06-07,GBP,103.4236,1
2021-06-07,RUB,1,1
2021-06-07,USD,73.2721,1
2021-06-08,EUR,88.653,1
2021-06-08,GBP,103.0347,1
2021-06-08,RUB,1,1
2021-06-08,USD,72.9294,1
2021-06-09,EUR,88.6433,1
2021-06-09,GBP,102.9317,1
2021-06-09,RUB,1,1
2021-06-09,USD,72.8256,1
2021-06-10,EUR,87.8114,1
2021-06-10,GBP,102.228,1
2021-06-10,RUB,1,1
2021-06-10,USD,72.0829,1
2021-06-11,EUR,87.8065,1
2021-06-11,GBP,101.7334,1
2021-06-11,RUB,1,1
2021-06-11,USD,72.1974,1
2021-06-12,EUR,87.3274,1
2021-06-12,GBP,101.4554,1
2021-06-12,RUB,1,1
2021-06-12,USD,71.6797,1
2021-06-13,EUR,87.3274,1
2021-06-13,GBP,101.4554,1
2021-06-13,RUB,1,1
2021-06-13,USD,71.6797,1
2021-06-14,EUR,87.3274,1
2021-06-14,GBP,101.4554,1
2021-06-14,RUB,1,1
2021-06-14,USD,71.6797,1
2021-06-15,EUR,87.3274,1
2021-06-15,GBP,101.4554,1
2021-06-15,RUB,1,1
2021-06-15,USD,71.6797,1
2021-06-16,EUR,87.211,1
2021-06-16,GBP,101.3259,1
2021-06-16,RUB,1,1
2021-06-16,USD,71.8318,1
2021-06-17,EUR,87.3536,1
2021-06-17,GBP,101.6304,1
2021-06-17,RUB,1,1
2021-06-17,USD,72.0323,1
2021-06-18,EUR,86.7012,1
2021-06-18,GBP,101.427,1
2021-06-18,RUB,1,1
2021-06-18,USD,72.5048,1
2021-06-19,EUR,85.9943,1
2021-06-19,GBP,100.3808,1
2021-06-19,RUB,1,1
2021-06-19,USD,72.2216,1
2021-06-20,EUR,85.9943,1
2021-06-20,GBP,100.3808,1
2021-06-20,RUB,1,1
2021-06-20,USD,72.2216,1
2021-06-21,EUR,85.9943,1
2021-06-21,GBP,100.3808,1
2021-06-21,RUB,1,1
2021-06-21,USD,72.2216,1
2021-06-22,EUR,86.8942,1
2021-06-22,GBP,101.2704,1
2021-06-22,RUB,1,1
2021-06-22,USD,73.1987,1
2021-06-23,EUR,87.0677,1
2021-06-23,GBP,101.4594,1
2021-06-23,RUB,1,1
2021-06-23,USD,73.1661,1
2021-06-24,EUR,86.7137,1
2021-06-24,GBP,101.5232,1
2021-06-24,RUB,1,1
2021-06-24,USD,72.6671,1
2021-06-25,EUR,86.3283,1
2021-06-25,GBP,101.1334,1
2021-06-25,RUB,1,1
2021-06-25,USD,72.326,1
2021-06-26,EUR,86.1919,1
2021-06-26,GBP,100.366,1
2021-06-26,RUB,1,1
2021-06-26,USD,72.1694,1
2021-06-27,EUR,86.1919,1
2021-06-27,GBP,100.366,1
2021-06-27,RUB,1,1
2021-06-27,USD,72.1694,1
2021-06-28,EUR,86.1919,1
2021-06-28,GBP,100.366,1
2021-06-28,RUB,1,1
2021-06-28,USD,72.1694,1
2021-06-29,EUR,86.1657,1
2021-06-29,GBP,100.3342,1
2021-06-29,RUB,1,1
2021-06-29,USD,72.1777,1
2021-06-30,EUR,86.2026,1
2021-06-30,GBP,100.1994,1
2021-06-30,RUB,1,1
2021-06-30,USD,72.3723,1
2021-07-01,EUR,86.5118,1
2021-07-01,GBP,100.6346,1
2021-07-01,RUB,1,1
2021-07-01,USD,72.7234,1
2021-07-02,EUR,86.4113,1
2021-07-02,GBP,100.6066,1
2021-07-02,RUB,1,1
2021-07-02,USD,72.9086,1
2021-07-03,EUR,87.0748,1
2021-07-03,GBP,101.3271,1
2021-07-03,RUB,1,1
2021-07-03,USD,73.6175,1
2021-07-04,EUR,87.0748,1
2021-07-04,GBP,101.3271,1
2021-07-04,RUB,1,1
2021-07-04,USD,73.6175,1
2021-07-05,EUR,87.0748,1
2021-07-05,GBP,101.3271,1
2021-07-05,RUB,1,1
2021-07-05,USD,73.6175,1
2021-07-06,EUR,87.0272,1
2021-07-06,GBP,101.5953,1
2021-07-06,RUB,1,1
2021-07-06,USD,73.354,1
2021-07-07,EUR,87.0034,1
2021-07-07,GBP,101.51,1
2021-07-07,RUB,1,1
2021-07-07,USD,73.266,1
2021-07-08,EUR,87.5588,1
2021-07-08,GBP,102.2074,1
2021-07-08,RUB,1,1
2021-07-08,USD,74.058,1
2021-07-09,EUR,88.7755,1
2021-07-09,GBP,103.6115,1
2021-07-09,RUB,1,1
2021-07-09,USD,75.1952,1
2021-07-10,EUR,88.1397,1
2021-07-10,GBP,102.6386,1
2021-07-10,RUB,1,1
2021-07-10,USD,74.4675,1
2021-07-11,EUR,88.1397,1
2021-07-11,GBP,102.6386,1
2021-07-11,RUB,1,1
2021-07-11,USD,74.4675,1
2021-07-12,EUR,88.1397,1
2021-07-12,GBP,102.6386,1
2021-07-12,RUB,1,1
2021-07-12,USD,74.4675,1
2021-07-13,EUR,88.605,1
2021-07-13,GBP,103.5541,1
2021-07-13,RUB,1,1
2021-07-13,USD,74.6336,1
2021-07-14,EUR,87.782,1
2021-07-14,GBP,102.6308,1
2021-07-14,RUB,1,1
2021-07-14,USD,74.0589,1
2021-07-15,EUR,87.3917,1
2021-07-15,GBP,102.6982,1
2021-07-15,RUB,1,1
2021-07-15,USD,74.1236,1
2021-07-16,EUR,87.8316,1
2021-07-16,GBP,102.6904,1
2021-07-16,RUB,1,1
2021-07-16,USD,74.2197,1
2021-07-17,EUR,87.5673,1
2021-07-17,GBP,102.7119,1
2021-07-17,RUB,1,1
2021-07-17,USD,74.1656,1
2021-07-18,EUR,87.5673,1
2021-07-18,GBP,102.7119,1
2021-07-18,RUB,1,1
2021-07-18,USD,74.1656,1
2021-07-19,EUR,87.5673,1
2021-07-19,GBP,102.7119,1
2021-07-19,RUB,1,1
2021-07-19,USD,74.1656,1
2021-07-20,EUR,87.6097,1
2021-07-20,GBP,102.0329,1
2021-07-20,RUB,1,1
2021-07-20,USD,74.3463,1
2021-07-21,EUR,87.7727,1
2021-07-21,GBP,101.8143,1
2021-07-21,RUB,1,1
2021-07-21,USD,74.491,1
2021-07-22,EUR,87.5983,1
2021-07-22,GBP,101.4618,1
2021-07-22,RUB,1,1
2021-07-22,USD,74.4947,1
2021-07-23,EUR,86.9227,1
2021-07-23,GBP,101.2857,1
2021-07-23,RUB,1,1
2021-07-23,USD,73.6945,1
2021-07-24,EUR,86.8451,1
2021-07-24,GBP,101.3106,1
2021-07-24,RUB,1,1
2021-07-24,USD,73.7663,1
2021-07-25,EUR,86.8451,1
2021-07-25,GBP,101.3106,1
2021-07-25,RUB,1,1
2021-07-25,USD,73.7663,1
2021-07-26,EUR,86.8451,1
2021-07-26,GBP,101.3106,1
2021-07-26,RUB,1,1
2021-07-26,USD,73.7663,1
2021-07-27,EUR,87.3171,1
2021-07-27,GBP,101.8773,1
2021-07-27,RUB,1,1
2021-07-27,USD,74.098,1
2021-07-28,EUR,86.9919,1
2021-07-28,GBP,101.7465,1
2021-07-28,RUB,1,1
2021-07-28,USD,73.8471,1
2021-07-29,EUR,86.9173,1
2021-07-29,GBP,102.0954,1
2021-07-29,RUB,1,1
2021-07-29,USD,73.6088,1
2021-07-30,EUR,86.8624,1
2021-07-30,GBP,102.1811,1
2021-07-30,RUB,1,1
2021-07-30,USD,73.1904,1
2021-07-31,EUR,86.9913,1
2021-07-31,GBP,102.2042,1
2021-07-31,RUB,1,1
2021-07-31,USD,73.1388,1
2021-08-01,EUR,86.9913,1
2021-08-01,GBP,102.2042,1
2021-08-01,RUB,1,1
2021-08-01,USD,73.1388,1
2021-08-02,EUR,86.9913,1
2021-08-02,GBP,102.2042,1
2021-08-02,RUB,1,1
2021-08-02,USD,73.1388,1
2021-08-03,EUR,86.7717,1
2021-08-03,GBP,101.6888,1
2021-08-03,RUB,1,1
2021-08-03,USD,73.0156,1
2021-08-04,EUR,86.5578,1
2021-08-04,GBP,101.4238,1
2021-08-04,RUB,1,1
2021-08-04,USD,72.8724,1
2021-08-05,EUR,86.4112,1
2021-08-05,GBP,101.3541,1
2021-08-05,RUB,1,1
2021-08-05,USD,72.7857,1
2021-08-06,EUR,86.6529,1
2021-08-06,GBP,101.7767,1
2021-08-06,RUB,1,1
2021-08-06,USD,73.168,1
2021-08-07,EUR,86.4621,1
2021-08-07,GBP,101.7683,1
2021-08-07,RUB,1,1
2021-08-07,USD,73.1304,1
2021-08-08,EUR,86.4621,1
2021-08-08,GBP,101.7683,1
2021-08-08,RUB,1,1
2021-08-08,USD,73.1304,1
2021-08-09,EUR,86.4621,1
2021-08-09,GBP,101.7683,1
2021-08-09,RUB,1,1
2021-08-09,USD,73.1304,1
2021-08-10,EUR,86.4378,1
2021-08-10,GBP,101.8965,1
2021-08-10,RUB,1,1
2021-08-10,USD,73.5078,1
2021-08-11,EUR,86.3578,1
2021-08-11,GBP,102.0117,1
2021-08-11,RUB,1,1
2021-08-11,USD,73.5962,1
2021-08-12,EUR,86.6257,1
2021-08-12,GBP,102.2406,1
2021-08-12,RUB,1,1
2021-08-12,USD,73.9695,1
2021-08-13,EUR,86.3457,1
2021-08-13,GBP,102.0229,1
2021-08-13,RUB,1,1
2021-08-13,USD,73.5671,1
2021-08-14,EUR,86.2195,1
2021-08-14,GBP,101.3842,1
2021-08-14,RUB,1,1
2021-08-14,USD,73.4721,1
2021-08-15,EUR,86.2195,1
2021-08-15,GBP,101.3842,1
2021-08-15,RUB,1,1
2021-08-15,USD,73.4721,1
2021-08-16,EUR,86.2195,1
2021-08-16,GBP,101.3842,1
2021-08-16,RUB,1,1
2021-08-16,USD,73.4721,1
2021-08-17,EUR,86.5072,1
2021-08-17,GBP,101.758,1
2021-08-17,RUB,1,1
2021-08-17,USD,73.392,1
2021-08-18,EUR,86.4804,1
2021-08-18,GBP,101.4767,1
2021-08-18,RUB,1,1
2021-08-18,USD,73.4753,1
2021-08-19,EUR,86.121,1
2021-08-19,GBP,101.0855,1
2021-08-19,RUB,1,1
2021-08-19,USD,73.4633,1
2021-08-20,EUR,86.615,1
2021-08-20,GBP,101.5414,1
2021-08-20,RUB,1,1
2021-08-20,USD,74.1503,1
2021-08-21,EUR,86.8646,1
2021-08-21,GBP,101.321,1
2021-08-21,RUB,1,1
2021-08-21,USD,74.364,1
2021-08-22,EUR,86.8646,1
2021-08-22,GBP,101.321,1
2021-08-22,RUB,1,1
2021-08-22,USD,74.364,1
2021-08-23,EUR,86.8646,1
2021-08-23,GBP,101.321,1
2021-08-23,RUB,1,1
2021-08-23,USD,74.364,1
2021-08-24,EUR,86.7838,1
2021-08-24,GBP,101.1009,1
2021-08-24,RUB,1,1
2021-08-24,USD,74.0666,1
2021-08-25,EUR,86.8058,1
2021-08-25,GBP,101.3141,1
2021-08-25,RUB,1,1
2021-08-25,USD,73.9465,1
2021-08-26,EUR,86.5814,1
2021-08-26,GBP,101.3447,1
2021-08-26,RUB,1,1
2021-08-26,USD,73.7428,1
2021-08-27,EUR,87.0576,1
2021-08-27,GBP,101.6782,1
2021-08-27,RUB,1,1
2021-08-27,USD,73.9908,1
2021-08-28,EUR,87.0304,1
2021-08-28,GBP,101.369,1
2021-08-28,RUB,1,1
2021-08-28,USD,73.9866,1
2021-08-29,EUR,87.0304,1
2021-08-29,GBP,101.369,1
2021-08-29,RUB,1,1
2021-08-29,USD,73.9866,1
2021-08-30,EUR,87.0304,1
2021-08-30,GBP,101.369,1
2021-08-30,RUB,1,1
2021-08-30,USD,73.9866,1
2021-08-31,EUR,86.8104,1
2021-08-31,GBP,101.3119,1
2021-08-31,RUB,1,1
2021-08-31,USD,73.5744,1
2021-09-01,EUR,86.666,1
2021-09-01,GBP,100.9479,1
2021-09-01,RUB,1,1
2021-09-01,USD,73.2781,1
2021-09-02,EUR,86.3949,1
2021-09-02,GBP,100.6965,1
2021-09-02,RUB,1,1
2021-09-02,USD,73.1912,1
2021-09-03,EUR,86.297,1
2021-09-03,GBP,100.3861,1
2021-09-03,RUB,1,1
2021-09-03,USD,72.8491,1
2021-09-04,EUR,86.5366,1
2021-09-04,GBP,100.8088,1
2021-09-04,RUB,1,1
2021-09-04,USD,72.8545,1
2021-09-05,EUR,86.5366,1
2021-09-05,GBP,100.8088,1
2021-09-05,RUB,1,1
2021-09-05,USD,72.8545,1
2021-09-06,EUR,86.5366,1
2021-09-06,GBP,100.8088,1
2021-09-06,RUB,1,1
2021-09-06,USD,72.8545,1
2021-09-07,EUR,86.5743,1
2021-09-07,GBP,101.0045,1
2021-09-07,RUB,1,1
2021-09-07,USD,72.9538,1
2021-09-08,EUR,86.8922,1
2021-09-08,GBP,101.0986,1
2021-09-08,RUB,1,1
2021-09-08,USD,73.1909,1
2021-09-09,EUR,86.9114,1
2021-09-09,GBP,101.0196,1
2021-09-09,RUB,1,1
2021-09-09,USD,73.4421,1
2021-09-10,EUR,86.4677,1
2021-09-10,GBP,100.9619,1
2021-09-10,RUB,1,1
2021-09-10,USD,73.129,1
2021-09-11,EUR,86.1478,1
2021-09-11,GBP,100.9982,1
2021-09-11,RUB,1,1
2021-09-11,USD,72.76,1
2021-09-12,EUR,86.1478,1
2021-09-12,GBP,100.9982,1
2021-09-12,RUB,1,1
2021-09-12,USD,72.76,1
2021-09-13,EUR,86.1478,1
2021-09-13,GBP,100.9982,1
2021-09-13,RUB,1,1
2021-09-13,USD,72.76,1
2021-09-14,EUR,86.115,1
2021-09-14,GBP,100.973,1
2021-09-14,RUB,1,1
2021-09-14,USD,73.0841,1
2021-09-15,EUR,85.988,1
2021-09-15,GBP,100.8877,1
2021-09-15,RUB,1,1
2021-09-15,USD,72.7171,1
2021-09-16,EUR,86.0674,1
2021-09-16,GBP,100.7762,1
2021-09-16,RUB,1,1
2021-09-16,USD,72.852,1
2021-09-17,EUR,85.3622,1
2021-09-17,GBP,100.0805,1
2021-09-17,RUB,1,1
2021-09-17,USD,72.4329,1
2021-09-18,EUR,85.4614,1
2021-09-18,GBP,100.1621,1
2021-09-18,RUB,1,1
2021-09-18,USD,72.5602,1
2021-09-19,EUR,85.4614,1
2021-09-19,GBP,100.1621,1
2021-09-19,RUB,1,1
2021-09-19,USD,72.5602,1
2021-09-20,EUR,85.4614,1
2021-09-20,GBP,100.1621,1
2021-09-20,RUB,1,1
2021-09-20,USD,72.5602,1
2021-09-21,EUR,85.8785,1
2021-09-21,GBP,100.2222,1
2021-09-21,RUB,1,1
2021-09-21,USD,73.3315,1
2021-09-22,EUR,85.8568,1
2021-09-22,GBP,100.1687,1
2021-09-22,RUB,1,1
2021-09-22,USD,73.2067,1
2021-09-23,EUR,85.4889,1
2021-09-23,GBP,99.431,1
2021-09-23,RUB,1,1
2021-09-23,USD,72.8806,1
2021-09-24,EUR,85.204,1
2021-09-24,GBP,99.4362,1
2021-09-24,RUB,1,1
2021-09-24,USD,72.7245,1
2021-09-25,EUR,85.6823,1
2021-09-25,GBP,100.0722,1
2021-09-25,RUB,1,1
2021-09-25,USD,73.0081,1
2021-09-26,EUR,85.6823,1
2021-09-26,GBP,100.0722,1
2021-09-26,RUB,1,1
2021-09-26,USD,73.0081,1
2021-09-27,EUR,85.6823,1
2021-09-27,GBP,100.0722,1
2021-09-27,RUB,1,1
2021-09-27,USD,73.0081,1
2021-09-28,EUR,85.0355,1
2021-09-28,GBP,99.4951,1
2021-09-28,RUB,1,1
2021-09-28,USD,72.6613,1
2021-09-29,EUR,84.6752,1
2021-09-29,GBP,99.0681,1
2021-09-29,RUB,1,1
2021-09-29,USD,72.5083,1
2021-09-30,EUR,84.8755,1
2021-09-30,GBP,98.3726,1
2021-09-30,RUB,1,1
2021-09-30,USD,72.7608,1
2021-10-01,EUR,84.305,1
2021-10-01,GBP,97.6462,1
2021-10-01,RUB,1,1
2021-10-01,USD,72.6642,1
2021-10-02,EUR,84.4577,1
2021-10-02,GBP,98.1742,1
2021-10-02,RUB,1,1
2021-10-02,USD,72.9215,1
2021-10-03,EUR,84.4577,1
2021-10-03,GBP,98.1742,1
2021-10-03,RUB,1,1
2021-10-03,USD,72.9215,1
2021-10-04,EUR,84.4577,1
2021-10-04,GBP,98.1742,1
2021-10-04,RUB,1,1
2021-10-04,USD,72.9215,1
2021-10-05,EUR,84.6355,1
2021-10-05,GBP,98.8046,1
2021-10-05,RUB,1,1
2021-10-05,USD,72.9239,1
2021-10-06,EUR,84.1723,1
2021-10-06,GBP,98.8021,1
2021-10-06,RUB,1,1
2021-10-06,USD,72.5686,1
2021-10-07,EUR,83.9251,1
2021-10-07,GBP,98.475,1
2021-10-07,RUB,1,1
2021-10-07,USD,72.5682,1
2021-10-08,EUR,83.6053,1
2021-10-08,GBP,98.1419,1
2021-10-08,RUB,1,1
2021-10-08,USD,72.2854,1
2021-10-09,EUR,83.1248,1
2021-10-09,GBP,97.8608,1
2021-10-09,RUB,1,1
2021-10-09,USD,71.9882,1
2021-10-10,EUR,83.1248,1
2021-10-10,GBP,97.8608,1
2021-10-10,RUB,1,1
2021-10-10,USD,71.9882,1
2021-10-11,EUR,83.1248,1
2021-10-11,GBP,97.8608,1
2021-10-11,RUB,1,1
2021-10-11,USD,71.9882,1
2021-10-12,EUR,82.9273,1
2021-10-12,GBP,97.6918,1
2021-10-12,RUB,1,1
2021-10-12,USD,71.6373,1
2021-10-13,EUR,83.0934,1
2021-10-13,GBP,97.6922,1
2021-10-13,RUB,1,1
2021-10-13,USD,71.8801,1
2021-10-14,EUR,83.0028,1
2021-10-14,GBP,97.978,1
2021-10-14,RUB,1,1
2021-10-14,USD,71.8577,1
2021-10-15,EUR,83.3347,1
2021-10-15,GBP,98.3449,1
2021-10-15,RUB,1,1
2021-10-15,USD,71.7846,1
2021-10-16,EUR,82.7276,1
2021-10-16,GBP,97.7729,1
2021-10-16,RUB,1,1
2021-10-16,USD,71.2371,1
2021-10-17,EUR,82.7276,1
2021-10-17,GBP,97.7729,1
2021-10-17,RUB,1,1
2021-10-17,USD,71.2371,1
2021-10-18,EUR,82.7276,1
2021-10-18,GBP,97.7729,1
2021-10-18,RUB,1,1
2021-10-18,USD,71.2371,1
2021-10-19,EUR,82.4592,1
2021-10-19,GBP,97.6899,1
2021-10-19,RUB,1,1
2021-10-19,USD,71.1714,1
2021-10-20,EUR,82.6841,1
2021-10-20,GBP,97.8428,1
2021-10-20,RUB,1,1
2021-10-20,USD,70.9674,1
2021-10-21,EUR,82.6162,1
2021-10-21,GBP,97.95,1
2021-10-21,RUB,1,1
2021-10-21,USD,71.0555,1
2021-10-22,EUR,82.6399,1
2021-10-22,GBP,97.9668,1
2021-10-22,RUB,1,1
2021-10-22,USD,70.9904,1
2021-10-23,EUR,82.4979,1
2021-10-23,GBP,97.6482,1
2021-10-23,RUB,1,1
2021-10-23,USD,70.8623,1
2021-10-24,EUR,82.4979,1
2021-10-24,GBP,97.6482,1
2021-10-24,RUB,1,1
2021-10-24,USD,70.8623,1
2021-10-25,EUR,82.4979,1
2021-10-25,GBP,97.6482,1
2021-10-25,RUB,1,1
2021-10-25,USD,70.8623,1
2021-10-26,EUR,81.7418,1
2021-10-26,GBP,96.6453,1
2021-10-26,RUB,1,1
2021-10-26,USD,70.1345,1
2021-10-27,EUR,80.7019,1
2021-10-27,GBP,95.8018,1
2021-10-27,RUB,1,1
2021-10-27,USD,69.5526,1
2021-10-28,EUR,81.0289,1
2021-10-28,GBP,95.9823,1
2021-10-28,RUB,1,1
2021-10-28,USD,69.8104,1
2021-10-29,EUR,81.8393,1
2021-10-29,GBP,97.0083,1
2021-10-29,RUB,1,1
2021-10-29,USD,70.5207,1
2021-10-30,EUR,82.2898,1
2021-10-30,GBP,97.2118,1
2021-10-30,RUB,1,1
2021-10-30,USD,70.52,1
2021-10-31,EUR,82.2898,1
2021-10-31,GBP,97.2118,1
2021-10-31,RUB,1,1
2021-10-31,USD,70.52,1
2021-11-01,EUR,82.2898,1
2021-11-01,GBP,97.2118,1
2021-11-01,RUB,1,1
2021-11-01,USD,70.52,1
2021-11-02,EUR,82.1687,1
2021-11-02,GBP,97.2034,1
2021-11-02,RUB,1,1
2021-11-02,USD,71.0863,1
2021-11-03,EUR,82.9577,1
2021-11-03,GBP,97.575,1
2021-11-03,RUB,1,1
2021-11-03,USD,71.4783,1
2021-11-04,EUR,82.8112,1
2021-11-04,GBP,97.3733,1
2021-11-04,RUB,1,1
2021-11-04,USD,71.4876,1
2021-11-05,EUR,82.8112,1
2021-11-05,GBP,97.3733,1
2021-11-05,RUB,1,1
2021-11-05,USD,71.4876,1
2021-11-06,EUR,82.8112,1
2021-11-06,GBP,97.3733,1
2021-11-06,RUB,1,1
2021-11-06,USD,71.4876,1
2021-11-07,EUR,82.8112,1
2021-11-07,GBP,97.3733,1
2021-11-07,RUB,1,1
2021-11-07,USD,71.4876,1
2021-11-08,EUR,82.8112,1
2021-11-08,GBP,97.3733,1
2021-11-08,RUB,1,1
2021-11-08,USD,71.4876,1
2021-11-09,EUR,82.5355,1
2021-11-09,GBP,96.0725,1
2021-11-09,RUB,1,1
2021-11-09,USD,71.3975,1
2021-11-10,EUR,82.6497,1
2021-11-10,GBP,96.686,1
2021-11-10,RUB,1,1
2021-11-10,USD,71.2866,1
2021-11-11,EUR,81.787,1
2021-11-11,GBP,95.721,1
2021-11-11,RUB,1,1
2021-11-11,USD,70.695,1
2021-11-12,EUR,81.6552,1
2021-11-12,GBP,95.2394,1
2021-11-12,RUB,1,1
2021-11-12,USD,71.1964,1
2021-11-13,EUR,82.2173,1
2021-11-13,GBP,96.0842,1
2021-11-13,RUB,1,1
2021-11-13,USD,71.8118,1
2021-11-14,EUR,82.2173,1
2021-11-14,GBP,96.0842,1
2021-11-14,RUB,1,1
2021-11-14,USD,71.8118,1
2021-11-15,EUR,82.2173,1
2021-11-15,GBP,96.0842,1
2021-11-15,RUB,1,1
2021-11-15,USD,71.8118,1
2021-11-16,EUR,82.7736,1
2021-11-16,GBP,96.9751,1
2021-11-16,RUB,1,1
2021-11-16,USD,72.2724,1
2021-11-17,EUR,82.5244,1
2021-11-17,GBP,97.6304,1
2021-11-17,RUB,1,1
2021-11-17,USD,72.5553,1
2021-11-18,EUR,82.3553,1
2021-11-18,GBP,97.9685,1
2021-11-18,RUB,1,1
2021-11-18,USD,72.8228,1
2021-11-19,EUR,82.2583,1
2021-11-19,GBP,98.0202,1
2021-11-19,RUB,1,1
2021-11-19,USD,72.6022,1
2021-11-20,EUR,82.5845,1
2021-11-20,GBP,98.141,1
2021-11-20,RUB,1,1
2021-11-20,USD,72.7617,1
2021-11-21,EUR,82.5845,1
2021-11-21,GBP,98.141,1
2021-11-21,RUB,1,1
2021-11-21,USD,72.7617,1
2021-11-22,EUR,82.5845,1
2021-11-22,GBP,98.141,1
2021-11-22,RUB,1,1
2021-11-22,USD,72.7617,1
2021-11-23,EUR,82.7715,1
2021-11-23,GBP,98.5854,1
2021-11-23,RUB,1,1
2021-11-23,USD,73.4506,1
2021-11-24,EUR,84.1718,1
2021-11-24,GBP,100.186,1
2021-11-24,RUB,1,1
2021-11-24,USD,74.8327,1
2021-11-25,EUR,83.6394,1
2021-11-25,GBP,99.4734,1
2021-11-25,RUB,1,1
2021-11-25,USD,74.3726,1
2021-11-26,EUR,83.6793,1
2021-11-26,GBP,99.5393,1
2021-11-26,RUB,1,1
2021-11-26,USD,74.6004,1
2021-11-27,EUR,84.9526,1
2021-11-27,GBP,100.5613,1
2021-11-27,RUB,1,1
2021-11-27,USD,75.5873,1
2021-11-28,EUR,84.9526,1
2021-11-28,GBP,100.5613,1
2021-11-28,RUB,1,1
2021-11-28,USD,75.5873,1
2021-11-29,EUR,84.9526,1
2021-11-29,GBP,100.5613,1
2021-11-29,RUB,1,1
2021-11-29,USD,75.5873,1
2021-11-30,EUR,84.482,1
2021-11-30,GBP,99.9432,1
2021-11-30,RUB,1,1
2021-11-30,USD,74.9818,1
2021-12-01,EUR,84.8234,1
2021-12-01,GBP,99.8843,1
2021-12-01,RUB,1,1
2021-12-01,USD,74.8926,1
2021-12-02,EUR,83.8354,1
2021-12-02,GBP,98.3344,1
2021-12-02,RUB,1,1
2021-12-02,USD,73.9746,1
2021-12-03,EUR,83.8105,1
2021-12-03,GBP,98.4158,1
2021-12-03,RUB,1,1
2021-12-03,USD,74.0637,1
2021-12-04,EUR,83.2406,1
2021-12-04,GBP,97.9449,1
2021-12-04,RUB,1,1
2021-12-04,USD,73.7426,1
2021-12-05,EUR,83.2406,1
2021-12-05,GBP,97.9449,1
2021-12-05,RUB,1,1
2021-12-05,USD,73.7426,1
2021-12-06,EUR,83.2406,1
2021-12-06,GBP,97.9449,1
2021-12-06,RUB,1,1
2021-12-06,USD,73.7426,1
2021-12-07,EUR,83.1138,1
2021-12-07,GBP,97.6341,1
2021-12-07,RUB,1,1
2021-12-07,USD,73.6694,1
2021-12-08,EUR,83.7114,1
2021-12-08,GBP,98.4578,1
2021-12-08,RUB,1,1
2021-12-08,USD,74.1399,1
2021-12-09,EUR,83.364,1
2021-12-09,GBP,97.7638,1
2021-12-09,RUB,1,1
2021-12-09,USD,73.8453,1
2021-12-10,EUR,83.3444,1
2021-12-10,GBP,97.1517,1
2021-12-10,RUB,1,1
2021-12-10,USD,73.5998,1
2021-12-11,EUR,83.1158,1
2021-12-11,GBP,97.2334,1
2021-12-11,RUB,1,1
2021-12-11,USD,73.6059,1
2021-12-12,EUR,83.1158,1
2021-12-12,GBP,97.2334,1
2021-12-12,RUB,1,1
2021-12-12,USD,73.6059,1
2021-12-13,EUR,83.1158,1
2021-12-13,GBP,97.2334,1
2021-12-13,RUB,1,1
2021-12-13,USD,73.6059,1
2021-12-14,EUR,82.866,1
2021-12-14,GBP,97.1884,1
2021-12-14,RUB,1,1
2021-12-14,USD,73.4107,1
2021-12-15,EUR,82.8299,1
2021-12-15,GBP,97.061,1
2021-12-15,RUB,1,1
2021-12-15,USD,73.4698,1
2021-12-16,EUR,83.2375,1
2021-12-16,GBP,97.9634,1
2021-12-16,RUB,1,1
2021-12-16,USD,73.851,1
2021-12-17,EUR,83.1571,1
2021-12-17,GBP,97.7903,1
2021-12-17,RUB,1,1
2021-12-17,USD,73.5708,1
2021-12-18,EUR,83.5026,1
2021-12-18,GBP,98.2713,1
2021-12-18,RUB,1,1
2021-12-18,USD,73.733,1
2021-12-19,EUR,83.5026,1
2021-12-19,GBP,98.2713,1
2021-12-19,RUB,1,1
2021-12-19,USD,73.733,1
2021-12-20,EUR,83.5026,1
2021-12-20,GBP,98.2713,1
2021-12-20,RUB,1,1
2021-12-20,USD,73.733,1
2021-12-21,EUR,83.6187,1
2021-12-21,GBP,98.0987,1
2021-12-21,RUB,1,1
2021-12-21,USD,74.2947,1
2021-12-22,EUR,83.3213,1
2021-12-22,GBP,97.768,1
2021-12-22,RUB,1,1
2021-12-22,USD,73.8206,1
2021-12-23,EUR,83.1541,1
2021-12-23,GBP,97.949,1
2021-12-23,RUB,1,1
2021-12-23,USD,73.7901,1
2021-12-24,EUR,83.1223,1
2021-12-24,GBP,98.1974,1
2021-12-24,RUB,1,1
2021-12-24,USD,73.3583,1
2021-12-25,EUR,82.93,1
2021-12-25,GBP,98.1459,1
2021-12-25,RUB,1,1
2021-12-25,USD,73.1886,1
2021-12-26,EUR,82.93,1
2021-12-26,GBP,98.1459,1
2021-12-26,RUB,1,1
2021-12-26,USD,73.1886,1
2021-12-27,EUR,82.93,1
2021-12-27,GBP,98.1459,1
2021-12-27,RUB,1,1
2021-12-27,USD,73.1886,1
2021-12-28,EUR,82.9363,1
2021-12-28,GBP,98.22,1
2021-12-28,RUB,1,1
2021-12-28,USD,73.2329,1
2021-12-29,EUR,83.2194,1
2021-12-29,GBP,98.7638,1
2021-12-29,RUB,1,1
2021-12-29,USD,73.4959,1
2021-12-30,EUR,83.204,1
2021-12-30,GBP,98.8254,1
2021-12-30,RUB,1,1
2021-12-30,USD,73.6514,1
2021-12-31,EUR,84.0695,1
2021-12-31,GBP,100.0573,1
2021-12-31,RUB,1,1
2021-12-31,USD,74.2926,1
2022-01-01,EUR,84.0695,1
2022-01-01,GBP,100.0573,1
2022-01-01,RUB,1,1
2022-01-01,USD,74.2926,1
2022-01-02,EUR,84.0695,1
2022-01-02,GBP,100.0573,1
2022-01-02,RUB,1,1
2022-01-02,USD,74.2926,1
2022-01-03,EUR,84.0695,1
2022-01-03,GBP,100.0573,1
2022-01-03,RUB,1,1
2022-01-03,USD,74.2926,1
2022-01-04,EUR,84.0695,1
2022-01-04,GBP,100.0573,1
2022-01-04,RUB,1,1
2022-01-04,USD,74.2926,1
2022-01-05,EUR,84.0695,1
2022-01-05,GBP,100.0573,1
2022-01-05,RUB,1,1
2022-01-05,USD,74.2926,1
2022-01-06,EUR,84.0695,1
2022-01-06,GBP,100.0573,1
2022-01-06,RUB,1,1
2022-01-06,USD,74.2926,1
2022-01-07,EUR,84.0695,1
2022-01-07,GBP,100.0573,1
2022-01-07,RUB,1,1
2022-01-07,USD,74.2926,1
2022-01-08,EUR,84.0695,1
2022-01-08,GBP,100.0573,1
2022-01-08,RUB,1,1
2022-01-08,USD,74.2926,1
2022-01-09,EUR,84.0695,1
2022-01-09,GBP,100.0573,1
2022-01-09,RUB,1,1
2022-01-09,USD,74.2926,1
2022-01-10,EUR,84.0695,1
2022-01-10,GBP,100.0573,1
2022-01-10,RUB,1,1
2022-01-10,USD,74.2926,1
2022-01-11,EUR,85.1315,1
2022-01-11,GBP,102.0436,1
2022-01-11,RUB,1,1
2022-01-11,USD,75.1315,1
2022-01-12,EUR,84.8784,1
2022-01-12,GBP,101.9035,1
2022-01-12,RUB,1,1
2022-01-12,USD,74.8355,1
2022-01-13,EUR,84.6709,1
2022-01-13,GBP,101.5663,1
2022-01-13,RUB,1,1
2022-01-13,USD,74.5277,1
2022-01-14,EUR,85.4556,1
2022-01-14,GBP,102.4945,1
2022-01-14,RUB,1,1
2022-01-14,USD,74.5686,1
2022-01-15,EUR,86.8894,1
2022-01-15,GBP,104.0505,1
2022-01-15,RUB,1,1
2022-01-15,USD,75.7668,1
2022-01-16,EUR,86.8894,1
2022-01-16,GBP,104.0505,1
2022-01-16,RUB,1,1
2022-01-16,USD,75.7668,1
2022-01-17,EUR,86.8894,1
2022-01-17,GBP,104.0505,1
2022-01-17,RUB,1,1
2022-01-17,USD,75.7668,1
2022-01-18,EUR,86.8609,1
2022-01-18,GBP,104.0461,1
2022-01-18,RUB,1,1
2022-01-18,USD,76.0404,1
2022-01-19,EUR,87.0216,1
2022-01-19,GBP,104.1816,1
2022-01-19,RUB,1,1
2022-01-19,USD,76.3347,1
2022-01-20,EUR,87.1318,1
2022-01-20,GBP,104.4813,1
2022-01-20,RUB,1,1
2022-01-20,USD,76.8697,1
2022-01-21,EUR,86.8215,1
2022-01-21,GBP,104.2041,1
2022-01-21,RUB,1,1
2022-01-21,USD,76.4408,1
2022-01-22,EUR,86.9054,1
2022-01-22,GBP,103.9997,1
2022-01-22,RUB,1,1
2022-01-22,USD,76.6903,1
2022-01-23,EUR,86.9054,1
2022-01-23,GBP,103.9997,1
2022-01-23,RUB,1,1
2022-01-23,USD,76.6903,1
2022-01-24,EUR,86.9054,1
2022-01-24,GBP,103.9997,1
2022-01-24,RUB,1,1
2022-01-24,USD,76.6903,1
2022-01-25,EUR,87.5925,1
2022-01-25,GBP,104.8449,1
2022-01-25,RUB,1,1
2022-01-25,USD,77.3649,1
2022-01-26,EUR,88.9286,1
2022-01-26,GBP,106.0018,1
2022-01-26,RUB,1,1
2022-01-26,USD,78.6422,1
2022-01-27,EUR,89.1511,1
2022-01-27,GBP,106.6135,1
2022-01-27,RUB,1,1
2022-01-27,USD,78.9437,1
2022-01-28,EUR,88.468,1
2022-01-28,GBP,105.8995,1
2022-01-28,RUB,1,1
2022-01-28,USD,78.947,1
2022-01-29,EUR,86.6419,1
2022-01-29,GBP,104.0808,1
2022-01-29,RUB,1,1
2022-01-29,USD,77.8174,1
2022-01-30,EUR,86.6419,1
2022-01-30,GBP,104.0808,1
2022-01-30,RUB,1,1
2022-01-30,USD,77.8174,1
2022-01-31,EUR,86.6419,1
2022-01-31,GBP,104.0808,1
2022-01-31,RUB,1,1
2022-01-31,USD,77.8174,1
2022-02-01,EUR,86.5032,1
2022-02-01,GBP,104.1432,1
2022-02-01,RUB,1,1
2022-02-01,USD,77.4702,1
2022-02-02,EUR,86.7869,1
2022-02-02,GBP,103.9175,1
2022-02-02,RUB,1,1
2022-02-02,USD,77.1302,1
2022-02-03,EUR,86.2826,1
2022-02-03,GBP,103.5988,1
2022-02-03,RUB,1,1
2022-02-03,USD,76.4849,1
2022-02-04,EUR,86.561,1
2022-02-04,GBP,103.8762,1
2022-02-04,RUB,1,1
2022-02-04,USD,76.6501,1
2022-02-05,EUR,87.1163,1
2022-02-05,GBP,103.2771,1
2022-02-05,RUB,1,1
2022-02-05,USD,76.0509,1
2022-02-06,EUR,87.1163,1
2022-02-06,GBP,103.2771,1
2022-02-06,RUB,1,1
2022-02-06,USD,76.0509,1
2022-02-07,EUR,87.1163,1
2022-02-07,GBP,103.2771,1
2022-02-07,RUB,1,1
2022-02-07,USD,76.0509,1
2022-02-08,EUR,86.5181,1
2022-02-08,GBP,102.464,1
2022-02-08,RUB,1,1
2022-02-08,USD,75.6806,1
2022-02-09,EUR,85.892,1
2022-02-09,GBP,101.8791,1
2022-02-09,RUB,1,1
2022-02-09,USD,75.3042,1
2022-02-10,EUR,85.3784,1
2022-02-10,GBP,101.4608,1
2022-02-10,RUB,1,1
2022-02-10,USD,74.8015,1
2022-02-11,EUR,85.3798,1
2022-02-11,GBP,101.2736,1
2022-02-11,RUB,1,1
2022-02-11,USD,74.7241,1
2022-02-12,EUR,85.3574,1
2022-02-12,GBP,101.6295,1
2022-02-12,RUB,1,1
2022-02-12,USD,74.9867,1
2022-02-13,EUR,85.3574,1
2022-02-13,GBP,101.6295,1
2022-02-13,RUB,1,1
2022-02-13,USD,74.9867,1
2022-02-14,EUR,85.3574,1
2022-02-14,GBP,101.6295,1
2022-02-14,RUB,1,1
2022-02-14,USD,74.9867,1
2022-02-15,EUR,86.8451,1
2022-02-15,GBP,103.4621,1
2022-02-15,RUB,1,1
2022-02-15,USD,76.5762,1
2022-02-16,EUR,86.2656,1
2022-02-16,GBP,103.2887,1
2022-02-16,RUB,1,1
2022-02-16,USD,76.166,1
2022-02-17,EUR,85.306,1
2022-02-17,GBP,101.6891,1
2022-02-17,RUB,1,1
2022-02-17,USD,75.0141,1
2022-02-18,EUR,86.1308,1
2022-02-18,GBP,102.8494,1
2022-02-18,RUB,1,1
2022-02-18,USD,75.7527,1
2022-02-19,EUR,86.1489,1
2022-02-19,GBP,103.2786,1
2022-02-19,RUB,1,1
2022-02-19,USD,75.7619,1
2022-02-20,EUR,86.1489,1
2022-02-20,GBP,103.2786,1
2022-02-20,RUB,1,1
2022-02-20,USD,75.7619,1
2022-02-21,EUR,86.1489,1
2022-02-21,GBP,103.2786,1
2022-02-21,RUB,1,1
2022-02-21,USD,75.7619,1
2022-02-22,EUR,87.3379,1
2022-02-22,GBP,104.6259,1
2022-02-22,RUB,1,1
2022-02-22,USD,76.7671,1
2022-02-23,EUR,90.882,1
2022-02-23,GBP,109.2015,1
2022-02-23,RUB,1,1
2022-02-23,USD,80.4194,1
2022-02-24,EUR,90.882,1
2022-02-24,GBP,109.2015,1
2022-02-24,RUB,1,1
2022-02-24,USD,80.4194,1
2022-02-25,EUR,97.7688,1
2022-02-25,GBP,117.1539,1
2022-02-25,RUB,1,1
2022-02-25,USD,86.9288,1
2022-02-26,EUR,93.5994,1
2022-02-26,GBP,111.8213,1
2022-02-26,RUB,1,1
2022-02-26,USD,83.5485,1
2022-02-27,EUR,93.5994,1
2022-02-27,GBP,111.8213,1
2022-02-27,RUB,1,1
2022-02-27,USD,83.5485,1
2022-02-28,EUR,93.5994,1
2022-02-28,GBP,111.8213,1
2022-02-28,RUB,1,1
2022-02-28,USD,83.5485,1
2022-03-01,EUR,104.4772,1
2022-03-01,GBP,125.0415,1
2022-03-01,RUB,1,1
2022-03-01,USD,93.5589,1
2022-03-02,EUR,102.9112,1
2022-03-02,GBP,123.1411,1
2022-03-02,RUB,1,1
2022-03-02,USD,91.7457,1
2022-03-03,EUR,114.5544,1
2022-03-03,GBP,137.2898,1
2022-03-03,RUB,1,1
2022-03-03,USD,103.2487,1
2022-03-04,EUR,124.0161,1
2022-03-04,GBP,149.7424,1
2022-03-04,RUB,1,1
2022-03-04,USD,111.7564,1
2022-03-05,EUR,116.5312,1
2022-03-05,GBP,140.9421,1
2022-03-05,RUB,1,1
2022-03-05,USD,105.8124,1
2022-03-06,EUR,115.6212,1
2022-03-06,GBP,139.9581,1
2022-03-06,RUB,1,1
2022-03-06,USD,105.8124,1
2022-03-07,EUR,115.6212,1
2022-03-07,GBP,139.9581,1
2022-03-07,RUB,1,1
2022-03-07,USD,105.8124,1
2022-03-08,EUR,115.6212,1
2022-03-08,GBP,139.9581,1
2022-03-08,RUB,1,1
2022-03-08,USD,105.8124,1
2022-03-09,EUR,115.6212,1
2022-03-09,GBP,139.9581,1
2022-03-09,RUB,1,1
2022-03-09,USD,105.8124,1
2022-03-10,EUR,126.4395,1
2022-03-10,GBP,152.4773,1
2022-03-10,RUB,1,1
2022-03-10,USD,116.0847,1
2022-03-11,EUR,132.9581,1
2022-03-11,GBP,158.3338,1
2022-03-11,RUB,1,1
2022-03-11,USD,120.3785,1
2022-03-12,EUR,128.9523,1
2022-03-12,GBP,153.5635,1
2022-03-12,RUB,1,1
2022-03-12,USD,116.7517,1
2022-03-13,EUR,128.9523,1
2022-03-13,GBP,153.5635,1
2022-03-13,RUB,1,1
2022-03-13,USD,116.7517,1
2022-03-14,EUR,128.9523,1
2022-03-14,GBP,153.5635,1
2022-03-14,RUB,1,1
2022-03-14,USD,116.7517,1
2022-03-15,EUR,127.2343,1
2022-03-15,GBP,151.5177,1
2022-03-15,RUB,1,1
2022-03-15,USD,115.1963,1
2022-03-16,EUR,122.4522,1
2022-03-16,GBP,145.7631,1
2022-03-16,RUB,1,1
2022-03-16,USD,111.4823,1
2022-03-17,EUR,118.7601,1
2022-03-17,GBP,141.3646,1
2022-03-17,RUB,1,1
2022-03-17,USD,108.0521,1
2022-03-18,EUR,115.9311,1
2022-03-18,GBP,137.3839,1
2022-03-18,RUB,1,1
2022-03-18,USD,104.8012,1
2022-03-19,EUR,114.3996,1
2022-03-19,GBP,136.3024,1
2022-03-19,RUB,1,1
2022-03-19,USD,103.9524,1
2022-03-20,EUR,114.3996,1
2022-03-20,GBP,136.3024,1
2022-03-20,RUB,1,1
2022-03-20,USD,103.9524,1
2022-03-21,EUR,114.3996,1
2022-03-21,GBP,136.3024,1
2022-03-21,RUB,1,1
2022-03-21,USD,103.9524,1
2022-03-22,EUR,115.6002,1
2022-03-22,GBP,138.0021,1
2022-03-22,RUB,1,1
2022-03-22,USD,104.6819,1
2022-03-23,EUR,114.7833,1
2022-03-23,GBP,138.0023,1
2022-03-23,RUB,1,1
2022-03-23,USD,104.0741,1
2022-03-24,EUR,113.2613,1
2022-03-24,GBP,136.0395,1
2022-03-24,RUB,1,1
2022-03-24,USD,103.1618,1
2022-03-25,EUR,105.4679,1
2022-03-25,GBP,126.694,1
2022-03-25,RUB,1,1
2022-03-25,USD,96.0458,1
2022-03-26,EUR,105.2662,1
2022-03-26,GBP,126.111,1
2022-03-26,RUB,1,1
2022-03-26,USD,95.6618,1
2022-03-27,EUR,105.2662,1
2022-03-27,GBP,126.111,1
2022-03-27,RUB,1,1
2022-03-27,USD,95.6618,1
2022-03-28,EUR,105.2662,1
2022-03-28,GBP,126.111,1
2022-03-28,RUB,1,1
2022-03-28,USD,95.6618,1
2022-03-29,EUR,102.6714,1
2022-03-29,GBP,122.7165,1
2022-03-29,RUB,1,1
2022-03-29,USD,93.7125,1
2022-03-30,EUR,96.0085,1
2022-03-30,GBP,113.3603,1
2022-03-30,RUB,1,1
2022-03-30,USD,86.2843,1
2022-03-31,EUR,93.696,1
2022-03-31,GBP,110.6224,1
2022-03-31,RUB,1,1
2022-03-31,USD,84.0851,1
2022-04-01,EUR,92.493,1
2022-04-01,GBP,109.5586,1
2022-04-01,RUB,1,1
2022-04-01,USD,83.4097,1
2022-04-02,EUR,92.1468,1
2022-04-02,GBP,109.2663,1
2022-04-02,RUB,1,1
2022-04-02,USD,83.4285,1
2022-04-03,EUR,92.1468,1
2022-04-03,GBP,109.2663,1
2022-04-03,RUB,1,1
2022-04-03,USD,83.4285,1
2022-04-04,EUR,92.1468,1
2022-04-04,GBP,109.2663,1
2022-04-04,RUB,1,1
2022-04-04,USD,83.4285,1
2022-04-05,EUR,92.3872,1
2022-04-05,GBP,109.5907,1
2022-04-05,RUB,1,1
2022-04-05,USD,83.5932,1
2022-04-06,EUR,91.7289,1
2022-04-06,GBP,109.3245,1
2022-04-06,RUB,1,1
2022-04-06,USD,83.352,1
2022-04-07,EUR,90.5998,1
2022-04-07,GBP,108.3249,1
2022-04-07,RUB,1,1
2022-04-07,USD,82.5962,1
2022-04-08,EUR,83.293,1
2022-04-08,GBP,99.8479,1
2022-04-08,RUB,1,1
2022-04-08,USD,76.2547,1
2022-04-09,EUR,81.7064,1
2022-04-09,GBP,97.7991,1
2022-04-09,RUB,1,1
2022-04-09,USD,74.8501,1
2022-04-10,EUR,81.7064,1
2022-04-10,GBP,97.7991,1
2022-04-10,RUB,1,1
2022-04-10,USD,74.8501,1
2022-04-11,EUR,81.7064,1
2022-04-11,GBP,97.7991,1
2022-04-11,RUB,1,1
2022-04-11,USD,74.8501,1
2022-04-12,EUR,85.9752,1
2022-04-12,GBP,102.9629,1
2022-04-12,RUB,1,1
2022-04-12,USD,79.1596,1
2022-04-13,EUR,86.7939,1
2022-04-13,GBP,103.8421,1
2022-04-13,RUB,1,1
2022-04-13,USD,79.6274,1
2022-04-14,EUR,86.7219,1
2022-04-14,GBP,104.1046,1
2022-04-14,RUB,1,1
2022-04-14,USD,79.8471,1
2022-04-15,EUR,88.0024,1
2022-04-15,GBP,105.9833,1
2022-04-15,RUB,1,1
2022-04-15,USD,81.288,1
2022-04-16,EUR,87.0715,1
2022-04-16,GBP,104.361,1
2022-04-16,RUB,1,1
2022-04-16,USD,80.0437,1
2022-04-17,EUR,87.0715,1
2022-04-17,GBP,104.361,1
2022-04-17,RUB,1,1
2022-04-17,USD,80.0437,1
2022-04-18,EUR,87.0715,1
2022-04-18,GBP,104.361,1
2022-04-18,RUB,1,1
2022-04-18,USD,80.0437,1
2022-04-19,EUR,86.4289,1
2022-04-19,GBP,103.5907,1
2022-04-19,RUB,1,1
2022-04-19,USD,79.4529,1
2022-04-20,EUR,85.9674,1
2022-04-20,GBP,103.1166,1
2022-04-20,RUB,1,1
2022-04-20,USD,79.0287,1
2022-04-21,EUR,83.2705,1
2022-04-21,GBP,100.1281,1
2022-04-21,RUB,1,1
2022-04-21,USD,77.0809,1
2022-04-22,EUR,81.2239,1
2022-04-22,GBP,97.8587,1
2022-04-22,RUB,1,1
2022-04-22,USD,74.999,1
2022-04-23,EUR,80.0249,1
2022-04-23,GBP,95.7844,1
2022-04-23,RUB,1,1
2022-04-23,USD,73.505,1
2022-04-24,EUR,80.0249,1
2022-04-24,GBP,95.7844,1
2022-04-24,RUB,1,1
2022-04-24,USD,73.505,1
2022-04-25,EUR,80.0249,1
2022-04-25,GBP,95.7844,1
2022-04-25,RUB,1,1
2022-04-25,USD,73.505,1
2022-04-26,EUR,77.4651,1
2022-04-26,GBP,94.2177,1
2022-04-26,RUB,1,1
2022-04-26,USD,73.3611,1
2022-04-27,EUR,76.667,1
2022-04-27,GBP,92.4639,1
2022-04-27,RUB,1,1
2022-04-27,USD,72.7089,1
2022-04-28,EUR,75.9224,1
2022-04-28,GBP,91.9773,1
2022-04-28,RUB,1,1
2022-04-28,USD,72.8764,1
2022-04-29,EUR,75.3117,1
2022-04-29,GBP,90.3908,1
2022-04-29,RUB,1,1
2022-04-29,USD,72.2953,1
2022-04-30,EUR,74.5589,1
2022-04-30,GBP,88.3464,1
2022-04-30,RUB,1,1
2022-04-30,USD,71.0237,1
2022-05-01,EUR,74.5589,1
2022-05-01,GBP,88.3464,1
2022-05-01,RUB,1,1
2022-05-01,USD,71.0237,1
2022-05-02,EUR,74.5589,1
2022-05-02,GBP,88.3464,1
2022-05-02,RUB,1,1
2022-05-02,USD,71.0237,1
2022-05-03,EUR,74.5589,1
2022-05-03,GBP,88.3464,1
2022-05-03,RUB,1,1
2022-05-03,USD,71.0237,1
2022-05-04,EUR,74.5589,1
2022-05-04,GBP,88.3464,1
2022-05-04,RUB,1,1
2022-05-04,USD,71.0237,1
2022-05-05,EUR,72.7815,1
2022-05-05,GBP,86.8672,1
2022-05-05,RUB,1,1
2022-05-05,USD,69.416,1
2022-05-06,EUR,70.0662,1
2022-05-06,GBP,82.7906,1
2022-05-06,RUB,1,1
2022-05-06,USD,66.2378,1
2022-05-07,EUR,71.0963,1
2022-05-07,GBP,83.3813,1
2022-05-07,RUB,1,1
2022-05-07,USD,67.3843,1
2022-05-08,EUR,71.0963,1
2022-05-08,GBP,83.3813,1
2022-05-08,RUB,1,1
2022-05-08,USD,67.3843,1
2022-05-09,EUR,71.0963,1
2022-05-09,GBP,83.3813,1
2022-05-09,RUB,1,1
2022-05-09,USD,67.3843,1
2022-05-10,EUR,71.0963,1
2022-05-10,GBP,83.3813,1
2022-05-10,RUB,1,1
2022-05-10,USD,67.3843,1
2022-05-11,EUR,71.0963,1
2022-05-11,GBP,83.3813,1
2022-05-11,RUB,1,1
2022-05-11,USD,67.3843,1
2022-05-12,EUR,72.6314,1
2022-05-12,GBP,84.7613,1
2022-05-12,RUB,1,1
2022-05-12,USD,68.8389,1
2022-05-13,EUR,68.7835,1
2022-05-13,GBP,81.1868,1
2022-05-13,RUB,1,1
2022-05-13,USD,65.7916,1
2022-05-14,EUR,65.7939,1
2022-05-14,GBP,77.9901,1
2022-05-14,RUB,1,1
2022-05-14,USD,63.7799,1
2022-05-15,EUR,65.7939,1
2022-05-15,GBP,77.9901,1
2022-05-15,RUB,1,1
2022-05-15,USD,63.7799,1
2022-05-16,EUR,65.7939,1
2022-05-16,GBP,77.9901,1
2022-05-16,RUB,1,1
2022-05-16,USD,63.7799,1
2022-05-17,EUR,65.8166,1
2022-05-17,GBP,77.5292,1
2022-05-17,RUB,1,1
2022-05-17,USD,63.4445,1
2022-05-18,EUR,66.3644,1
2022-05-18,GBP,77.8399,1
2022-05-18,RUB,1,1
2022-05-18,USD,63.5428,1
2022-05-19,EUR,66.6135,1
2022-05-19,GBP,79.2647,1
2022-05-19,RUB,1,1
2022-05-19,USD,63.5643,1
2022-05-20,EUR,64.9358,1
2022-05-20,GBP,77.461,1
2022-05-20,RUB,1,1
2022-05-20,USD,62.4031,1
2022-05-21,EUR,60.8953,1
2022-05-21,GBP,73.543,1
2022-05-21,RUB,1,1
2022-05-21,USD,58.8862,1
2022-05-22,EUR,60.8953,1
2022-05-22,GBP,73.543,1
2022-05-22,RUB,1,1
2022-05-22,USD,58.8862,1
2022-05-23,EUR,60.8953,1
2022-05-23,GBP,73.543,1
2022-05-23,RUB,1,1
2022-05-23,USD,58.8862,1
2022-05-24,EUR,60.3851,1
2022-05-24,GBP,72.563,1
2022-05-24,RUB,1,1
2022-05-24,USD,58.2087,1
2022-05-25,EUR,58.8705,1
2022-05-25,GBP,71.6157,1
2022-05-25,RUB,1,1
2022-05-25,USD,56.969,1
2022-05-26,EUR,57.921,1
2022-05-26,GBP,70.5152,1
2022-05-26,RUB,1,1
2022-05-26,USD,56.2996,1
2022-05-27,EUR,64.4392,1
2022-05-27,GBP,77.8411,1
2022-05-27,RUB,1,1
2022-05-27,USD,62.0495,1
2022-05-28,EUR,69.4353,1
2022-05-28,GBP,83.4884,1
2022-05-28,RUB,1,1
2022-05-28,USD,66.4029,1
2022-05-29,EUR,69.4353,1
2022-05-29,GBP,83.4884,1
2022-05-29,RUB,1,1
2022-05-29,USD,66.4029,1
2022-05-30,EUR,69.4353,1
2022-05-30,GBP,83.4884,1
2022-05-30,RUB,1,1
2022-05-30,USD,66.4029,1
2022-05-31,EUR,64.717,1
2022-05-31,GBP,79.5975,1
2022-05-31,RUB,1,1
2022-05-31,USD,63.0975,1
2022-06-01,EUR,62.7397,1
2022-06-01,GBP,77.9204,1
2022-06-01,RUB,1,1
2022-06-01,USD,61.6069,1
2022-06-02,EUR,63.6629,1
2022-06-02,GBP,77.4625,1
2022-06-02,RUB,1,1
2022-06-02,USD,61.4733,1
2022-06-03,EUR,64.9053,1
2022-06-03,GBP,77.5907,1
2022-06-03,RUB,1,1
2022-06-03,USD,61.575,1
2022-06-04,EUR,65.9191,1
2022-06-04,GBP,78.0832,1
2022-06-04,RUB,1,1
2022-06-04,USD,61.9659,1
2022-06-05,EUR,65.9191,1
2022-06-05,GBP,78.0832,1
2022-06-05,RUB,1,1
2022-06-05,USD,61.9659,1
2022-06-06,EUR,65.9191,1
2022-06-06,GBP,78.0832,1
2022-06-06,RUB,1,1
2022-06-06,USD,61.9659,1
2022-06-07,EUR,64.8669,1
2022-06-07,GBP,76.3623,1
2022-06-07,RUB,1,1
2022-06-07,USD,61.1094,1
2022-06-08,EUR,64.5699,1
2022-06-08,GBP,76.5431,1
2022-06-08,RUB,1,1
2022-06-08,USD,60.9565,1
2022-06-09,EUR,63.938,1
2022-06-09,GBP,75.7671,1
2022-06-09,RUB,1,1
2022-06-09,USD,60.2282,1
2022-06-10,EUR,62.0934,1
2022-06-10,GBP,73.273,1
2022-06-10,RUB,1,1
2022-06-10,USD,58.3895,1
2022-06-11,EUR,60.9656,1
2022-06-11,GBP,72.4536,1
2022-06-11,RUB,1,1
2022-06-11,USD,57.778,1
2022-06-12,EUR,60.9656,1
2022-06-12,GBP,72.4536,1
2022-06-12,RUB,1,1
2022-06-12,USD,57.778,1
2022-06-13,EUR,60.9656,1
2022-06-13,GBP,72.4536,1
2022-06-13,RUB,1,1
2022-06-13,USD,57.778,1
2022-06-14,EUR,60.9656,1
2022-06-14,GBP,72.4536,1
2022-06-14,RUB,1,1
2022-06-14,USD,57.778,1
2022-06-15,EUR,59.2481,1
2022-06-15,GBP,69.259,1
2022-06-15,RUB,1,1
2022-06-15,USD,57.0926,1
2022-06-16,EUR,59.1204,1
2022-06-16,GBP,68.0005,1
2022-06-16,RUB,1,1
2022-06-16,USD,56.6624,1
2022-06-17,EUR,58.9568,1
2022-06-17,GBP,68.6183,1
2022-06-17,RUB,1,1
2022-06-17,USD,56.8691,1
2022-06-18,EUR,59.3299,1
2022-06-18,GBP,69.606,1
2022-06-18,RUB,1,1
2022-06-18,USD,56.7101,1
2022-06-19,EUR,59.3299,1
2022-06-19,GBP,69.606,1
2022-06-19,RUB,1,1
2022-06-19,USD,56.7101,1
2022-06-20,EUR,59.3299,1
2022-06-20,GBP,69.606,1
2022-06-20,RUB,1,1
2022-06-20,USD,56.7101,1
2022-06-21,EUR,58.8003,1
2022-06-21,GBP,68.4296,1
2022-06-21,RUB,1,1
2022-06-21,USD,56.1727,1
2022-06-22,EUR,57.4566,1
2022-06-22,GBP,67.0448,1
2022-06-22,RUB,1,1
2022-06-22,USD,54.7081,1
2022-06-23,EUR,55.8307,1
2022-06-23,GBP,65.437,1
2022-06-23,RUB,1,1
2022-06-23,USD,53.2788,1
2022-06-24,EUR,55.9886,1
2022-06-24,GBP,65.3846,1
2022-06-24,RUB,1,1
2022-06-24,USD,53.3578,1
2022-06-25,EUR,55.964,1
2022-06-25,GBP,65.2785,1
2022-06-25,RUB,1,1
2022-06-25,USD,53.3234,1
2022-06-26,EUR,55.964,1
2022-06-26,GBP,65.2785,1
2022-06-26,RUB,1,1
2022-06-26,USD,53.3234,1
2022-06-27,EUR,55.964,1
2022-06-27,GBP,65.2785,1
2022-06-27,RUB,1,1
2022-06-27,USD,53.3234,1
2022-06-28,EUR,56.0535,1
2022-06-28,GBP,65.5738,1
2022-06-28,RUB,1,1
2022-06-28,USD,53.3641,1
2022-06-29,EUR,55.8886,1
2022-06-29,GBP,65.1689,1
2022-06-29,RUB,1,1
2022-06-29,USD,52.9699,1
2022-06-30,EUR,53.858,1
2022-06-30,GBP,62.4179,1
2022-06-30,RUB,1,1
2022-06-30,USD,51.158,1
2022-07-01,EUR,54.6405,1
2022-07-01,GBP,63.6502,1
2022-07-01,RUB,1,1
2022-07-01,USD,52.5123,1
2022-07-02,EUR,56.3584,1
2022-07-02,GBP,65.29,1
2022-07-02,RUB,1,1
2022-07-02,USD,53.7676,1
2022-07-03,EUR,56.3584,1
2022-07-03,GBP,65.29,1
2022-07-03,RUB,1,1
2022-07-03,USD,53.7676,1
2022-07-04,EUR,56.3584,1
2022-07-04,GBP,65.29,1
2022-07-04,RUB,1,1
2022-07-04,USD,53.7676,1
2022-07-05,EUR,57.1836,1
2022-07-05,GBP,66.8907,1
2022-07-05,RUB,1,1
2022-07-05,USD,55.0858,1
2022-07-06,EUR,60.1618,1
2022-07-06,GBP,70.8987,1
2022-07-06,RUB,1,1
2022-07-06,USD,58.5118,1
2022-07-07,EUR,64.326,1
2022-07-07,GBP,74.9647,1
2022-07-07,RUB,1,1
2022-07-07,USD,62.911,1
2022-07-08,EUR,64.1349,1
2022-07-08,GBP,75.2156,1
2022-07-08,RUB,1,1
2022-07-08,USD,63.1427,1
2022-07-09,EUR,62.0499,1
2022-07-09,GBP,73.5258,1
2022-07-09,RUB,1,1
2022-07-09,USD,61.2664,1
2022-07-10,EUR,62.0499,1
2022-07-10,GBP,73.5258,1
2022-07-10,RUB,1,1
2022-07-10,USD,61.2664,1
2022-07-11,EUR,62.0499,1
2022-07-11,GBP,73.5258,1
2022-07-11,RUB,1,1
2022-07-11,USD,61.2664,1
2022-07-12,EUR,61.8056,1
2022-07-12,GBP,73.7187,1
2022-07-12,RUB,1,1
2022-07-12,USD,61.3045,1
2022-07-13,EUR,58.7643,1
2022-07-13,GBP,69.9481,1
2022-07-13,RUB,1,1
2022-07-13,USD,58.8541,1
2022-07-14,EUR,58.9002,1
2022-07-14,GBP,69.5831,1
2022-07-14,RUB,1,1
2022-07-14,USD,58.5322,1
2022-07-15,EUR,58.3432,1
2022-07-15,GBP,69.6402,1
2022-07-15,RUB,1,1
2022-07-15,USD,58.2568,1
2022-07-16,EUR,57.8851,1
2022-07-16,GBP,68.1554,1
2022-07-16,RUB,1,1
2022-07-16,USD,57.8323,1
2022-07-17,EUR,57.8851,1
2022-07-17,GBP,68.1554,1
2022-07-17,RUB,1,1
2022-07-17,USD,57.8323,1
2022-07-18,EUR,57.8851,1
2022-07-18,GBP,68.1554,1
2022-07-18,RUB,1,1
2022-07-18,USD,57.8323,1
2022-07-19,EUR,57.1526,1
2022-07-19,GBP,67.0538,1
2022-07-19,RUB,1,1
2022-07-19,USD,56.5616,1
2022-07-20,EUR,56.4463,1
2022-07-20,GBP,66.6685,1
2022-07-20,RUB,1,1
2022-07-20,USD,55.437,1
2022-07-21,EUR,55.826,1
2022-07-21,GBP,65.967,1
2022-07-21,RUB,1,1
2022-07-21,USD,54.8491,1
2022-07-22,EUR,57.1133,1
2022-07-22,GBP,67.7627,1
2022-07-22,RUB,1,1
2022-07-22,USD,56.4783,1
2022-07-23,EUR,57.7608,1
2022-07-23,GBP,68.5659,1
2022-07-23,RUB,1,1
2022-07-23,USD,57.3917,1
2022-07-24,EUR,57.7608,1
2022-07-24,GBP,68.5659,1
2022-07-24,RUB,1,1
2022-07-24,USD,57.3917,1
2022-07-25,EUR,57.7608,1
2022-07-25,GBP,68.5659,1
2022-07-25,RUB,1,1
2022-07-25,USD,57.3917,1
2022-07-26,EUR,58.6741,1
2022-07-26,GBP,69.5696,1
2022-07-26,RUB,1,1
2022-07-26,USD,57.7821,1
2022-07-27,EUR,59.4068,1
2022-07-27,GBP,70.6566,1
2022-07-27,RUB,1,1
2022-07-27,USD,58.6605,1
2022-07-28,EUR,61.0032,1
2022-07-28,GBP,72.5287,1
2022-07-28,RUB,1,1
2022-07-28,USD,60.2198,1
2022-07-29,EUR,61.2171,1
2022-07-29,GBP,72.4303,1
2022-07-29,RUB,1,1
2022-07-29,USD,60.2031,1
2022-07-30,EUR,62.5695,1
2022-07-30,GBP,74.2711,1
2022-07-30,RUB,1,1
2022-07-30,USD,61.3101,1
2022-07-31,EUR,62.5695,1
2022-07-31,GBP,74.2711,1
2022-07-31,RUB,1,1
2022-07-31,USD,61.3101,1
2022-08-01,EUR,62.5695,1
2022-08-01,GBP,74.2711,1
2022-08-01,RUB,1,1
2022-08-01,USD,61.3101,1
2022-08-02,EUR,63.2468,1
2022-08-02,GBP,75.4659,1
2022-08-02,RUB,1,1
2022-08-02,USD,62.0506,1
2022-08-03,EUR,61.2656,1
2022-08-03,GBP,73.8939,1
2022-08-03,RUB,1,1
2022-08-03,USD,60.1595,1
2022-08-04,EUR,61.1243,1
2022-08-04,GBP,73.5981,1
2022-08-04,RUB,1,1
2022-08-04,USD,60.2374,1
2022-08-05,EUR,61.0872,1
2022-08-05,GBP,72.9845,1
2022-08-05,RUB,1,1
2022-08-05,USD,60.258,1
2022-08-06,EUR,61.361,1
2022-08-06,GBP,73.1136,1
2022-08-06,RUB,1,1
2022-08-06,USD,60.3696,1
2022-08-07,EUR,61.361,1
2022-08-07,GBP,73.1136,1
2022-08-07,RUB,1,1
2022-08-07,USD,60.3696,1
2022-08-08,EUR,61.361,1
2022-08-08,GBP,73.1136,1
2022-08-08,RUB,1,1
2022-08-08,USD,60.3696,1
2022-08-09,EUR,61.1615,1
2022-08-09,GBP,72.7416,1
2022-08-09,RUB,1,1
2022-08-09,USD,60.3164,1
2022-08-10,EUR,61.5542,1
2022-08-10,GBP,73.1762,1
2022-08-10,RUB,1,1
2022-08-10,USD,60.3814,1
2022-08-11,EUR,61.704,1
2022-08-11,GBP,73.077,1
2022-08-11,RUB,1,1
2022-08-11,USD,60.4542,1
2022-08-12,EUR,62.5156,1
2022-08-12,GBP,74.3176,1
2022-08-12,RUB,1,1
2022-08-12,USD,60.6229,1
2022-08-13,EUR,62.5355,1
2022-08-13,GBP,74.4555,1
2022-08-13,RUB,1,1
2022-08-13,USD,60.8993,1
2022-08-14,EUR,62.5355,1
2022-08-14,GBP,74.4555,1
2022-08-14,RUB,1,1
2022-08-14,USD,60.8993,1
2022-08-15,EUR,62.5355,1
2022-08-15,GBP,74.4555,1
2022-08-15,RUB,1,1
2022-08-15,USD,60.8993,1
2022-08-16,EUR,62.5056,1
2022-08-16,GBP,74.3739,1
2022-08-16,RUB,1,1
2022-08-16,USD,61.3747,1
2022-08-17,EUR,62.3551,1
2022-08-17,GBP,74.201,1
2022-08-17,RUB,1,1
2022-08-17,USD,61.4247,1
2022-08-18,EUR,61.8322,1
2022-08-18,GBP,73.4834,1
2022-08-18,RUB,1,1
2022-08-18,USD,60.7552,1
2022-08-19,EUR,60.8957,1
2022-08-19,GBP,72.2122,1
2022-08-19,RUB,1,1
2022-08-19,USD,59.957,1
2022-08-20,EUR,59.3934,1
2022-08-20,GBP,70.9763,1
2022-08-20,RUB,1,1
2022-08-20,USD,59.1321,1
2022-08-21,EUR,59.3934,1
2022-08-21,GBP,70.9763,1
2022-08-21,RUB,1,1
2022-08-21,USD,59.1321,1
2022-08-22,EUR,59.3934,1
2022-08-22,GBP,70.9763,1
2022-08-22,RUB,1,1
2022-08-22,USD,59.1321,1
2022-08-23,EUR,59.5344,1
2022-08-23,GBP,70.5253,1
2022-08-23,RUB,1,1
2022-08-23,USD,59.7419,1
2022-08-24,EUR,59.3304,1
2022-08-24,GBP,70.6177,1
2022-08-24,RUB,1,1
2022-08-24,USD,59.8963,1
2022-08-25,EUR,59.5082,1
2022-08-25,GBP,71.1089,1
2022-08-25,RUB,1,1
2022-08-25,USD,59.9974,1
2022-08-26,EUR,59.5983,1
2022-08-26,GBP,70.6361,1
2022-08-26,RUB,1,1
2022-08-26,USD,59.7699,1
2022-08-27,EUR,59.8784,1
2022-08-27,GBP,71.0653,1
2022-08-27,RUB,1,1
2022-08-27,USD,60.0924,1
2022-08-28,EUR,59.8784,1
2022-08-28,GBP,71.0653,1
2022-08-28,RUB,1,1
2022-08-28,USD,60.0924,1
2022-08-29,EUR,59.8784,1
2022-08-29,GBP,71.0653,1
2022-08-29,RUB,1,1
2022-08-29,USD,60.0924,1
2022-08-30,EUR,59.9608,1
2022-08-30,GBP,71.386,1
2022-08-30,RUB,1,1
2022-08-30,USD,60.3636,1
2022-08-31,EUR,60.5752,1
2022-08-31,GBP,71.1856,1
2022-08-31,RUB,1,1
2022-08-31,USD,60.3677,1
2022-09-01,EUR,60.2141,1
2022-09-01,GBP,70.0635,1
2022-09-01,RUB,1,1
2022-09-01,USD,60.2386,1
2022-09-02,EUR,60.2842,1
2022-09-02,GBP,70.1038,1
2022-09-02,RUB,1,1
2022-09-02,USD,60.237,1
2022-09-03,EUR,60.2187,1
2022-09-03,GBP,69.584,1
2022-09-03,RUB,1,1
2022-09-03,USD,60.3713,1
2022-09-04,EUR,60.2187,1
2022-09-04,GBP,69.584,1
2022-09-04,RUB,1,1
2022-09-04,USD,60.3713,1
2022-09-05,EUR,60.2187,1
2022-09-05,GBP,69.584,1
2022-09-05,RUB,1,1
2022-09-05,USD,60.3713,1
2022-09-06,EUR,60.1408,1
2022-09-06,GBP,70.1971,1
2022-09-06,RUB,1,1
2022-09-06,USD,60.9033,1
2022-09-07,EUR,60.4929,1
2022-09-07,GBP,70.0252,1
2022-09-07,RUB,1,1
2022-09-07,USD,60.8544,1
2022-09-08,EUR,60.5458,1
2022-09-08,GBP,70.536,1
2022-09-08,RUB,1,1
2022-09-08,USD,61.1814,1
2022-09-09,EUR,60.6952,1
2022-09-09,GBP,69.7205,1
2022-09-09,RUB,1,1
2022-09-09,USD,60.801,1
2022-09-10,EUR,60.8571,1
2022-09-10,GBP,69.4856,1
2022-09-10,RUB,1,1
2022-09-10,USD,60.4696,1
2022-09-11,EUR,60.8571,1
2022-09-11,GBP,69.4856,1
2022-09-11,RUB,1,1
2022-09-11,USD,60.4696,1
2022-09-12,EUR,60.8571,1
2022-09-12,GBP,69.4856,1
2022-09-12,RUB,1,1
2022-09-12,USD,60.4696,1
2022-09-13,EUR,61.3127,1
2022-09-13,GBP,70.0271,1
2022-09-13,RUB,1,1
2022-09-13,USD,60.4568,1
2022-09-14,EUR,60.9364,1
2022-09-14,GBP,70.3031,1
2022-09-14,RUB,1,1
2022-09-14,USD,60.0676,1
2022-09-15,EUR,59.8368,1
2022-09-15,GBP,68.9864,1
2022-09-15,RUB,1,1
2022-09-15,USD,59.7751,1
2022-09-16,EUR,59.6196,1
2022-09-16,GBP,69.0936,1
2022-09-16,RUB,1,1
2022-09-16,USD,59.6663,1
2022-09-17,EUR,59.874,1
2022-09-17,GBP,68.9763,1
2022-09-17,RUB,1,1
2022-09-17,USD,60.0316,1
2022-09-18,EUR,59.874,1
2022-09-18,GBP,68.9763,1
2022-09-18,RUB,1,1
2022-09-18,USD,60.0316,1
2022-09-19,EUR,59.874,1
2022-09-19,GBP,68.9763,1
2022-09-19,RUB,1,1
2022-09-19,USD,60.0316,1
2022-09-20,EUR,60.0426,1
2022-09-20,GBP,69.131,1
2022-09-20,RUB,1,1
2022-09-20,USD,60.1662,1
2022-09-21,EUR,60.0507,1
2022-09-21,GBP,68.6041,1
2022-09-21,RUB,1,1
2022-09-21,USD,60.0158,1
2022-09-22,EUR,60.211,1
2022-09-22,GBP,69.4814,1
2022-09-22,RUB,1,1
2022-09-22,USD,60.8685,1
2022-09-23,EUR,58.9388,1
2022-09-23,GBP,67.8074,1
2022-09-23,RUB,1,1
2022-09-23,USD,59.8318,1
2022-09-24,EUR,56.4751,1
2022-09-24,GBP,65.4503,1
2022-09-24,RUB,1,1
2022-09-24,USD,58.1006,1
2022-09-25,EUR,56.4751,1
2022-09-25,GBP,65.4503,1
2022-09-25,RUB,1,1
2022-09-25,USD,58.1006,1
2022-09-26,EUR,56.4751,1
2022-09-26,GBP,65.4503,1
2022-09-26,RUB,1,1
2022-09-26,USD,58.1006,1
2022-09-27,EUR,55.9278,1
2022-09-27,GBP,63.2015,1
2022-09-27,RUB,1,1
2022-09-27,USD,57.999,1
2022-09-28,EUR,55.9953,1
2022-09-28,GBP,62.754,1
2022-09-28,RUB,1,1
2022-09-28,USD,58.1756,1
2022-09-29,EUR,55.7232,1
2022-09-29,GBP,62.9724,1
2022-09-29,RUB,1,1
2022-09-29,USD,58.4485,1
2022-09-30,EUR,55.4064,1
2022-09-30,GBP,61.6903,1
2022-09-30,RUB,1,1
2022-09-30,USD,57.413,1
2022-10-01,EUR,52.7379,1
2022-10-01,GBP,61.0166,1
2022-10-01,RUB,1,1
2022-10-01,USD,55.2987,1
2022-10-02,EUR,52.7379,1
2022-10-02,GBP,61.0166,1
2022-10-02,RUB,1,1
2022-10-02,USD,55.2987,1
2022-10-03,EUR,52.7379,1
2022-10-03,GBP,61.0166,1
2022-10-03,RUB,1,1
2022-10-03,USD,55.2987,1
2022-10-04,EUR,54.3947,1
2022-10-04,GBP,64.3017,1
2022-10-04,RUB,1,1
2022-10-04,USD,57.5664,1
2022-10-05,EUR,56.1725,1
2022-10-05,GBP,66.3166,1
2022-10-05,RUB,1,1
2022-10-05,USD,58.7913,1
2022-10-06,EUR,58.0613,1
2022-10-06,GBP,67.7447,1
2022-10-06,RUB,1,1
2022-10-06,USD,59.4043,1
2022-10-07,EUR,58.2392,1
2022-10-07,GBP,67.7549,1
2022-10-07,RUB,1,1
2022-10-07,USD,60.2534,1
2022-10-08,EUR,59.9756,1
2022-10-08,GBP,68.5911,1
2022-10-08,RUB,1,1
2022-10-08,USD,61.2475,1
2022-10-09,EUR,59.9756,1
2022-10-09,GBP,68.5911,1
2022-10-09,RUB,1,1
2022-10-09,USD,61.2475,1
2022-10-10,EUR,59.9756,1
2022-10-10,GBP,68.5911,1
2022-10-10,RUB,1,1
2022-10-10,USD,61.2475,1
2022-10-11,EUR,60.8019,1
2022-10-11,GBP,69.2729,1
2022-10-11,RUB,1,1
2022-10-11,USD,62.3126,1
2022-10-12,EUR,62.3481,1
2022-10-12,GBP,70.3581,1
2022-10-12,RUB,1,1
2022-10-12,USD,63.684,1
2022-10-13,EUR,62.5867,1
2022-10-13,GBP,70.6607,1
2022-10-13,RUB,1,1
2022-10-13,USD,63.7559,1
2022-10-14,EUR,62.5903,1
2022-10-14,GBP,70.298,1
2022-10-14,RUB,1,1
2022-10-14,USD,63.4917,1
2022-10-15,EUR,62.4695,1
2022-10-15,GBP,70.8558,1
2022-10-15,RUB,1,1
2022-10-15,USD,63.0558,1
2022-10-16,EUR,62.4695,1
2022-10-16,GBP,70.8558,1
2022-10-16,RUB,1,1
2022-10-16,USD,63.0558,1
2022-10-17,EUR,62.4695,1
2022-10-17,GBP,70.8558,1
2022-10-17,RUB,1,1
2022-10-17,USD,63.0558,1
2022-10-18,EUR,60.5608,1
2022-10-18,GBP,69.49,1
2022-10-18,RUB,1,1
2022-10-18,USD,61.7634,1
2022-10-19,EUR,60.53,1
2022-10-19,GBP,70.5514,1
2022-10-19,RUB,1,1
2022-10-19,USD,61.7032,1
2022-10-20,EUR,60.1086,1
2022-10-20,GBP,69.7328,1
2022-10-20,RUB,1,1
2022-10-20,USD,61.5905,1
2022-10-21,EUR,60.4371,1
2022-10-21,GBP,69.251,1
2022-10-21,RUB,1,1
2022-10-21,USD,61.5018,1
2022-10-22,EUR,59.8378,1
2022-10-22,GBP,69.2675,1
2022-10-22,RUB,1,1
2022-10-22,USD,61.1958,1
2022-10-23,EUR,59.8378,1
2022-10-23,GBP,69.2675,1
2022-10-23,RUB,1,1
2022-10-23,USD,61.1958,1
2022-10-24,EUR,59.8378,1
2022-10-24,GBP,69.2675,1
2022-10-24,RUB,1,1
2022-10-24,USD,61.1958,1
2022-10-25,EUR,60.1575,1
2022-10-25,GBP,68.0498,1
2022-10-25,RUB,1,1
2022-10-25,USD,61.1629,1
2022-10-26,EUR,60.4648,1
2022-10-26,GBP,69.3917,1
2022-10-26,RUB,1,1
2022-10-26,USD,61.3326,1
2022-10-27,EUR,61.5682,1
2022-10-27,GBP,70.3839,1
2022-10-27,RUB,1,1
2022-10-27,USD,61.4277,1
2022-10-28,EUR,61.5718,1
2022-10-28,GBP,71.1763,1
2022-10-28,RUB,1,1
2022-10-28,USD,61.3589,1
2022-10-29,EUR,61.1328,1
2022-10-29,GBP,71.2629,1
2022-10-29,RUB,1,1
2022-10-29,USD,61.5343,1
2022-10-30,EUR,61.1328,1
2022-10-30,GBP,71.2629,1
2022-10-30,RUB,1,1
2022-10-30,USD,61.5343,1
2022-10-31,EUR,61.1328,1
2022-10-31,GBP,71.2629,1
2022-10-31,RUB,1,1
2022-10-31,USD,61.5343,1
2022-11-01,EUR,61.1196,1
2022-11-01,GBP,71.4333,1
2022-11-01,RUB,1,1
2022-11-01,USD,61.6229,1
2022-11-02,EUR,60.9668,1
2022-11-02,GBP,70.7276,1
2022-11-02,RUB,1,1
2022-11-02,USD,61.4275,1
2022-11-03,EUR,60.9216,1
2022-11-03,GBP,70.6137,1
2022-11-03,RUB,1,1
2022-11-03,USD,61.6175,1
2022-11-04,EUR,60.6071,1
2022-11-04,GBP,71.1801,1
2022-11-04,RUB,1,1
2022-11-04,USD,62.0955,1
2022-11-05,EUR,60.6071,1
2022-11-05,GBP,71.1801,1
2022-11-05,RUB,1,1
2022-11-05,USD,62.0955,1
2022-11-06,EUR,60.6071,1
2022-11-06,GBP,71.1801,1
2022-11-06,RUB,1,1
2022-11-06,USD,62.0955,1
2022-11-07,EUR,60.6071,1
2022-11-07,GBP,71.1801,1
2022-11-07,RUB,1,1
2022-11-07,USD,62.0955,1
2022-11-08,EUR,60.9013,1
2022-11-08,GBP,69.0566,1
2022-11-08,RUB,1,1
2022-11-08,USD,61.2367,1
2022-11-09,EUR,60.8231,1
2022-11-09,GBP,69.9167,1
2022-11-09,RUB,1,1
2022-11-09,USD,60.9774,1
2022-11-10,EUR,61.2445,1
2022-11-10,GBP,70.6111,1
2022-11-10,RUB,1,1
2022-11-10,USD,61.0611,1
2022-11-11,EUR,61.0037,1
2022-11-11,GBP,69.6582,1
2022-11-11,RUB,1,1
2022-11-11,USD,61.2434,1
2022-11-12,EUR,61.5416,1
2022-11-12,GBP,70.3225,1
2022-11-12,RUB,1,1
2022-11-12,USD,60.2179,1
2022-11-13,EUR,61.5416,1
2022-11-13,GBP,70.3225,1
2022-11-13,RUB,1,1
2022-11-13,USD,60.2179,1
2022-11-14,EUR,61.5416,1
2022-11-14,GBP,70.3225,1
2022-11-14,RUB,1,1
2022-11-14,USD,60.2179,1
2022-11-15,EUR,62.1554,1
2022-11-15,GBP,71.1128,1
2022-11-15,RUB,1,1
2022-11-15,USD,60.3982,1
2022-11-16,EUR,62.6297,1
2022-11-16,GBP,70.7395,1
2022-11-16,RUB,1,1
2022-11-16,USD,60.3116,1
2022-11-17,EUR,62.6675,1
2022-11-17,GBP,71.7844,1
2022-11-17,RUB,1,1
2022-11-17,USD,60.3484,1
2022-11-18,EUR,62.5712,1
2022-11-18,GBP,71.797,1
2022-11-18,RUB,1,1
2022-11-18,USD,60.3894,1
2022-11-19,EUR,62.4484,1
2022-11-19,GBP,71.1086,1
2022-11-19,RUB,1,1
2022-11-19,USD,60.3741,1
2022-11-20,EUR,62.4484,1
2022-11-20,GBP,71.1086,1
2022-11-20,RUB,1,1
2022-11-20,USD,60.3741,1
2022-11-21,EUR,62.4484,1
2022-11-21,GBP,71.1086,1
2022-11-21,RUB,1,1
2022-11-21,USD,60.3741,1
2022-11-22,EUR,62.1245,1
2022-11-22,GBP,72.4421,1
2022-11-22,RUB,1,1
2022-11-22,USD,60.7379,1
2022-11-23,EUR,62.1774,1
2022-11-23,GBP,71.4899,1
2022-11-23,RUB,1,1
2022-11-23,USD,60.6566,1
2022-11-24,EUR,62.285,1
2022-11-24,GBP,71.8791,1
2022-11-24,RUB,1,1
2022-11-24,USD,60.5043,1
2022-11-25,EUR,62.7814,1
2022-11-25,GBP,72.8564,1
2022-11-25,RUB,1,1
2022-11-25,USD,60.3866,1
2022-11-26,EUR,62.8762,1
2022-11-26,GBP,73.4345,1
2022-11-26,RUB,1,1
2022-11-26,USD,60.4797,1
2022-11-27,EUR,62.8762,1
2022-11-27,GBP,73.4345,1
2022-11-27,RUB,1,1
2022-11-27,USD,60.4797,1
2022-11-28,EUR,62.8762,1
2022-11-28,GBP,73.4345,1
2022-11-28,RUB,1,1
2022-11-28,USD,60.4797,1
2022-11-29,EUR,63.3008,1
2022-11-29,GBP,73.4795,1
2022-11-29,RUB,1,1
2022-11-29,USD,60.752,1
2022-11-30,EUR,63.3882,1
2022-11-30,GBP,73.5333,1
2022-11-30,RUB,1,1
2022-11-30,USD,61.0742,1
2022-12-01,EUR,63.0504,1
2022-12-01,GBP,73.0685,1
2022-12-01,RUB,1,1
2022-12-01,USD,60.8803,1
2022-12-02,EUR,63.8279,1
2022-12-02,GBP,72.8394,1
2022-12-02,RUB,1,1
2022-12-02,USD,61.1479,1
2022-12-03,EUR,64.9868,1
2022-12-03,GBP,75.7793,1
2022-12-03,RUB,1,1
2022-12-03,USD,61.7749,1
2022-12-04,EUR,64.9868,1
2022-12-04,GBP,75.7793,1
2022-12-04,RUB,1,1
2022-12-04,USD,61.7749,1
2022-12-05,EUR,64.9868,1
2022-12-05,GBP,75.7793,1
2022-12-05,RUB,1,1
2022-12-05,USD,61.7749,1
2022-12-06,EUR,65.5205,1
2022-12-06,GBP,75.9651,1
2022-12-06,RUB,1,1
2022-12-06,USD,62.1849,1
2022-12-07,EUR,66.1087,1
2022-12-07,GBP,76.8638,1
2022-12-07,RUB,1,1
2022-12-07,USD,62.9103,1
2022-12-08,EUR,65.8966,1
2022-12-08,GBP,76.9281,1
2022-12-08,RUB,1,1
2022-12-08,USD,62.9372,1
2022-12-09,EUR,65.6762,1
2022-12-09,GBP,76.3256,1
2022-12-09,RUB,1,1
2022-12-09,USD,62.5722,1
2022-12-10,EUR,65.8407,1
2022-12-10,GBP,76.2237,1
2022-12-10,RUB,1,1
2022-12-10,USD,62.3813,1
2022-12-11,EUR,65.8407,1
2022-12-11,GBP,76.2237,1
2022-12-11,RUB,1,1
2022-12-11,USD,62.3813,1
2022-12-12,EUR,65.8407,1
2022-12-12,GBP,76.2237,1
2022-12-12,RUB,1,1
2022-12-12,USD,62.3813,1
2022-12-13,EUR,66.27,1
2022-12-13,GBP,77.1725,1
2022-12-13,RUB,1,1
2022-12-13,USD,62.7674,1
2022-12-14,EUR,66.7017,1
2022-12-14,GBP,77.4537,1
2022-12-14,RUB,1,1
2022-12-14,USD,63.212,1
2022-12-15,EUR,67.4478,1
2022-12-15,GBP,78.5335,1
2022-12-15,RUB,1,1
2022-12-15,USD,63.359,1
2022-12-16,EUR,68.447,1
2022-12-16,GBP,79.7596,1
2022-12-16,RUB,1,1
2022-12-16,USD,64.3015,1
2022-12-17,EUR,68.7798,1
2022-12-17,GBP,78.9507,1
2022-12-17,RUB,1,1
2022-12-17,USD,64.6078,1
2022-12-18,EUR,68.7798,1
2022-12-18,GBP,78.9507,1
2022-12-18,RUB,1,1
2022-12-18,USD,64.6078,1
2022-12-19,EUR,68.7798,1
2022-12-19,GBP,78.9507,1
2022-12-19,RUB,1,1
2022-12-19,USD,64.6078,1
2022-12-20,EUR,70.6196,1
2022-12-20,GBP,80.632,1
2022-12-20,RUB,1,1
2022-12-20,USD,66.3474,1
2022-12-21,EUR,73.3389,1
2022-12-21,GBP,83.7015,1
2022-12-21,RUB,1,1
2022-12-21,USD,69.0037,1
2022-12-22,EUR,75.0914,1
2022-12-22,GBP,85.611,1
2022-12-22,RUB,1,1
2022-12-22,USD,70.5256,1
2022-12-23,EUR,76.6446,1
2022-12-23,GBP,87.3429,1
2022-12-23,RUB,1,1
2022-12-23,USD,72.1306,1
2022-12-24,EUR,73.0407,1
2022-12-24,GBP,82.6172,1
2022-12-24,RUB,1,1
2022-12-24,USD,68.676,1
2022-12-25,EUR,73.0407,1
2022-12-25,GBP,82.6172,1
2022-12-25,RUB,1,1
2022-12-25,USD,68.676,1
2022-12-26,EUR,73.0407,1
2022-12-26,GBP,82.6172,1
2022-12-26,RUB,1,1
2022-12-26,USD,68.676,1
2022-12-27,EUR,72.6226,1
2022-12-27,GBP,82.3438,1
2022-12-27,RUB,1,1
2022-12-27,USD,68.4487,1
2022-12-28,EUR,74.1829,1
2022-12-28,GBP,84.1313,1
2022-12-28,RUB,1,1
2022-12-28,USD,69.9346,1
2022-12-29,EUR,75.66,1
2022-12-29,GBP,85.8053,1
2022-12-29,RUB,1,1
2022-12-29,USD,71.3261,1
2022-12-30,EUR,76.0765,1
2022-12-30,GBP,86.6397,1
2022-12-30,RUB,1,1
2022-12-30,USD,71.9778,1
2022-12-31,EUR,75.6553,1
2022-12-31,GBP,84.7919,1
2022-12-31,RUB,1,1
2022-12-31,USD,70.3375,1
2023-01-01,EUR,75.6553,1
2023-01-01,GBP,84.7919,1
2023-01-01,RUB,1,1
2023-01-01,USD,70.3375,1
2023-01-02,EUR,75.6553,1
2023-01-02,GBP,84.7919,1
2023-01-02,RUB,1,1
2023-01-02,USD,70.3375,1
2023-01-03,EUR,75.6553,1
2023-01-03,GBP,84.7919,1
2023-01-03,RUB,1,1
2023-01-03,USD,70.3375,1
2023-01-04,EUR,75.6553,1
2023-01-04,GBP,84.7919,1
2023-01-04,RUB,1,1
2023-01-04,USD,70.3375,1
2023-01-05,EUR,75.6553,1
2023-01-05,GBP,84.7919,1
2023-01-05,RUB,1,1
2023-01-05,USD,70.3375,1
2023-01-06,EUR,75.6553,1
2023-01-06,GBP,84.7919,1
2023-01-06,RUB,1,1
2023-01-06,USD,70.3375,1
2023-01-07,EUR,75.6553,1
2023-01-07,GBP,84.7919,1
2023-01-07,RUB,1,1
2023-01-07,USD,70.3375,1
2023-01-08,EUR,75.6553,1
2023-01-08,GBP,84.7919,1
2023-01-08,RUB,1,1
2023-01-08,USD,70.3375,1
2023-01-09,EUR,75.6553,1
2023-01-09,GBP,84.7919,1
2023-01-09,RUB,1,1
2023-01-09,USD,70.3375,1
2023-01-10,EUR,75.0785,1
2023-01-10,GBP,84.6907,1
2023-01-10,RUB,1,1
2023-01-10,USD,70.3002,1
2023-01-11,EUR,74.5438,1
2023-01-11,GBP,84.8747,1
2023-01-11,RUB,1,1
2023-01-11,USD,69.6094,1
2023-01-12,EUR,74.1361,1
2023-01-12,GBP,83.8457,1
2023-01-12,RUB,1,1
2023-01-12,USD,69.0202,1
2023-01-13,EUR,72.7908,1
2023-01-13,GBP,82.2141,1
2023-01-13,RUB,1,1
2023-01-13,USD,67.7775,1
2023-01-14,EUR,73.1131,1
2023-01-14,GBP,82.2853,1
2023-01-14,RUB,1,1
2023-01-14,USD,67.5744,1
2023-01-15,EUR,73.1131,1
2023-01-15,GBP,82.2853,1
2023-01-15,RUB,1,1
2023-01-15,USD,67.5744,1
2023-01-16,EUR,73.1131,1
2023-01-16,GBP,82.2853,1
2023-01-16,RUB,1,1
2023-01-16,USD,67.5744,1
2023-01-17,EUR,73.8298,1
2023-01-17,GBP,83.4153,1
2023-01-17,RUB,1,1
2023-01-17,USD,68.2892,1
2023-01-18,EUR,74.2646,1
2023-01-18,GBP,83.8118,1
2023-01-18,RUB,1,1
2023-01-18,USD,68.6644,1
2023-01-19,EUR,74.5882,1
2023-01-19,GBP,84.5758,1
2023-01-19,RUB,1,1
2023-01-19,USD,68.8728,1
2023-01-20,EUR,74.4058,1
2023-01-20,GBP,85.3286,1
2023-01-20,RUB,1,1
2023-01-20,USD,68.8467,1
2023-01-21,EUR,74.3434,1
2023-01-21,GBP,84.8638,1
2023-01-21,RUB,1,1
2023-01-21,USD,68.6656,1
2023-01-22,EUR,74.3434,1
2023-01-22,GBP,84.8638,1
2023-01-22,RUB,1,1
2023-01-22,USD,68.6656,1
2023-01-23,EUR,74.3434,1
2023-01-23,GBP,84.8638,1
2023-01-23,RUB,1,1
2023-01-23,USD,68.6656,1
2023-01-24,EUR,74.7307,1
2023-01-24,GBP,84.887,1
2023-01-24,RUB,1,1
2023-01-24,USD,68.6288,1
2023-01-25,EUR,74.6948,1
2023-01-25,GBP,85.0336,1
2023-01-25,RUB,1,1
2023-01-25,USD,68.7529,1
2023-01-26,EUR,74.9564,1
2023-01-26,GBP,84.9209,1
2023-01-26,RUB,1,1
2023-01-26,USD,68.9573,1
2023-01-27,EUR,75.3348,1
2023-01-27,GBP,85.4263,1
2023-01-27,RUB,1,1
2023-01-27,USD,69.1263,1
2023-01-28,EUR,75.4062,1
2023-01-28,GBP,85.673,1
2023-01-28,RUB,1,1
2023-01-28,USD,69.3372,1
2023-01-29,EUR,75.4062,1
2023-01-29,GBP,85.673,1
2023-01-29,RUB,1,1
2023-01-29,USD,69.3372,1
2023-01-30,EUR,75.4062,1
2023-01-30,GBP,85.673,1
2023-01-30,RUB,1,1
2023-01-30,USD,69.3372,1
2023-01-31,EUR,75.7799,1
2023-01-31,GBP,86.0027,1
2023-01-31,RUB,1,1
2023-01-31,USD,69.5927,1
2023-02-01,EUR,76.3004,1
2023-02-01,GBP,87.2935,1
2023-02-01,RUB,1,1
2023-02-01,USD,70.5174,1
2023-02-02,EUR,76.2245,1
2023-02-02,GBP,86.2988,1
2023-02-02,RUB,1,1
2023-02-02,USD,70.1217,1
2023-02-03,EUR,76.9564,1
2023-02-03,GBP,86.333,1
2023-02-03,RUB,1,1
2023-02-03,USD,70.0414,1
2023-02-04,EUR,76.7344,1
2023-02-04,GBP,86.5591,1
2023-02-04,RUB,1,1
2023-02-04,USD,70.3847,1
2023-02-05,EUR,76.7344,1
2023-02-05,GBP,86.5591,1
2023-02-05,RUB,1,1
2023-02-05,USD,70.3847,1
2023-02-06,EUR,76.7344,1
2023-02-06,GBP,86.5591,1
2023-02-06,RUB,1,1
2023-02-06,USD,70.3847,1
2023-02-07,EUR,76.0347,1
2023-02-07,GBP,85.4602,1
2023-02-07,RUB,1,1
2023-02-07,USD,70.5991,1
2023-02-08,EUR,75.9087,1
2023-02-08,GBP,85.163,1
2023-02-08,RUB,1,1
2023-02-08,USD,70.8924,1
2023-02-09,EUR,76.8344,1
2023-02-09,GBP,85.9989,1
2023-02-09,RUB,1,1
2023-02-09,USD,71.5763,1
2023-02-10,EUR,78.3223,1
2023-02-10,GBP,88.0352,1
2023-02-10,RUB,1,1
2023-02-10,USD,72.8949,1
2023-02-11,EUR,78.0542,1
2023-02-11,GBP,88.5809,1
2023-02-11,RUB,1,1
2023-02-11,USD,72.7923,1
2023-02-12,EUR,78.0542,1
2023-02-12,GBP,88.5809,1
2023-02-12,RUB,1,1
2023-02-12,USD,72.7923,1
2023-02-13,EUR,78.0542,1
2023-02-13,GBP,88.5809,1
2023-02-13,RUB,1,1
2023-02-13,USD,72.7923,1
2023-02-14,EUR,78.671,1
2023-02-14,GBP,88.9017,1
2023-02-14,RUB,1,1
2023-02-14,USD,73.6307,1
2023-02-15,EUR,79.3355,1
2023-02-15,GBP,89.6493,1
2023-02-15,RUB,1,1
2023-02-15,USD,73.8645,1
2023-02-16,EUR,79.5654,1
2023-02-16,GBP,90.2069,1
2023-02-16,RUB,1,1
2023-02-16,USD,74.2077,1
2023-02-17,EUR,79.9764,1
2023-02-17,GBP,89.739,1
2023-02-17,RUB,1,1
2023-02-17,USD,74.7638,1
2023-02-18,EUR,79.6104,1
2023-02-18,GBP,89.7928,1
2023-02-18,RUB,1,1
2023-02-18,USD,74.7588,1
2023-02-19,EUR,79.6104,1
2023-02-19,GBP,89.7928,1
2023-02-19,RUB,1,1
2023-02-19,USD,74.7588,1
2023-02-20,EUR,79.6104,1
2023-02-20,GBP,89.7928,1
2023-02-20,RUB,1,1
2023-02-20,USD,74.7588,1
2023-02-21,EUR,79.133,1
2023-02-21,GBP,88.837,1
2023-02-21,RUB,1,1
2023-02-21,USD,74.0432,1
2023-02-22,EUR,79.7588,1
2023-02-22,GBP,90.0411,1
2023-02-22,RUB,1,1
2023-02-22,USD,74.8596,1
2023-02-23,EUR,79.5716,1
2023-02-23,GBP,90.6889,1
2023-02-23,RUB,1,1
2023-02-23,USD,74.7087,1
2023-02-24,EUR,79.5716,1
2023-02-24,GBP,90.6889,1
2023-02-24,RUB,1,1
2023-02-24,USD,74.7087,1
2023-02-25,EUR,79.5716,1
2023-02-25,GBP,90.6889,1
2023-02-25,RUB,1,1
2023-02-25,USD,74.7087,1
2023-02-26,EUR,79.5716,1
2023-02-26,GBP,90.6889,1
2023-02-26,RUB,1,1
2023-02-26,USD,74.7087,1
2023-02-27,EUR,79.5716,1
2023-02-27,GBP,90.6889,1
2023-02-27,RUB,1,1
2023-02-27,USD,74.7087,1
2023-02-28,EUR,79.623,1
2023-02-28,GBP,90.0737,1
2023-02-28,RUB,1,1
2023-02-28,USD,75.4323,1
2023-03-01,EUR,79.5134,1
2023-03-01,GBP,90.104,1
2023-03-01,RUB,1,1
2023-03-01,USD,74.8932,1
2023-03-02,EUR,80.1008,1
2023-03-02,GBP,91.1067,1
2023-03-02,RUB,1,1
2023-03-02,USD,75.2513,1
2023-03-03,EUR,80.1897,1
2023-03-03,GBP,90.6203,1
2023-03-03,RUB,1,1
2023-03-03,USD,75.4729,1
2023-03-04,EUR,80.0469,1
2023-03-04,GBP,90.2039,1
2023-03-04,RUB,1,1
2023-03-04,USD,75.4592,1
2023-03-05,EUR,80.0469,1
2023-03-05,GBP,90.2039,1
2023-03-05,RUB,1,1
2023-03-05,USD,75.4592,1
2023-03-06,EUR,80.0469,1
2023-03-06,GBP,90.2039,1
2023-03-06,RUB,1,1
2023-03-06,USD,75.4592,1
2023-03-07,EUR,80.2353,1
2023-03-07,GBP,90.3938,1
2023-03-07,RUB,1,1
2023-03-07,USD,75.4728,1
2023-03-08,EUR,80.5496,1
2023-03-08,GBP,90.5643,1
2023-03-08,RUB,1,1
2023-03-08,USD,75.4577,1
2023-03-09,EUR,80.5496,1
2023-03-09,GBP,90.5643,1
2023-03-09,RUB,1,1
2023-03-09,USD,75.4577,1
2023-03-10,EUR,80.1372,1
2023-03-10,GBP,89.8461,1
2023-03-10,RUB,1,1
2023-03-10,USD,75.9028,1
2023-03-11,EUR,80.4009,1
2023-03-11,GBP,90.3086,1
2023-03-11,RUB,1,1
2023-03-11,USD,75.9406,1
2023-03-12,EUR,80.4009,1
2023-03-12,GBP,90.3086,1
2023-03-12,RUB,1,1
2023-03-12,USD,75.9406,1
2023-03-13,EUR,80.4009,1
2023-03-13,GBP,90.3086,1
2023-03-13,RUB,1,1
2023-03-13,USD,75.9406,1
2023-03-14,EUR,80.6102,1
2023-03-14,GBP,91.3228,1
2023-03-14,RUB,1,1
2023-03-14,USD,75.4609,1
2023-03-15,EUR,80.5192,1
2023-03-15,GBP,91.4268,1
2023-03-15,RUB,1,1
2023-03-15,USD,75.1927,1
2023-03-16,EUR,80.8763,1
2023-03-16,GBP,92.0007,1
2023-03-16,RUB,1,1
2023-03-16,USD,75.7457,1
2023-03-17,EUR,81.1418,1
2023-03-17,GBP,91.9053,1
2023-03-17,RUB,1,1
2023-03-17,USD,76.4095,1
2023-03-18,EUR,81.4635,1
2023-03-18,GBP,92.7603,1
2023-03-18,RUB,1,1
2023-03-18,USD,76.6044,1
2023-03-19,EUR,81.4635,1
2023-03-19,GBP,92.7603,1
2023-03-19,RUB,1,1
2023-03-19,USD,76.6044,1
2023-03-20,EUR,81.4635,1
2023-03-20,GBP,92.7603,1
2023-03-20,RUB,1,1
2023-03-20,USD,76.6044,1
2023-03-21,EUR,82.3736,1
2023-03-21,GBP,93.772,1
2023-03-21,RUB,1,1
2023-03-21,USD,77.2422,1
2023-03-22,EUR,82.5428,1
2023-03-22,GBP,94.1641,1
2023-03-22,RUB,1,1
2023-03-22,USD,76.8373,1
2023-03-23,EUR,82.967,1
2023-03-23,GBP,93.8557,1
2023-03-23,RUB,1,1
2023-03-23,USD,76.9561,1
2023-03-24,EUR,83.1452,1
2023-03-24,GBP,93.339,1
2023-03-24,RUB,1,1
2023-03-24,USD,76.3072,1
2023-03-25,EUR,82.3923,1
2023-03-25,GBP,94.1532,1
2023-03-25,RUB,1,1
2023-03-25,USD,76.4479,1
2023-03-26,EUR,82.3923,1
2023-03-26,GBP,94.1532,1
2023-03-26,RUB,1,1
2023-03-26,USD,76.4479,1
2023-03-27,EUR,82.3923,1
2023-03-27,GBP,94.1532,1
2023-03-27,RUB,1,1
2023-03-27,USD,76.4479,1
2023-03-28,EUR,82.2913,1
2023-03-28,GBP,93.5945,1
2023-03-28,RUB,1,1
2023-03-28,USD,76.5662,1
2023-03-29,EUR,82.775,1
2023-03-29,GBP,94.0114,1
2023-03-29,RUB,1,1
2023-03-29,USD,76.5939,1
2023-03-30,EUR,83.4859,1
2023-03-30,GBP,94.8909,1
2023-03-30,RUB,1,1
2023-03-30,USD,76.9781,1
2023-03-31,EUR,83.7639,1
2023-03-31,GBP,94.9009,1
2023-03-31,RUB,1,1
2023-03-31,USD,77.0863,1
2023-04-01,EUR,84.1116,1
2023-04-01,GBP,95.7262,1
2023-04-01,RUB,1,1
2023-04-01,USD,77.3233,1
2023-04-02,EUR,84.1116,1
2023-04-02,GBP,95.7262,1
2023-04-02,RUB,1,1
2023-04-02,USD,77.3233,1
2023-04-03,EUR,84.1116,1
2023-04-03,GBP,95.7262,1
2023-04-03,RUB,1,1
2023-04-03,USD,77.3233,1
2023-04-04,EUR,84.6185,1
2023-04-04,GBP,96.3786,1
2023-04-04,RUB,1,1
2023-04-04,USD,77.951,1
2023-04-05,EUR,86.7207,1
2023-04-05,GBP,98.378,1
2023-04-05,RUB,1,1
2023-04-05,USD,79.3563,1
2023-04-06,EUR,87.0954,1
2023-04-06,GBP,99.4973,1
2023-04-06,RUB,1,1
2023-04-06,USD,79.4961,1
2023-04-07,EUR,88.1294,1
2023-04-07,GBP,100.4358,1
2023-04-07,RUB,1,1
2023-04-07,USD,80.6713,1
2023-04-08,EUR,90.2892,1
2023-04-08,GBP,102.5865,1
2023-04-08,RUB,1,1
2023-04-08,USD,82.3988,1
2023-04-09,EUR,90.2892,1
2023-04-09,GBP,102.5865,1
2023-04-09,RUB,1,1
2023-04-09,USD,82.3988,1
2023-04-10,EUR,90.2892,1
2023-04-10,GBP,102.5865,1
2023-04-10,RUB,1,1
2023-04-10,USD,82.3988,1
2023-04-11,EUR,89.1737,1
2023-04-11,GBP,101.7714,1
2023-04-11,RUB,1,1
2023-04-11,USD,81.7441,1
2023-04-12,EUR,89.7271,1
2023-04-12,GBP,102.1825,1
2023-04-12,RUB,1,1
2023-04-12,USD,82.1799,1
2023-04-13,EUR,89.7599,1
2023-04-13,GBP,102.0503,1
2023-04-13,RUB,1,1
2023-04-13,USD,82.0934,1
2023-04-14,EUR,90.0035,1
2023-04-14,GBP,101.8171,1
2023-04-14,RUB,1,1
2023-04-14,USD,81.6758,1
2023-04-15,EUR,90.1637,1
2023-04-15,GBP,101.9621,1
2023-04-15,RUB,1,1
2023-04-15,USD,81.5045,1
2023-04-16,EUR,90.1637,1
2023-04-16,GBP,101.9621,1
2023-04-16,RUB,1,1
2023-04-16,USD,81.5045,1
2023-04-17,EUR,90.1637,1
2023-04-17,GBP,101.9621,1
2023-04-17,RUB,1,1
2023-04-17,USD,81.5045,1
2023-04-18,EUR,89.659,1
2023-04-18,GBP,101.5778,1
2023-04-18,RUB,1,1
2023-04-18,USD,81.6279,1
2023-04-19,EUR,89.5713,1
2023-04-19,GBP,100.9019,1
2023-04-19,RUB,1,1
2023-04-19,USD,81.6028,1
2023-04-20,EUR,89.3736,1
2023-04-20,GBP,101.4807,1
2023-04-20,RUB,1,1
2023-04-20,USD,81.6549,1
2023-04-21,EUR,89.4638,1
2023-04-21,GBP,101.6154,1
2023-04-21,RUB,1,1
2023-04-21,USD,81.6188,1
2023-04-22,EUR,89.3495,1
2023-04-22,GBP,101.5156,1
2023-04-22,RUB,1,1
2023-04-22,USD,81.4863,1
2023-04-23,EUR,89.3495,1
2023-04-23,GBP,101.5156,1
2023-04-23,RUB,1,1
2023-04-23,USD,81.4863,1
2023-04-24,EUR,89.3495,1
2023-04-24,GBP,101.5156,1
2023-04-24,RUB,1,1
2023-04-24,USD,81.4863,1
2023-04-25,EUR,89.4589,1
2023-04-25,GBP,100.7641,1
2023-04-25,RUB,1,1
2023-04-25,USD,81.2745,1
2023-04-26,EUR,90.0332,1
2023-04-26,GBP,101.5786,1
2023-04-26,RUB,1,1
2023-04-26,USD,81.5499,1
2023-04-27,EUR,90.1436,1
2023-04-27,GBP,101.2343,1
2023-04-27,RUB,1,1
2023-04-27,USD,81.6274,1
2023-04-28,EUR,90.2023,1
2023-04-28,GBP,101.7218,1
2023-04-28,RUB,1,1
2023-04-28,USD,81.5601,1
2023-04-29,EUR,88.3712,1
2023-04-29,GBP,100.5883,1
2023-04-29,RUB,1,1
2023-04-29,USD,80.5093,1
2023-04-30,EUR,88.3712,1
2023-04-30,GBP,100.5883,1
2023-04-30,RUB,1,1
2023-04-30,USD,80.5093,1
2023-05-01,EUR,88.3712,1
2023-05-01,GBP,100.5883,1
2023-05-01,RUB,1,1
2023-05-01,USD,80.5093,1
2023-05-02,EUR,88.3712,1
2023-05-02,GBP,100.5883,1
2023-05-02,RUB,1,1
2023-05-02,USD,80.5093,1
2023-05-03,EUR,87.6556,1
2023-05-03,GBP,100.4789,1
2023-05-03,RUB,1,1
2023-05-03,USD,79.9609,1
2023-05-04,EUR,87.575,1
2023-05-04,GBP,98.9118,1
2023-05-04,RUB,1,1
2023-05-04,USD,79.3071,1
2023-05-05,EUR,86.9986,1
2023-05-05,GBP,98.5268,1
2023-05-05,RUB,1,1
2023-05-05,USD,78.6139,1
2023-05-06,EUR,84.9073,1
2023-05-06,GBP,96.579,1
2023-05-06,RUB,1,1
2023-05-06,USD,76.8207,1
2023-05-07,EUR,84.9073,1
2023-05-07,GBP,96.579,1
2023-05-07,RUB,1,1
2023-05-07,USD,76.8207,1
2023-05-08,EUR,84.9073,1
2023-05-08,GBP,96.579,1
2023-05-08,RUB,1,1
2023-05-08,USD,76.8207,1
2023-05-09,EUR,84.9073,1
2023-05-09,GBP,96.579,1
2023-05-09,RUB,1,1
2023-05-09,USD,76.8207,1
2023-05-10,EUR,84.9073,1
2023-05-10,GBP,96.579,1
2023-05-10,RUB,1,1
2023-05-10,USD,76.8207,1
2023-05-11,EUR,84.1498,1
2023-05-11,GBP,96.7251,1
2023-05-11,RUB,1,1
2023-05-11,USD,76.6929,1
2023-05-12,EUR,82.8877,1
2023-05-12,GBP,95.7512,1
2023-05-12,RUB,1,1
2023-05-12,USD,75.8846,1
2023-05-13,EUR,84.25,1
2023-05-13,GBP,96.6827,1
2023-05-13,RUB,1,1
2023-05-13,USD,77.2041,1
2023-05-14,EUR,84.25,1
2023-05-14,GBP,96.6827,1
2023-05-14,RUB,1,1
2023-05-14,USD,77.2041,1
2023-05-15,EUR,84.25,1
2023-05-15,GBP,96.6827,1
2023-05-15,RUB,1,1
2023-05-15,USD,77.2041,1
2023-05-16,EUR,86.0862,1
2023-05-16,GBP,98.6936,1
2023-05-16,RUB,1,1
2023-05-16,USD,79.1004,1
2023-05-17,EUR,87.1619,1
2023-05-17,GBP,100.0547,1
2023-05-17,RUB,1,1
2023-05-17,USD,79.9798,1
2023-05-18,EUR,87.5749,1
2023-05-18,GBP,100.9068,1
2023-05-18,RUB,1,1
2023-05-18,USD,80.7642,1
2023-05-19,EUR,86.4964,1
2023-05-19,GBP,99.7736,1
2023-05-19,RUB,1,1
2023-05-19,USD,80.0366,1
2023-05-20,EUR,86.277,1
2023-05-20,GBP,99.1595,1
2023-05-20,RUB,1,1
2023-05-20,USD,79.9093,1
2023-05-21,EUR,86.277,1
2023-05-21,GBP,99.1595,1
2023-05-21,RUB,1,1
2023-05-21,USD,79.9093,1
2023-05-22,EUR,86.277,1
2023-05-22,GBP,99.1595,1
2023-05-22,RUB,1,1
2023-05-22,USD,79.9093,1
2023-05-23,EUR,86.4963,1
2023-05-23,GBP,99.4108,1
2023-05-23,RUB,1,1
2023-05-23,USD,79.9379,1
2023-05-24,EUR,86.5502,1
2023-05-24,GBP,99.5908,1
2023-05-24,RUB,1,1
2023-05-24,USD,80.1665,1
2023-05-25,EUR,86.1995,1
2023-05-25,GBP,99.3189,1
2023-05-25,RUB,1,1
2023-05-25,USD,79.9669,1
2023-05-26,EUR,85.8767,1
2023-05-26,GBP,98.9163,1
2023-05-26,RUB,1,1
2023-05-26,USD,79.9841,1
2023-05-27,EUR,85.919,1
2023-05-27,GBP,98.8149,1
2023-05-27,RUB,1,1
2023-05-27,USD,79.9667,1
2023-05-28,EUR,85.919,1
2023-05-28,GBP,98.8149,1
2023-05-28,RUB,1,1
2023-05-28,USD,79.9667,1
2023-05-29,EUR,85.919,1
2023-05-29,GBP,98.8149,1
2023-05-29,RUB,1,1
2023-05-29,USD,79.9667,1
2023-05-30,EUR,85.9013,1
2023-05-30,GBP,98.9246,1
2023-05-30,RUB,1,1
2023-05-30,USD,80.0555,1
2023-05-31,EUR,86.5119,1
2023-05-31,GBP,99.5035,1
2023-05-31,RUB,1,1
2023-05-31,USD,80.6872,1
2023-06-01,EUR,86.5009,1
2023-06-01,GBP,100.5219,1
2023-06-01,RUB,1,1
2023-06-01,USD,80.9942,1
2023-06-02,EUR,86.5764,1
2023-06-02,GBP,100.3489,1
2023-06-02,RUB,1,1
2023-06-02,USD,80.9657,1
2023-06-03,EUR,87.101,1
2023-06-03,GBP,101.2886,1
2023-06-03,RUB,1,1
2023-06-03,USD,80.8756,1
2023-06-04,EUR,87.101,1
2023-06-04,GBP,101.2886,1
2023-06-04,RUB,1,1
2023-06-04,USD,80.8756,1
2023-06-05,EUR,87.101,1
2023-06-05,GBP,101.2886,1
2023-06-05,RUB,1,1
2023-06-05,USD,80.8756,1
2023-06-06,EUR,87.0318,1
2023-06-06,GBP,101.5398,1
2023-06-06,RUB,1,1
2023-06-06,USD,81.3294,1
2023-06-07,EUR,86.9519,1
2023-06-07,GBP,100.8315,1
2023-06-07,RUB,1,1
2023-06-07,USD,81.2502,1
2023-06-08,EUR,87.1651,1
2023-06-08,GBP,101.0732,1
2023-06-08,RUB,1,1
2023-06-08,USD,81.4581,1
2023-06-09,EUR,88.0379,1
2023-06-09,GBP,102.3043,1
2023-06-09,RUB,1,1
2023-06-09,USD,82.093,1
2023-06-10,EUR,89.0057,1
2023-06-10,GBP,103.5914,1
2023-06-10,RUB,1,1
2023-06-10,USD,82.6417,1
2023-06-11,EUR,89.0057,1
2023-06-11,GBP,103.5914,1
2023-06-11,RUB,1,1
2023-06-11,USD,82.6417,1
2023-06-12,EUR,89.0057,1
2023-06-12,GBP,103.5914,1
2023-06-12,RUB,1,1
2023-06-12,USD,82.6417,1
2023-06-13,EUR,89.0057,1
2023-06-13,GBP,103.5914,1
2023-06-13,RUB,1,1
2023-06-13,USD,82.6417,1
2023-06-14,EUR,90.3899,1
2023-06-14,GBP,104.6343,1
2023-06-14,RUB,1,1
2023-06-14,USD,83.6405,1
2023-06-15,EUR,91.0668,1
2023-06-15,GBP,106.2831,1
2023-06-15,RUB,1,1
2023-06-15,USD,84.3249,1
2023-06-16,EUR,90.9665,1
2023-06-16,GBP,106.597,1
2023-06-16,RUB,1,1
2023-06-16,USD,83.9611,1
2023-06-17,EUR,91.6329,1
2023-06-17,GBP,106.5949,1
2023-06-17,RUB,1,1
2023-06-17,USD,83.6498,1
2023-06-18,EUR,91.6329,1
2023-06-18,GBP,106.5949,1
2023-06-18,RUB,1,1
2023-06-18,USD,83.6498,1
2023-06-19,EUR,91.6329,1
2023-06-19,GBP,106.5949,1
2023-06-19,RUB,1,1
2023-06-19,USD,83.6498,1
2023-06-20,EUR,91.7966,1
2023-06-20,GBP,107.6036,1
2023-06-20,RUB,1,1
2023-06-20,USD,83.9866,1
2023-06-21,EUR,92.0745,1
2023-06-21,GBP,107.7853,1
2023-06-21,RUB,1,1
2023-06-21,USD,84.2336,1
2023-06-22,EUR,92.0014,1
2023-06-22,GBP,107.2882,1
2023-06-22,RUB,1,1
2023-06-22,USD,84.2467,1
2023-06-23,EUR,91.943,1
2023-06-23,GBP,106.441,1
2023-06-23,RUB,1,1
2023-06-23,USD,83.6077,1
2023-06-24,EUR,91.4933,1
2023-06-24,GBP,107.1002,1
2023-06-24,RUB,1,1
2023-06-24,USD,84.0793,1
2023-06-25,EUR,91.4933,1
2023-06-25,GBP,107.1002,1
2023-06-25,RUB,1,1
2023-06-25,USD,84.0793,1
2023-06-26,EUR,91.4933,1
2023-06-26,GBP,107.1002,1
2023-06-26,RUB,1,1
2023-06-26,USD,84.0793,1
2023-06-27,EUR,92.2969,1
2023-06-27,GBP,107.6167,1
2023-06-27,RUB,1,1
2023-06-27,USD,84.6642,1
2023-06-28,EUR,93.1373,1
2023-06-28,GBP,108.0906,1
2023-06-28,RUB,1,1
2023-06-28,USD,85.0504,1
2023-06-29,EUR,93.8644,1
2023-06-29,GBP,109.1302,1
2023-06-29,RUB,1,1
2023-06-29,USD,85.6192,1
2023-06-30,EUR,95.1052,1
2023-06-30,GBP,109.7848,1
2023-06-30,RUB,1,1
2023-06-30,USD,87.0341,1
2023-07-01,EUR,96.0195,1
2023-07-01,GBP,111.5234,1
2023-07-01,RUB,1,1
2023-07-01,USD,88.3844,1
2023-07-02,EUR,96.0195,1
2023-07-02,GBP,111.5234,1
2023-07-02,RUB,1,1
2023-07-02,USD,88.3844,1
2023-07-03,EUR,96.0195,1
2023-07-03,GBP,111.5234,1
2023-07-03,RUB,1,1
2023-07-03,USD,88.3844,1
2023-07-04,EUR,97.2582,1
2023-07-04,GBP,113.5684,1
2023-07-04,RUB,1,1
2023-07-04,USD,89.3255,1
2023-07-05,EUR,97.7382,1
2023-07-05,GBP,113.6237,1
2023-07-05,RUB,1,1
2023-07-05,USD,89.545,1
2023-07-06,EUR,98.4144,1
2023-07-06,GBP,114.9641,1
2023-07-06,RUB,1,1
2023-07-06,USD,90.338,1
2023-07-07,EUR,100.7163,1
2023-07-07,GBP,117.7114,1
2023-07-07,RUB,1,1
2023-07-07,USD,92.5695,1
2023-07-08,EUR,99.8189,1
2023-07-08,GBP,116.407,1
2023-07-08,RUB,1,1
2023-07-08,USD,91.6879,1
2023-07-09,EUR,99.8189,1
2023-07-09,GBP,116.407,1
2023-07-09,RUB,1,1
2023-07-09,USD,91.6879,1
2023-07-10,EUR,99.8189,1
2023-07-10,GBP,116.407,1
2023-07-10,RUB,1,1
2023-07-10,USD,91.6879,1
2023-07-11,EUR,100.4155,1
2023-07-11,GBP,117.3399,1
2023-07-11,RUB,1,1
2023-07-11,USD,91.4931,1
2023-07-12,EUR,99.6775,1
2023-07-12,GBP,115.9815,1
2023-07-12,RUB,1,1
2023-07-12,USD,90.5045,1
2023-07-13,EUR,99.889,1
2023-07-13,GBP,116.8794,1
2023-07-13,RUB,1,1
2023-07-13,USD,90.6253,1
2023-07-14,EUR,100.6788,1
2023-07-14,GBP,117.2014,1
2023-07-14,RUB,1,1
2023-07-14,USD,90.1757,1
2023-07-15,EUR,101.1992,1
2023-07-15,GBP,118.1821,1
2023-07-15,RUB,1,1
2023-07-15,USD,90.119,1
2023-07-16,EUR,101.1992,1
2023-07-16,GBP,118.1821,1
2023-07-16,RUB,1,1
2023-07-16,USD,90.119,1
2023-07-17,EUR,101.1992,1
2023-07-17,GBP,118.1821,1
2023-07-17,RUB,1,1
2023-07-17,USD,90.119,1
2023-07-18,EUR,101.6496,1
2023-07-18,GBP,118.5971,1
2023-07-18,RUB,1,1
2023-07-18,USD,90.4217,1
2023-07-19,EUR,102.0271,1
2023-07-19,GBP,118.6414,1
2023-07-19,RUB,1,1
2023-07-19,USD,90.6906,1
2023-07-20,EUR,102.4441,1
2023-07-20,GBP,119.3047,1
2023-07-20,RUB,1,1
2023-07-20,USD,91.2046,1
2023-07-21,EUR,101.833,1
2023-07-21,GBP,117.066,1
2023-07-21,RUB,1,1
2023-07-21,USD,90.8545,1
2023-07-22,EUR,100.6562,1
2023-07-22,GBP,116.1532,1
2023-07-22,RUB,1,1
2023-07-22,USD,90.3846,1
2023-07-23,EUR,100.6562,1
2023-07-23,GBP,116.1532,1
2023-07-23,RUB,1,1
2023-07-23,USD,90.3846,1
2023-07-24,EUR,100.6562,1
2023-07-24,GBP,116.1532,1
2023-07-24,RUB,1,1
2023-07-24,USD,90.3846,1
2023-07-25,EUR,100.3614,1
2023-07-25,GBP,116.2331,1
2023-07-25,RUB,1,1
2023-07-25,USD,90.489,1
2023-07-26,EUR,99.6918,1
2023-07-26,GBP,115.4741,1
2023-07-26,RUB,1,1
2023-07-26,USD,90.0945,1
2023-07-27,EUR,99.7156,1
2023-07-27,GBP,115.7642,1
2023-07-27,RUB,1,1
2023-07-27,USD,90.0468,1
2023-07-28,EUR,100.2173,1
2023-07-28,GBP,116.3361,1
2023-07-28,RUB,1,1
2023-07-28,USD,90.0225,1
2023-07-29,EUR,99.9586,1
2023-07-29,GBP,116.898,1
2023-07-29,RUB,1,1
2023-07-29,USD,90.9783,1
2023-07-30,EUR,99.9586,1
2023-07-30,GBP,116.898,1
2023-07-30,RUB,1,1
2023-07-30,USD,90.9783,1
2023-07-31,EUR,99.9586,1
2023-07-31,GBP,116.898,1
2023-07-31,RUB,1,1
2023-07-31,USD,90.9783,1
2023-08-01,EUR,100.9428,1
2023-08-01,GBP,117.8243,1
2023-08-01,RUB,1,1
2023-08-01,USD,91.5923,1
2023-08-02,EUR,100.6988,1
2023-08-02,GBP,118.0508,1
2023-08-02,RUB,1,1
2023-08-02,USD,91.7755,1
2023-08-03,EUR,101.9268,1
2023-08-03,GBP,118.4837,1
2023-08-03,RUB,1,1
2023-08-03,USD,92.841,1
2023-08-04,EUR,102.531,1
2023-08-04,GBP,118.9964,1
2023-08-04,RUB,1,1
2023-08-04,USD,93.7792,1
2023-08-05,EUR,103.8379,1
2023-08-05,GBP,120.3772,1
2023-08-05,RUB,1,1
2023-08-05,USD,94.8076,1
2023-08-06,EUR,103.8379,1
2023-08-06,GBP,120.3772,1
2023-08-06,RUB,1,1
2023-08-06,USD,94.8076,1
2023-08-07,EUR,103.8379,1
2023-08-07,GBP,120.3772,1
2023-08-07,RUB,1,1
2023-08-07,USD,94.8076,1
2023-08-08,EUR,106.0543,1
2023-08-08,GBP,123.1903,1
2023-08-08,RUB,1,1
2023-08-08,USD,96.5668,1
2023-08-09,EUR,105.4352,1
2023-08-09,GBP,122.7076,1
2023-08-09,RUB,1,1
2023-08-09,USD,96.0755,1
2023-08-10,EUR,106.8897,1
2023-08-10,GBP,123.9122,1
2023-08-10,RUB,1,1
2023-08-10,USD,97.3999,1
2023-08-11,EUR,107.1563,1
2023-08-11,GBP,123.8561,1
2023-08-11,RUB,1,1
2023-08-11,USD,97.2794,1
2023-08-12,EUR,107.9723,1
2023-08-12,GBP,125.0661,1
2023-08-12,RUB,1,1
2023-08-12,USD,98.2066,1
2023-08-13,EUR,107.9723,1
2023-08-13,GBP,125.0661,1
2023-08-13,RUB,1,1
2023-08-13,USD,98.2066,1
2023-08-14,EUR,107.9723,1
2023-08-14,GBP,125.0661,1
2023-08-14,RUB,1,1
2023-08-14,USD,98.2066,1
2023-08-15,EUR,110.6847,1
2023-08-15,GBP,128.452,1
2023-08-15,RUB,1,1
2023-08-15,USD,101.0399,1
2023-08-16,EUR,106.5736,1
2023-08-16,GBP,123.3456,1
2023-08-16,RUB,1,1
2023-08-16,USD,97.4217,1
2023-08-17,EUR,105.6591,1
2023-08-17,GBP,123.2499,1
2023-08-17,RUB,1,1
2023-08-17,USD,96.7045,1
2023-08-18,EUR,102.181,1
2023-08-18,GBP,119.5543,1
2023-08-18,RUB,1,1
2023-08-18,USD,93.746,1
2023-08-19,EUR,101.4802,1
2023-08-19,GBP,119.1564,1
2023-08-19,RUB,1,1
2023-08-19,USD,93.4047,1
2023-08-20,EUR,101.4802,1
2023-08-20,GBP,119.1564,1
2023-08-20,RUB,1,1
2023-08-20,USD,93.4047,1
2023-08-21,EUR,101.4802,1
2023-08-21,GBP,119.1564,1
2023-08-21,RUB,1,1
2023-08-21,USD,93.4047,1
2023-08-22,EUR,102.5719,1
2023-08-22,GBP,119.7115,1
2023-08-22,RUB,1,1
2023-08-22,USD,94.1424,1
2023-08-23,EUR,102.753,1
2023-08-23,GBP,119.7846,1
2023-08-23,RUB,1,1
2023-08-23,USD,94.1185,1
2023-08-24,EUR,102.2452,1
2023-08-24,GBP,120.2437,1
2023-08-24,RUB,1,1
2023-08-24,USD,94.4421,1
2023-08-25,EUR,102.4719,1
2023-08-25,GBP,119.7284,1
2023-08-25,RUB,1,1
2023-08-25,USD,94.4007,1
2023-08-26,EUR,102.2586,1
2023-08-26,GBP,119.7914,1
2023-08-26,RUB,1,1
2023-08-26,USD,94.7117,1
2023-08-27,EUR,102.2586,1
2023-08-27,GBP,119.7914,1
2023-08-27,RUB,1,1
2023-08-27,USD,94.7117,1
2023-08-28,EUR,102.2586,1
2023-08-28,GBP,119.7914,1
2023-08-28,RUB,1,1
2023-08-28,USD,94.7117,1
2023-08-29,EUR,103.2434,1
2023-08-29,GBP,120.7526,1
2023-08-29,RUB,1,1
2023-08-29,USD,95.4717,1
2023-08-30,EUR,103.4765,1
2023-08-30,GBP,120.1506,1
2023-08-30,RUB,1,1
2023-08-30,USD,95.707,1
2023-08-31,EUR,104.4496,1
2023-08-31,GBP,120.7641,1
2023-08-31,RUB,1,1
2023-08-31,USD,95.9283,1
2023-09-01,EUR,104.9407,1
2023-09-01,GBP,122.6048,1
2023-09-01,RUB,1,1
2023-09-01,USD,96.3344,1
2023-09-02,EUR,104.6108,1
2023-09-02,GBP,122.0931,1
2023-09-02,RUB,1,1
2023-09-02,USD,96.3411,1
2023-09-03,EUR,104.6108,1
2023-09-03,GBP,122.0931,1
2023-09-03,RUB,1,1
2023-09-03,USD,96.3411,1
2023-09-04,EUR,104.6108,1
2023-09-04,GBP,122.0931,1
2023-09-04,RUB,1,1
2023-09-04,USD,96.3411,1
2023-09-05,EUR,104.4171,1
2023-09-05,GBP,121.9247,1
2023-09-05,RUB,1,1
2023-09-05,USD,96.6199,1
2023-09-06,EUR,104.9043,1
2023-09-06,GBP,123.0738,1
2023-09-06,RUB,1,1
2023-09-06,USD,97.5383,1
2023-09-07,EUR,105.0789,1
2023-09-07,GBP,122.8332,1
2023-09-07,RUB,1,1
2023-09-07,USD,97.8439,1
2023-09-08,EUR,105.2776,1
2023-09-08,GBP,122.6567,1
2023-09-08,RUB,1,1
2023-09-08,USD,98.1961,1
2023-09-09,EUR,104.8872,1
2023-09-09,GBP,122.1701,1
2023-09-09,RUB,1,1
2023-09-09,USD,97.9241,1
2023-09-10,EUR,104.8872,1
2023-09-10,GBP,122.1701,1
2023-09-10,RUB,1,1
2023-09-10,USD,97.9241,1
2023-09-11,EUR,104.8872,1
2023-09-11,GBP,122.1701,1
2023-09-11,RUB,1,1
2023-09-11,USD,97.9241,1
2023-09-12,EUR,103.5332,1
2023-09-12,GBP,120.4906,1
2023-09-12,RUB,1,1
2023-09-12,USD,96.5083,1
2023-09-13,EUR,101.5646,1
2023-09-13,GBP,118.654,1
2023-09-13,RUB,1,1
2023-09-13,USD,94.7035,1
2023-09-14,EUR,103.1066,1
2023-09-14,GBP,119.6479,1
2023-09-14,RUB,1,1
2023-09-14,USD,95.9794,1
2023-09-15,EUR,103.2289,1
2023-09-15,GBP,120.105,1
2023-09-15,RUB,1,1
2023-09-15,USD,96.1609,1
2023-09-16,EUR,103.0358,1
2023-09-16,GBP,119.9709,1
2023-09-16,RUB,1,1
2023-09-16,USD,96.6338,1
2023-09-17,EUR,103.0358,1
2023-09-17,GBP,119.9709,1
2023-09-17,RUB,1,1
2023-09-17,USD,96.6338,1
2023-09-18,EUR,103.0358,1
2023-09-18,GBP,119.9709,1
2023-09-18,RUB,1,1
2023-09-18,USD,96.6338,1
2023-09-19,EUR,103.0945,1
2023-09-19,GBP,119.7942,1
2023-09-19,RUB,1,1
2023-09-19,USD,96.6472,1
2023-09-20,EUR,102.9211,1
2023-09-20,GBP,119.1248,1
2023-09-20,RUB,1,1
2023-09-20,USD,96.2236,1
2023-09-21,EUR,103.3699,1
2023-09-21,GBP,119.8247,1
2023-09-21,RUB,1,1
2023-09-21,USD,96.6172,1
2023-09-22,EUR,102.3606,1
2023-09-22,GBP,119.1153,1
2023-09-22,RUB,1,1
2023-09-22,USD,96.0762,1
2023-09-23,EUR,102.2485,1
2023-09-23,GBP,118.0163,1
2023-09-23,RUB,1,1
2023-09-23,USD,96.0419,1
2023-09-24,EUR,102.2485,1
2023-09-24,GBP,118.0163,1
2023-09-24,RUB,1,1
2023-09-24,USD,96.0419,1
2023-09-25,EUR,102.2485,1
2023-09-25,GBP,118.0163,1
2023-09-25,RUB,1,1
2023-09-25,USD,96.0419,1
2023-09-26,EUR,102.2453,1
2023-09-26,GBP,117.9226,1
2023-09-26,RUB,1,1
2023-09-26,USD,96.1456,1
2023-09-27,EUR,101.9888,1
2023-09-27,GBP,117.3909,1
2023-09-27,RUB,1,1
2023-09-27,USD,96.2378,1
2023-09-28,EUR,101.978,1
2023-09-28,GBP,117.4212,1
2023-09-28,RUB,1,1
2023-09-28,USD,96.5,1
2023-09-29,EUR,102.0979,1
2023-09-29,GBP,117.6632,1
2023-09-29,RUB,1,1
2023-09-29,USD,97.0018,1
2023-09-30,EUR,103.1631,1
2023-09-30,GBP,118.8265,1
2023-09-30,RUB,1,1
2023-09-30,USD,97.4147,1
2023-10-01,EUR,103.1631,1
2023-10-01,GBP,118.8265,1
2023-10-01,RUB,1,1
2023-10-01,USD,97.4147,1
2023-10-02,EUR,103.1631,1
2023-10-02,GBP,118.8265,1
2023-10-02,RUB,1,1
2023-10-02,USD,97.4147,1
2023-10-03,EUR,103.868,1
2023-10-03,GBP,120.2127,1
2023-10-03,RUB,1,1
2023-10-03,USD,98.4785,1
2023-10-04,EUR,104.0621,1
2023-10-04,GBP,120.3323,1
2023-10-04,RUB,1,1
2023-10-04,USD,99.2677,1
2023-10-05,EUR,104.3024,1
2023-10-05,GBP,120.1422,1
2023-10-05,RUB,1,1
2023-10-05,USD,99.4555,1
2023-10-06,EUR,104.7877,1
2023-10-06,GBP,120.7577,1
2023-10-06,RUB,1,1
2023-10-06,USD,99.6762,1
2023-10-07,EUR,106.01,1
2023-10-07,GBP,122.1972,1
2023-10-07,RUB,1,1
2023-10-07,USD,100.4911,1
2023-10-08,EUR,106.01,1
2023-10-08,GBP,122.1972,1
2023-10-08,RUB,1,1
2023-10-08,USD,100.4911,1
2023-10-09,EUR,106.01,1
2023-10-09,GBP,122.1972,1
2023-10-09,RUB,1,1
2023-10-09,USD,100.4911,1
2023-10-10,EUR,107.0322,1
2023-10-10,GBP,123.5373,1
2023-10-10,RUB,1,1
2023-10-10,USD,101.3598,1
2023-10-11,EUR,105.6864,1
2023-10-11,GBP,122.0205,1
2023-10-11,RUB,1,1
2023-10-11,USD,99.9349,1
2023-10-12,EUR,105.9544,1
2023-10-12,GBP,122.5465,1
2023-10-12,RUB,1,1
2023-10-12,USD,99.9808,1
2023-10-13,EUR,103.035,1
2023-10-13,GBP,119.42,1
2023-10-13,RUB,1,1
2023-10-13,USD,96.9948,1
2023-10-14,EUR,102.5523,1
2023-10-14,GBP,118.8514,1
2023-10-14,RUB,1,1
2023-10-14,USD,97.3075,1
2023-10-15,EUR,102.5523,1
2023-10-15,GBP,118.8514,1
2023-10-15,RUB,1,1
2023-10-15,USD,97.3075,1
2023-10-16,EUR,102.5523,1
2023-10-16,GBP,118.8514,1
2023-10-16,RUB,1,1
2023-10-16,USD,97.3075,1
2023-10-17,EUR,102.52,1
2023-10-17,GBP,118.1155,1
2023-10-17,RUB,1,1
2023-10-17,USD,97.2865,1
2023-10-18,EUR,102.7527,1
2023-10-18,GBP,118.6548,1
2023-10-18,RUB,1,1
2023-10-18,USD,97.3458,1
2023-10-19,EUR,102.9059,1
2023-10-19,GBP,118.6191,1
2023-10-19,RUB,1,1
2023-10-19,USD,97.3724,1
2023-10-20,EUR,102.6255,1
2023-10-20,GBP,118.1896,1
2023-10-20,RUB,1,1
2023-10-20,USD,97.3074,1
2023-10-21,EUR,101.4257,1
2023-10-21,GBP,116.4578,1
2023-10-21,RUB,1,1
2023-10-21,USD,95.9053,1
2023-10-22,EUR,101.4257,1
2023-10-22,GBP,116.4578,1
2023-10-22,RUB,1,1
2023-10-22,USD,95.9053,1
2023-10-23,EUR,101.4257,1
2023-10-23,GBP,116.4578,1
2023-10-23,RUB,1,1
2023-10-23,USD,95.9053,1
2023-10-24,EUR,100.303,1
2023-10-24,GBP,115.0703,1
2023-10-24,RUB,1,1
2023-10-24,USD,94.7081,1
2023-10-25,EUR,99.5534,1
2023-10-25,GBP,114.1721,1
2023-10-25,RUB,1,1
2023-10-25,USD,93.5224,1
2023-10-26,EUR,98.6543,1
2023-10-26,GBP,113.4389,1
2023-10-26,RUB,1,1
2023-10-26,USD,93.1507,1
2023-10-27,EUR,98.7376,1
2023-10-27,GBP,113.6212,1
2023-10-27,RUB,1,1
2023-10-27,USD,93.5616,1
2023-10-28,EUR,98.3504,1
2023-10-28,GBP,112.9888,1
2023-10-28,RUB,1,1
2023-10-28,USD,93.2174,1
2023-10-29,EUR,98.3504,1
2023-10-29,GBP,112.9888,1
2023-10-29,RUB,1,1
2023-10-29,USD,93.2174,1
2023-10-30,EUR,98.3504,1
2023-10-30,GBP,112.9888,1
2023-10-30,RUB,1,1
2023-10-30,USD,93.2174,1
2023-10-31,EUR,98.6164,1
2023-10-31,GBP,113.2069,1
2023-10-31,RUB,1,1
2023-10-31,USD,93.2435,1
2023-11-01,EUR,97.9345,1
2023-11-01,GBP,111.8627,1
2023-11-01,RUB,1,1
2023-11-01,USD,92.0226,1
2023-11-02,EUR,98.4365,1
2023-11-02,GBP,113.1861,1
2023-11-02,RUB,1,1
2023-11-02,USD,93.2801,1
2023-11-03,EUR,98.9995,1
2023-11-03,GBP,112.9816,1
2023-11-03,RUB,1,1
2023-11-03,USD,93.173,1
2023-11-04,EUR,99.0111,1
2023-11-04,GBP,113.2516,1
2023-11-04,RUB,1,1
2023-11-04,USD,93.0351,1
2023-11-05,EUR,99.0111,1
2023-11-05,GBP,113.2516,1
2023-11-05,RUB,1,1
2023-11-05,USD,93.0351,1
2023-11-06,EUR,99.0111,1
2023-11-06,GBP,113.2516,1
2023-11-06,RUB,1,1
2023-11-06,USD,93.0351,1
2023-11-07,EUR,99.0111,1
2023-11-07,GBP,113.2516,1
2023-11-07,RUB,1,1
2023-11-07,USD,93.0351,1
2023-11-08,EUR,98.7863,1
2023-11-08,GBP,114.567,1
2023-11-08,RUB,1,1
2023-11-08,USD,92.4151,1
2023-11-09,EUR,98.4403,1
2023-11-09,GBP,113.4488,1
2023-11-09,RUB,1,1
2023-11-09,USD,92.1973,1
2023-11-10,EUR,98.4076,1
2023-11-10,GBP,113.0329,1
2023-11-10,RUB,1,1
2023-11-10,USD,91.9266,1
2023-11-11,EUR,98.3155,1
2023-11-11,GBP,113.1061,1
2023-11-11,RUB,1,1
2023-11-11,USD,92.0535,1
2023-11-12,EUR,98.3155,1
2023-11-12,GBP,113.1061,1
2023-11-12,RUB,1,1
2023-11-12,USD,92.0535,1
2023-11-13,EUR,98.3155,1
2023-11-13,GBP,113.1061,1
2023-11-13,RUB,1,1
2023-11-13,USD,92.0535,1
2023-11-14,EUR,98.5314,1
2023-11-14,GBP,112.3661,1
2023-11-14,RUB,1,1
2023-11-14,USD,92.1185,1
2023-11-15,EUR,97.7781,1
2023-11-15,GBP,111.8172,1
2023-11-15,RUB,1,1
2023-11-15,USD,91.257,1
2023-11-16,EUR,97.1334,1
2023-11-16,GBP,111.4181,1
2023-11-16,RUB,1,1
2023-11-16,USD,89.4565,1
2023-11-17,EUR,96.5921,1
2023-11-17,GBP,110.6851,1
2023-11-17,RUB,1,1
2023-11-17,USD,88.9466,1
2023-11-18,EUR,96.7692,1
2023-11-18,GBP,110.9055,1
2023-11-18,RUB,1,1
2023-11-18,USD,89.1237,1
2023-11-19,EUR,96.7692,1
2023-11-19,GBP,110.9055,1
2023-11-19,RUB,1,1
2023-11-19,USD,89.1237,1
2023-11-20,EUR,96.7692,1
2023-11-20,GBP,110.9055,1
2023-11-20,RUB,1,1
2023-11-20,USD,89.1237,1
2023-11-21,EUR,96.6597,1
2023-11-21,GBP,110.0263,1
2023-11-21,RUB,1,1
2023-11-21,USD,88.4954,1
2023-11-22,EUR,96.2561,1
2023-11-22,GBP,109.7761,1
2023-11-22,RUB,1,1
2023-11-22,USD,87.8701,1
2023-11-23,EUR,96.1475,1
2023-11-23,GBP,110.4969,1
2023-11-23,RUB,1,1
2023-11-23,USD,88.1648,1
2023-11-24,EUR,96.2273,1
2023-11-24,GBP,109.7983,1
2023-11-24,RUB,1,1
2023-11-24,USD,88.1206,1
2023-11-25,EUR,96.9187,1
2023-11-25,GBP,111.2919,1
2023-11-25,RUB,1,1
2023-11-25,USD,88.8133,1
2023-11-26,EUR,96.9187,1
2023-11-26,GBP,111.2919,1
2023-11-26,RUB,1,1
2023-11-26,USD,88.8133,1
2023-11-27,EUR,96.9187,1
2023-11-27,GBP,111.2919,1
2023-11-27,RUB,1,1
2023-11-27,USD,88.8133,1
2023-11-28,EUR,97.1594,1
2023-11-28,GBP,111.8386,1
2023-11-28,RUB,1,1
2023-11-28,USD,88.7045,1
2023-11-29,EUR,97.0659,1
2023-11-29,GBP,111.7109,1
2023-11-29,RUB,1,1
2023-11-29,USD,88.6102,1
2023-11-30,EUR,97.6503,1
2023-11-30,GBP,112.7317,1
2023-11-30,RUB,1,1
2023-11-30,USD,88.8841,1
2023-12-01,EUR,96.8827,1
2023-12-01,GBP,112.4724,1
2023-12-01,RUB,1,1
2023-12-01,USD,88.5819,1
2023-12-02,EUR,97.9126,1
2023-12-02,GBP,113.6027,1
2023-12-02,RUB,1,1
2023-12-02,USD,89.7619,1
2023-12-03,EUR,97.9126,1
2023-12-03,GBP,113.6027,1
2023-12-03,RUB,1,1
2023-12-03,USD,89.7619,1
2023-12-04,EUR,97.9126,1
2023-12-04,GBP,113.6027,1
2023-12-04,RUB,1,1
2023-12-04,USD,89.7619,1
2023-12-05,EUR,98.5768,1
2023-12-05,GBP,114.5651,1
2023-12-05,RUB,1,1
2023-12-05,USD,90.6728,1
2023-12-06,EUR,99.134,1
2023-12-06,GBP,115.5036,1
2023-12-06,RUB,1,1
2023-12-06,USD,91.5823,1
2023-12-07,EUR,100.1353,1
2023-12-07,GBP,117.0267,1
2023-12-07,RUB,1,1
2023-12-07,USD,92.7826,1
2023-12-08,EUR,99.8131,1
2023-12-08,GBP,116.5676,1
2023-12-08,RUB,1,1
2023-12-08,USD,92.5654,1
2023-12-09,EUR,98.8409,1
2023-12-09,GBP,115.2284,1
2023-12-09,RUB,1,1
2023-12-09,USD,91.6402,1
2023-12-10,EUR,98.8409,1
2023-12-10,GBP,115.2284,1
2023-12-10,RUB,1,1
2023-12-10,USD,91.6402,1
2023-12-11,EUR,98.8409,1
2023-12-11,GBP,115.2284,1
2023-12-11,RUB,1,1
2023-12-11,USD,91.6402,1
2023-12-12,EUR,98.0769,1
2023-12-12,GBP,114.1584,1
2023-12-12,RUB,1,1
2023-12-12,USD,90.9846,1
2023-12-13,EUR,97.403,1
2023-12-13,GBP,113.2299,1
2023-12-13,RUB,1,1
2023-12-13,USD,90.2158,1
2023-12-14,EUR,96.95,1
2023-12-14,GBP,112.9141,1
2023-12-14,RUB,1,1
2023-12-14,USD,89.8926,1
2023-12-15,EUR,97.7377,1
2023-12-15,GBP,112.3258,1
2023-12-15,RUB,1,1
2023-12-15,USD,89.6741,1
2023-12-16,EUR,98.4186,1
2023-12-16,GBP,114.4529,1
2023-12-16,RUB,1,1
2023-12-16,USD,89.6966,1
2023-12-17,EUR,98.4186,1
2023-12-17,GBP,114.4529,1
2023-12-17,RUB,1,1
2023-12-17,USD,89.6966,1
2023-12-18,EUR,98.4186,1
2023-12-18,GBP,114.4529,1
2023-12-18,RUB,1,1
2023-12-18,USD,89.6966,1
2023-12-19,EUR,98.7578,1
2023-12-19,GBP,114.8195,1
2023-12-19,RUB,1,1
2023-12-19,USD,90.4162,1
2023-12-20,EUR,98.5764,1
2023-12-20,GBP,113.915,1
2023-12-20,RUB,1,1
2023-12-20,USD,90.087,1
2023-12-21,EUR,99.048,1
2023-12-21,GBP,115.1677,1
2023-12-21,RUB,1,1
2023-12-21,USD,90.4056,1
2023-12-22,EUR,100.5113,1
2023-12-22,GBP,116.1734,1
2023-12-22,RUB,1,1
2023-12-22,USD,91.7062,1
2023-12-23,EUR,101.2863,1
2023-12-23,GBP,116.3579,1
2023-12-23,RUB,1,1
2023-12-23,USD,91.9389,1
2023-12-24,EUR,101.2863,1
2023-12-24,GBP,116.3579,1
2023-12-24,RUB,1,1
2023-12-24,USD,91.9389,1
2023-12-25,EUR,101.2863,1
2023-12-25,GBP,116.3579,1
2023-12-25,RUB,1,1
2023-12-25,USD,91.9389,1
2023-12-26,EUR,101.5781,1
2023-12-26,GBP,116.396,1
2023-12-26,RUB,1,1
2023-12-26,USD,91.969,1
2023-12-27,EUR,101.1178,1
2023-12-27,GBP,116.0643,1
2023-12-27,RUB,1,1
2023-12-27,USD,91.7069,1
2023-12-28,EUR,101.3451,1
2023-12-28,GBP,116.062,1
2023-12-28,RUB,1,1
2023-12-28,USD,91.7051,1
2023-12-29,EUR,100.5506,1
2023-12-29,GBP,115.4899,1
2023-12-29,RUB,1,1
2023-12-29,USD,90.3041,1
2023-12-30,EUR,99.1919,1
2023-12-30,GBP,114.532,1
2023-12-30,RUB,1,1
2023-12-30,USD,89.6883,1
2023-12-31,EUR,99.1919,1
2023-12-31,GBP,114.532,1
2023-12-31,RUB,1,1
2023-12-31,USD,89.6883,1
2024-01-01,EUR,99.1919,1
2024-01-01,GBP,114.532,1
2024-01-01,RUB,1,1
2024-01-01,USD,89.6883,1
2024-01-02,EUR,99.1919,1
2024-01-02,GBP,114.532,1
2024-01-02,RUB,1,1
2024-01-02,USD,89.6883,1
2024-01-03,EUR,99.1919,1
2024-01-03,GBP,114.532,1
2024-01-03,RUB,1,1
2024-01-03,USD,89.6883,1
2024-01-04,EUR,99.1919,1
2024-01-04,GBP,114.532,1
2024-01-04,RUB,1,1
2024-01-04,USD,89.6883,1
2024-01-05,EUR,99.1919,1
2024-01-05,GBP,114.532,1
2024-01-05,RUB,1,1
2024-01-05,USD,89.6883,1
2024-01-06,EUR,99.1919,1
2024-01-06,GBP,114.532,1
2024-01-06,RUB,1,1
2024-01-06,USD,89.6883,1
2024-01-07,EUR,99.1919,1
2024-01-07,GBP,114.532,1
2024-01-07,RUB,1,1
2024-01-07,USD,89.6883,1
2024-01-08,EUR,99.1919,1
2024-01-08,GBP,114.532,1
2024-01-08,RUB,1,1
2024-01-08,USD,89.6883,1
2024-01-09,EUR,99.1919,1
2024-01-09,GBP,114.532,1
2024-01-09,RUB,1,1
2024-01-09,USD,89.6883,1
2024-01-10,EUR,98.9825,1
2024-01-10,GBP,115.2651,1
2024-01-10,RUB,1,1
2024-01-10,USD,90.404,1
2024-01-11,EUR,97.8745,1
2024-01-11,GBP,113.566,1
2024-01-11,RUB,1,1
2024-01-11,USD,89.3939,1
2024-01-12,EUR,97.5401,1
2024-01-12,GBP,113.0725,1
2024-01-12,RUB,1,1
2024-01-12,USD,88.7818,1
2024-01-13,EUR,96.7517,1
2024-01-13,GBP,112.0515,1
2024-01-13,RUB,1,1
2024-01-13,USD,88.1324,1
2024-01-14,EUR,96.7517,1
2024-01-14,GBP,112.0515,1
2024-01-14,RUB,1,1
2024-01-14,USD,88.1324,1
2024-01-15,EUR,96.7517,1
2024-01-15,GBP,112.0515,1
2024-01-15,RUB,1,1
2024-01-15,USD,88.1324,1
2024-01-16,EUR,96.0682,1
2024-01-16,GBP,111.8849,1
2024-01-16,RUB,1,1
2024-01-16,USD,87.6772,1
2024-01-17,EUR,95.6007,1
2024-01-17,GBP,111.5817,1
2024-01-17,RUB,1,1
2024-01-17,USD,87.6457,1
2024-01-18,EUR,96.0531,1
2024-01-18,GBP,111.9003,1
2024-01-18,RUB,1,1
2024-01-18,USD,88.354,1
2024-01-19,EUR,96.5882,1
2024-01-19,GBP,112.2271,1
2024-01-19,RUB,1,1
2024-01-19,USD,88.661,1
2024-01-20,EUR,96.3835,1
2024-01-20,GBP,112.2607,1
2024-01-20,RUB,1,1
2024-01-20,USD,88.5896,1
2024-01-21,EUR,96.3835,1
2024-01-21,GBP,112.2607,1
2024-01-21,RUB,1,1
2024-01-21,USD,88.5896,1
2024-01-22,EUR,96.3835,1
2024-01-22,GBP,112.2607,1
2024-01-22,RUB,1,1
2024-01-22,USD,88.5896,1
2024-01-23,EUR,95.8854,1
2024-01-23,GBP,111.549,1
2024-01-23,RUB,1,1
2024-01-23,USD,87.9724,1
2024-01-24,EUR,95.8266,1
2024-01-24,GBP,111.8429,1
2024-01-24,RUB,1,1
2024-01-24,USD,87.9199,1
2024-01-25,EUR,96.1657,1
2024-01-25,GBP,111.8191,1
2024-01-25,RUB,1,1
2024-01-25,USD,88.2829,1
2024-01-26,EUR,96.6365,1
2024-01-26,GBP,113.0633,1
2024-01-26,RUB,1,1
2024-01-26,USD,88.6562,1
2024-01-27,EUR,97.0945,1
2024-01-27,GBP,113.6852,1
2024-01-27,RUB,1,1
2024-01-27,USD,89.5159,1
2024-01-28,EUR,97.0945,1
2024-01-28,GBP,113.6852,1
2024-01-28,RUB,1,1
2024-01-28,USD,89.5159,1
2024-01-29,EUR,97.0945,1
2024-01-29,GBP,113.6852,1
2024-01-29,RUB,1,1
2024-01-29,USD,89.5159,1
2024-01-30,EUR,96.9777,1
2024-01-30,GBP,114.0095,1
2024-01-30,RUB,1,1
2024-01-30,USD,89.609,1
2024-01-31,EUR,96.7895,1
2024-01-31,GBP,113.2002,1
2024-01-31,RUB,1,1
2024-01-31,USD,89.2887,1
2024-02-01,EUR,97.1149,1
2024-02-01,GBP,113.5732,1
2024-02-01,RUB,1,1
2024-02-01,USD,89.6678,1
2024-02-02,EUR,97.4009,1
2024-02-02,GBP,114.8897,1
2024-02-02,RUB,1,1
2024-02-02,USD,90.2299,1
2024-02-03,EUR,98.6437,1
2024-02-03,GBP,114.9783,1
2024-02-03,RUB,1,1
2024-02-03,USD,90.6626,1
2024-02-04,EUR,98.6437,1
2024-02-04,GBP,114.9783,1
2024-02-04,RUB,1,1
2024-02-04,USD,90.6626,1
2024-02-05,EUR,98.6437,1
2024-02-05,GBP,114.9783,1
2024-02-05,RUB,1,1
2024-02-05,USD,90.6626,1
2024-02-06,EUR,98.2279,1
2024-02-06,GBP,115.4868,1
2024-02-06,RUB,1,1
2024-02-06,USD,91.2434,1
2024-02-07,EUR,97.444,1
2024-02-07,GBP,113.5457,1
2024-02-07,RUB,1,1
2024-02-07,USD,90.6842,1
2024-02-08,EUR,98.0936,1
2024-02-08,GBP,114.6411,1
2024-02-08,RUB,1,1
2024-02-08,USD,91.1514,1
2024-02-09,EUR,98.3543,1
2024-02-09,GBP,115.2747,1
2024-02-09,RUB,1,1
2024-02-09,USD,91.2561,1
2024-02-10,EUR,97.9364,1
2024-02-10,GBP,114.567,1
2024-02-10,RUB,1,1
2024-02-10,USD,90.8901,1
2024-02-11,EUR,97.9364,1
2024-02-11,GBP,114.567,1
2024-02-11,RUB,1,1
2024-02-11,USD,90.8901,1
2024-02-12,EUR,97.9364,1
2024-02-12,GBP,114.567,1
2024-02-12,RUB,1,1
2024-02-12,USD,90.8901,1
2024-02-13,EUR,98.1512,1
2024-02-13,GBP,115.047,1
2024-02-13,RUB,1,1
2024-02-13,USD,91.0758,1
2024-02-14,EUR,98.1917,1
2024-02-14,GBP,115.056,1
2024-02-14,RUB,1,1
2024-02-14,USD,91.2057,1
2024-02-15,EUR,97.8133,1
2024-02-15,GBP,115.213,1
2024-02-15,RUB,1,1
2024-02-15,USD,91.4316,1
2024-02-16,EUR,98.4099,1
2024-02-16,GBP,115.2296,1
2024-02-16,RUB,1,1
2024-02-16,USD,91.8237,1
2024-02-17,EUR,99.3523,1
2024-02-17,GBP,116.4732,1
2024-02-17,RUB,1,1
2024-02-17,USD,92.5492,1
2024-02-18,EUR,99.3523,1
2024-02-18,GBP,116.4732,1
2024-02-18,RUB,1,1
2024-02-18,USD,92.5492,1
2024-02-19,EUR,99.3523,1
2024-02-19,GBP,116.4732,1
2024-02-19,RUB,1,1
2024-02-19,USD,92.5492,1
2024-02-20,EUR,99.4889,1
2024-02-20,GBP,116.289,1
2024-02-20,RUB,1,1
2024-02-20,USD,92.4102,1
2024-02-21,EUR,99.5589,1
2024-02-21,GBP,116.2397,1
2024-02-21,RUB,1,1
2024-02-21,USD,92.349,1
2024-02-22,EUR,99.8968,1
2024-02-22,GBP,117.0459,1
2024-02-22,RUB,1,1
2024-02-22,USD,92.4387,1
2024-02-23,EUR,100.4425,1
2024-02-23,GBP,116.9787,1
2024-02-23,RUB,1,1
2024-02-23,USD,92.7519,1
2024-02-24,EUR,100.4425,1
2024-02-24,GBP,116.9787,1
2024-02-24,RUB,1,1
2024-02-24,USD,92.7519,1
2024-02-25,EUR,100.4425,1
2024-02-25,GBP,116.9787,1
2024-02-25,RUB,1,1
2024-02-25,USD,92.7519,1
2024-02-26,EUR,100.4425,1
2024-02-26,GBP,116.9787,1
2024-02-26,RUB,1,1
2024-02-26,USD,92.7519,1
2024-02-27,EUR,100.1776,1
2024-02-27,GBP,117.4297,1
2024-02-27,RUB,1,1
2024-02-27,USD,92.6321,1
2024-02-28,EUR,99.9214,1
2024-02-28,GBP,116.7467,1
2024-02-28,RUB,1,1
2024-02-28,USD,92.0425,1
2024-02-29,EUR,99.45,1
2024-02-29,GBP,116.5177,1
2024-02-29,RUB,1,1
2024-02-29,USD,91.8692,1
2024-03-01,EUR,98.5447,1
2024-03-01,GBP,114.9428,1
2024-03-01,RUB,1,1
2024-03-01,USD,90.8423,1
2024-03-02,EUR,98.7225,1
2024-03-02,GBP,115.537,1
2024-03-02,RUB,1,1
2024-03-02,USD,91.3336,1
2024-03-03,EUR,98.7225,1
2024-03-03,GBP,115.537,1
2024-03-03,RUB,1,1
2024-03-03,USD,91.3336,1
2024-03-04,EUR,98.7225,1
2024-03-04,GBP,115.537,1
2024-03-04,RUB,1,1
2024-03-04,USD,91.3336,1
2024-03-05,EUR,99.1061,1
2024-03-05,GBP,115.5803,1
2024-03-05,RUB,1,1
2024-03-05,USD,91.3534,1
2024-03-06,EUR,98.9366,1
2024-03-06,GBP,115.7555,1
2024-03-06,RUB,1,1
2024-03-06,USD,91.1604,1
2024-03-07,EUR,98.2017,1
2024-03-07,GBP,115.0224,1
2024-03-07,RUB,1,1
2024-03-07,USD,90.3412,1
2024-03-08,EUR,98.8767,1
2024-03-08,GBP,115.6418,1
2024-03-08,RUB,1,1
2024-03-08,USD,90.7493,1
2024-03-09,EUR,98.8767,1
2024-03-09,GBP,115.6418,1
2024-03-09,RUB,1,1
2024-03-09,USD,90.7493,1
2024-03-10,EUR,98.8767,1
2024-03-10,GBP,115.6418,1
2024-03-10,RUB,1,1
2024-03-10,USD,90.7493,1
2024-03-11,EUR,98.8767,1
2024-03-11,GBP,115.6418,1
2024-03-11,RUB,1,1
2024-03-11,USD,90.7493,1
2024-03-12,EUR,99.1317,1
2024-03-12,GBP,116.7343,1
2024-03-12,RUB,1,1
2024-03-12,USD,90.6252,1
2024-03-13,EUR,99.3561,1
2024-03-13,GBP,116.3741,1
2024-03-13,RUB,1,1
2024-03-13,USD,90.8818,1
2024-03-14,EUR,100.1869,1
2024-03-14,GBP,117.031,1
2024-03-14,RUB,1,1
2024-03-14,USD,91.5449,1
2024-03-15,EUR,100.2625,1
2024-03-15,GBP,117.2665,1
2024-03-15,RUB,1,1
2024-03-15,USD,91.6359,1
2024-03-16,EUR,99.9718,1
2024-03-16,GBP,117.1067,1
2024-03-16,RUB,1,1
2024-03-16,USD,91.87,1
2024-03-17,EUR,99.9718,1
2024-03-17,GBP,117.1067,1
2024-03-17,RUB,1,1
2024-03-17,USD,91.87,1
2024-03-18,EUR,99.9718,1
2024-03-18,GBP,117.1067,1
2024-03-18,RUB,1,1
2024-03-18,USD,91.87,1
2024-03-19,EUR,100.2432,1
2024-03-19,GBP,117.1862,1
2024-03-19,RUB,1,1
2024-03-19,USD,91.9829,1
2024-03-20,EUR,100.1047,1
2024-03-20,GBP,117.4292,1
2024-03-20,RUB,1,1
2024-03-20,USD,92.2243,1
2024-03-21,EUR,100.6139,1
2024-03-21,GBP,117.8133,1
2024-03-21,RUB,1,1
2024-03-21,USD,92.6861,1
2024-03-22,EUR,100.365,1
2024-03-22,GBP,116.8775,1
2024-03-22,RUB,1,1
2024-03-22,USD,91.9499,1
2024-03-23,EUR,100.217,1
2024-03-23,GBP,117.3206,1
2024-03-23,RUB,1,1
2024-03-23,USD,92.6118,1
2024-03-24,EUR,100.217,1
2024-03-24,GBP,117.3206,1
2024-03-24,RUB,1,1
2024-03-24,USD,92.6118,1
2024-03-25,EUR,100.217,1
2024-03-25,GBP,117.3206,1
2024-03-25,RUB,1,1
2024-03-25,USD,92.6118,1
2024-03-26,EUR,100.3651,1
2024-03-26,GBP,116.9072,1
2024-03-26,RUB,1,1
2024-03-26,USD,92.7761,1
2024-03-27,EUR,100.4121,1
2024-03-27,GBP,117.0605,1
2024-03-27,RUB,1,1
2024-03-27,USD,92.5745,1
2024-03-28,EUR,100.2704,1
2024-03-28,GBP,116.9251,1
2024-03-28,RUB,1,1
2024-03-28,USD,92.5919,1
2024-03-29,EUR,99.7057,1
2024-03-29,GBP,116.5187,1
2024-03-29,RUB,1,1
2024-03-29,USD,92.2628,1
2024-03-30,EUR,99.5299,1
2024-03-30,GBP,116.649,1
2024-03-30,RUB,1,1
2024-03-30,USD,92.366,1
2024-03-31,EUR,99.5299,1
2024-03-31,GBP,116.649,1
2024-03-31,RUB,1,1
2024-03-31,USD,92.366,1
2024-04-01,EUR,99.5299,1
2024-04-01,GBP,116.649,1
2024-04-01,RUB,1,1
2024-04-01,USD,92.366,1
2024-04-02,EUR,99.5661,1
2024-04-02,GBP,116.5548,1
2024-04-02,RUB,1,1
2024-04-02,USD,92.2914,1
2024-04-03,EUR,99.4116,1
2024-04-03,GBP,116.8781,1
2024-04-03,RUB,1,1
2024-04-03,USD,92.5254,1
2024-04-04,EUR,99.4277,1
2024-04-04,GBP,116.1055,1
2024-04-04,RUB,1,1
2024-04-04,USD,92.3892,1
2024-04-05,EUR,100.0668,1
2024-04-05,GBP,116.4807,1
2024-04-05,RUB,1,1
2024-04-05,USD,92.3058,1
2024-04-06,EUR,100.1259,1
2024-04-06,GBP,117.072,1
2024-04-06,RUB,1,1
2024-04-06,USD,92.4155,1
2024-04-07,EUR,100.1259,1
2024-04-07,GBP,117.072,1
2024-04-07,RUB,1,1
2024-04-07,USD,92.4155,1
2024-04-08,EUR,100.1259,1
2024-04-08,GBP,117.072,1
2024-04-08,RUB,1,1
2024-04-08,USD,92.4155,1
2024-04-09,EUR,100.2236,1
2024-04-09,GBP,116.7909,1
2024-04-09,RUB,1,1
2024-04-09,USD,92.581,1
2024-04-10,EUR,100.7473,1
2024-04-10,GBP,117.2962,1
2024-04-10,RUB,1,1
2024-04-10,USD,92.7463,1
2024-04-11,EUR,101.2333,1
2024-04-11,GBP,118.1561,1
2024-04-11,RUB,1,1
2024-04-11,USD,93.2198,1
2024-04-12,EUR,100.6793,1
2024-04-12,GBP,117.768,1
2024-04-12,RUB,1,1
2024-04-12,USD,93.7196,1
2024-04-13,EUR,99.7264,1
2024-04-13,GBP,116.9893,1
2024-04-13,RUB,1,1
2024-04-13,USD,93.4419,1
2024-04-14,EUR,99.7264,1
2024-04-14,GBP,116.9893,1
2024-04-14,RUB,1,1
2024-04-14,USD,93.4419,1
2024-04-15,EUR,99.7264,1
2024-04-15,GBP,116.9893,1
2024-04-15,RUB,1,1
2024-04-15,USD,93.4419,1
2024-04-16,EUR,99.7934,1
2024-04-16,GBP,116.378,1
2024-04-16,RUB,1,1
2024-04-16,USD,93.5891,1
2024-04-17,EUR,99.9341,1
2024-04-17,GBP,117.1318,1
2024-04-17,RUB,1,1
2024-04-17,USD,94.0742,1
2024-04-18,EUR,100.2787,1
2024-04-18,GBP,117.3582,1
2024-04-18,RUB,1,1
2024-04-18,USD,94.3242,1
2024-04-19,EUR,100.5316,1
2024-04-19,GBP,117.1448,1
2024-04-19,RUB,1,1
2024-04-19,USD,94.0922,1
2024-04-20,EUR,99.5797,1
2024-04-20,GBP,116.2779,1
2024-04-20,RUB,1,1
2024-04-20,USD,93.4409,1
2024-04-21,EUR,99.5797,1
2024-04-21,GBP,116.2779,1
2024-04-21,RUB,1,1
2024-04-21,USD,93.4409,1
2024-04-22,EUR,99.5797,1
2024-04-22,GBP,116.2779,1
2024-04-22,RUB,1,1
2024-04-22,USD,93.4409,1
2024-04-23,EUR,99.3648,1
2024-04-23,GBP,115.9494,1
2024-04-23,RUB,1,1
2024-04-23,USD,93.2519,1
2024-04-24,EUR,99.5609,1
2024-04-24,GBP,115.0381,1
2024-04-24,RUB,1,1
2024-04-24,USD,93.2918,1
2024-04-25,EUR,98.9118,1
2024-04-25,GBP,115.0125,1
2024-04-25,RUB,1,1
2024-04-25,USD,92.5058,1
2024-04-26,EUR,98.7079,1
2024-04-26,GBP,114.547,1
2024-04-26,RUB,1,1
2024-04-26,USD,92.1314,1
2024-04-27,EUR,98.7187,1
2024-04-27,GBP,114.9155,1
2024-04-27,RUB,1,1
2024-04-27,USD,92.0134,1
2024-04-28,EUR,98.027,1
2024-04-28,GBP,114.6229,1
2024-04-28,RUB,1,1
2024-04-28,USD,91.7791,1
2024-04-29,EUR,98.027,1
2024-04-29,GBP,114.6229,1
2024-04-29,RUB,1,1
2024-04-29,USD,91.7791,1
2024-04-30,EUR,98.027,1
2024-04-30,GBP,114.6229,1
2024-04-30,RUB,1,1
2024-04-30,USD,91.7791,1
2024-05-01,EUR,98.027,1
2024-05-01,GBP,114.6229,1
2024-05-01,RUB,1,1
2024-05-01,USD,91.7791,1
2024-05-02,EUR,98.027,1
2024-05-02,GBP,114.6229,1
2024-05-02,RUB,1,1
2024-05-02,USD,91.7791,1
2024-05-03,EUR,98.6447,1
2024-05-03,GBP,114.9936,1
2024-05-03,RUB,1,1
2024-05-03,USD,92.0538,1
2024-05-04,EUR,98.5602,1
2024-05-04,GBP,114.4772,1
2024-05-04,RUB,1,1
2024-05-04,USD,91.6918,1
2024-05-05,EUR,98.5602,1
2024-05-05,GBP,114.4772,1
2024-05-05,RUB,1,1
2024-05-05,USD,91.6918,1
2024-05-06,EUR,98.5602,1
2024-05-06,GBP,114.4772,1
2024-05-06,RUB,1,1
2024-05-06,USD,91.6918,1
2024-05-07,EUR,98.473,1
2024-05-07,GBP,114.0035,1
2024-05-07,RUB,1,1
2024-05-07,USD,91.3124,1
2024-05-08,EUR,98.3062,1
2024-05-08,GBP,114.323,1
2024-05-08,RUB,1,1
2024-05-08,USD,91.1231,1
2024-05-09,EUR,98.9461,1
2024-05-09,GBP,115.2757,1
2024-05-09,RUB,1,1
2024-05-09,USD,91.8239,1
2024-05-10,EUR,98.9461,1
2024-05-10,GBP,115.2757,1
2024-05-10,RUB,1,1
2024-05-10,USD,91.8239,1
2024-05-11,EUR,98.9461,1
2024-05-11,GBP,115.2757,1
2024-05-11,RUB,1,1
2024-05-11,USD,91.8239,1
2024-05-12,EUR,98.9461,1
2024-05-12,GBP,115.2757,1
2024-05-12,RUB,1,1
2024-05-12,USD,91.8239,1
2024-05-13,EUR,98.9461,1
2024-05-13,GBP,115.2757,1
2024-05-13,RUB,1,1
2024-05-13,USD,91.8239,1
2024-05-14,EUR,98.8486,1
2024-05-14,GBP,114.6146,1
2024-05-14,RUB,1,1
2024-05-14,USD,91.633,1
2024-05-15,EUR,98.6682,1
2024-05-15,GBP,114.7744,1
2024-05-15,RUB,1,1
2024-05-15,USD,91.3591,1
2024-05-16,EUR,98.8267,1
2024-05-16,GBP,114.8838,1
2024-05-16,RUB,1,1
2024-05-16,USD,91.2573,1
2024-05-17,EUR,98.8978,1
2024-05-17,GBP,115.0096,1
2024-05-17,RUB,1,1
2024-05-17,USD,90.9239,1
2024-05-18,EUR,98.7776,1
2024-05-18,GBP,115.2627,1
2024-05-18,RUB,1,1
2024-05-18,USD,90.9873,1
2024-05-19,EUR,98.7776,1
2024-05-19,GBP,115.2627,1
2024-05-19,RUB,1,1
2024-05-19,USD,90.9873,1
2024-05-20,EUR,98.7776,1
2024-05-20,GBP,115.2627,1
2024-05-20,RUB,1,1
2024-05-20,USD,90.9873,1
2024-05-21,EUR,98.5842,1
2024-05-21,GBP,115.1121,1
2024-05-21,RUB,1,1
2024-05-21,USD,90.6537,1
2024-05-22,EUR,98.2971,1
2024-05-22,GBP,114.8907,1
2024-05-22,RUB,1,1
2024-05-22,USD,90.4082,1
2024-05-23,EUR,97.8989,1
2024-05-23,GBP,114.7471,1
2024-05-23,RUB,1,1
2024-05-23,USD,90.1887,1
2024-05-24,EUR,97.8788,1
2024-05-24,GBP,114.8323,1
2024-05-24,RUB,1,1
2024-05-24,USD,90.2486,1
2024-05-25,EUR,97.0954,1
2024-05-25,GBP,114.0299,1
2024-05-25,RUB,1,1
2024-05-25,USD,89.7026,1
2024-05-26,EUR,97.0954,1
2024-05-26,GBP,114.0299,1
2024-05-26,RUB,1,1
2024-05-26,USD,89.7026,1
2024-05-27,EUR,97.0954,1
2024-05-27,GBP,114.0299,1
2024-05-27,RUB,1,1
2024-05-27,USD,89.7026,1
2024-05-28,EUR,96.3034,1
2024-05-28,GBP,112.7366,1
2024-05-28,RUB,1,1
2024-05-28,USD,88.6852,1
2024-05-29,EUR,96.2383,1
2024-05-29,GBP,112.6517,1
2024-05-29,RUB,1,1
2024-05-29,USD,88.4375,1
2024-05-30,EUR,96.891,1
2024-05-30,GBP,114.0461,1
2024-05-30,RUB,1,1
2024-05-30,USD,89.2589,1
2024-05-31,EUR,97.1347,1
2024-05-31,GBP,114.164,1
2024-05-31,RUB,1,1
2024-05-31,USD,89.7869,1
2024-06-01,EUR,97.7908,1
2024-06-01,GBP,114.895,1
2024-06-01,RUB,1,1
2024-06-01,USD,90.1915,1
2024-06-02,EUR,97.7908,1
2024-06-02,GBP,114.895,1
2024-06-02,RUB,1,1
2024-06-02,USD,90.1915,1
2024-06-03,EUR,97.7908,1
2024-06-03,GBP,114.895,1
2024-06-03,RUB,1,1
2024-06-03,USD,90.1915,1
2024-06-04,EUR,96.8721,1
2024-06-04,GBP,113.7839,1
2024-06-04,RUB,1,1
2024-06-04,USD,89.3755,1
2024-06-05,EUR,96.563,1
2024-06-05,GBP,113.361,1
2024-06-05,RUB,1,1
2024-06-05,USD,88.7574,1
2024-06-06,EUR,96.4443,1
2024-06-06,GBP,113.4143,1
2024-06-06,RUB,1,1
2024-06-06,USD,88.7436,1
2024-06-07,EUR,96.5698,1
2024-06-07,GBP,113.2583,1
2024-06-07,RUB,1,1
2024-06-07,USD,88.7604,1
2024-06-08,EUR,96.6916,1
2024-06-08,GBP,113.3739,1
2024-06-08,RUB,1,1
2024-06-08,USD,88.7606,1
2024-06-09,EUR,96.6916,1
2024-06-09,GBP,113.3739,1
2024-06-09,RUB,1,1
2024-06-09,USD,88.7606,1
2024-06-10,EUR,96.6916,1
2024-06-10,GBP,113.3739,1
2024-06-10,RUB,1,1
2024-06-10,USD,88.7606,1
2024-06-11,EUR,95.6367,1
2024-06-11,GBP,113.2365,1
2024-06-11,RUB,1,1
2024-06-11,USD,88.9944,1
2024-06-12,EUR,95.7391,1
2024-06-12,GBP,113.2085,1
2024-06-12,RUB,1,1
2024-06-12,USD,89.0214,1
2024-06-13,EUR,95.7391,1
2024-06-13,GBP,113.2085,1
2024-06-13,RUB,1,1
2024-06-13,USD,89.0214,1
2024-06-14,EUR,94.8324,1
2024-06-14,GBP,113.2855,1
2024-06-14,RUB,1,1
2024-06-14,USD,88.208,1
2024-06-15,EUR,95.1514,1
2024-06-15,GBP,113.7103,1
2024-06-15,RUB,1,1
2024-06-15,USD,89.0658,1
2024-06-16,EUR,95.1514,1
2024-06-16,GBP,113.7103,1
2024-06-16,RUB,1,1
2024-06-16,USD,89.0658,1
2024-06-17,EUR,95.1514,1
2024-06-17,GBP,113.7103,1
2024-06-17,RUB,1,1
2024-06-17,USD,89.0658,1
2024-06-18,EUR,95.3906,1
2024-06-18,GBP,112.7995,1
2024-06-18,RUB,1,1
2024-06-18,USD,89.0499,1
2024-06-19,EUR,93.2994,1
2024-06-19,GBP,110.3609,1
2024-06-19,RUB,1,1
2024-06-19,USD,87.0354,1
2024-06-20,EUR,89.0914,1
2024-06-20,GBP,104.8552,1
2024-06-20,RUB,1,1
2024-06-20,USD,82.6282,1
2024-06-21,EUR,91.4543,1
2024-06-21,GBP,108.7537,1
2024-06-21,RUB,1,1
2024-06-21,USD,85.4176,1
2024-06-22,EUR,94.2606,1
2024-06-22,GBP,111.5854,1
2024-06-22,RUB,1,1
2024-06-22,USD,87.9595,1
2024-06-23,EUR,94.2606,1
2024-06-23,GBP,111.5854,1
2024-06-23,RUB,1,1
2024-06-23,USD,87.9595,1
2024-06-24,EUR,94.2606,1
2024-06-24,GBP,111.5854,1
2024-06-24,RUB,1,1
2024-06-24,USD,87.9595,1
2024-06-25,EUR,94.0759,1
2024-06-25,GBP,110.3171,1
2024-06-25,RUB,1,1
2024-06-25,USD,87.373,1
2024-06-26,EUR,93.7347,1
2024-06-26,GBP,110.7371,1
2024-06-26,RUB,1,1
2024-06-26,USD,87.277,1
2024-06-27,EUR,94.1131,1
2024-06-27,GBP,111.2683,1
2024-06-27,RUB,1,1
2024-06-27,USD,87.8064,1
2024-06-28,EUR,90.9874,1
2024-06-28,GBP,107.2501,1
2024-06-28,RUB,1,1
2024-06-28,USD,84.964,1
2024-06-29,EUR,92.4184,1
2024-06-29,GBP,108.4798,1
2024-06-29,RUB,1,1
2024-06-29,USD,85.748,1
2024-06-30,EUR,92.4184,1
2024-06-30,GBP,108.4798,1
2024-06-30,RUB,1,1
2024-06-30,USD,85.748,1
2024-07-01,EUR,92.4184,1
2024-07-01,GBP,108.4798,1
2024-07-01,RUB,1,1
2024-07-01,USD,85.748,1
2024-07-02,EUR,93.9582,1
2024-07-02,GBP,110.3611,1
2024-07-02,RUB,1,1
2024-07-02,USD,87.2972,1
2024-07-03,EUR,93.695,1
2024-07-03,GBP,111.2836,1
2024-07-03,RUB,1,1
2024-07-03,USD,87.9921,1
2024-07-04,EUR,94.5829,1
2024-07-04,GBP,111.4862,1
2024-07-04,RUB,1,1
2024-07-04,USD,87.9506,1
2024-07-05,EUR,94.9836,1
2024-07-05,GBP,112.4594,1
2024-07-05,RUB,1,1
2024-07-05,USD,88.1205,1
2024-07-06,EUR,95.57,1
2024-07-06,GBP,112.4776,1
2024-07-06,RUB,1,1
2024-07-06,USD,88.1348,1
2024-07-07,EUR,95.57,1
2024-07-07,GBP,112.4776,1
2024-07-07,RUB,1,1
2024-07-07,USD,88.1348,1
2024-07-08,EUR,95.57,1
2024-07-08,GBP,112.4776,1
2024-07-08,RUB,1,1
2024-07-08,USD,88.1348,1
2024-07-09,EUR,95.6624,1
2024-07-09,GBP,112.8384,1
2024-07-09,RUB,1,1
2024-07-09,USD,88.1688,1
2024-07-10,EUR,95.3447,1
2024-07-10,GBP,112.9344,1
2024-07-10,RUB,1,1
2024-07-10,USD,88.0031,1
2024-07-11,EUR,95.3206,1
2024-07-11,GBP,112.4282,1
2024-07-11,RUB,1,1
2024-07-11,USD,87.8551,1
2024-07-12,EUR,95.6817,1
2024-07-12,GBP,112.8886,1
2024-07-12,RUB,1,1
2024-07-12,USD,87.988,1
2024-07-13,EUR,95.7588,1
2024-07-13,GBP,113.3987,1
2024-07-13,RUB,1,1
2024-07-13,USD,87.7427,1
2024-07-14,EUR,95.7588,1
2024-07-14,GBP,113.3987,1
2024-07-14,RUB,1,1
2024-07-14,USD,87.7427,1
2024-07-15,EUR,95.7588,1
2024-07-15,GBP,113.3987,1
2024-07-15,RUB,1,1
2024-07-15,USD,87.7427,1
2024-07-16,EUR,95.7849,1
2024-07-16,GBP,114.0534,1
2024-07-16,RUB,1,1
2024-07-16,USD,87.8077,1
2024-07-17,EUR,96.2637,1
2024-07-17,GBP,114.6259,1
2024-07-17,RUB,1,1
2024-07-17,USD,88.2824,1
2024-07-18,EUR,96.3046,1
2024-07-18,GBP,114.0553,1
2024-07-18,RUB,1,1
2024-07-18,USD,88.0872,1
2024-07-19,EUR,96.1018,1
2024-07-19,GBP,114.361,1
2024-07-19,RUB,1,1
2024-07-19,USD,87.8754,1
2024-07-20,EUR,96.0371,1
2024-07-20,GBP,114.2331,1
2024-07-20,RUB,1,1
2024-07-20,USD,88.0206,1
2024-07-21,EUR,96.0371,1
2024-07-21,GBP,114.2331,1
2024-07-21,RUB,1,1
2024-07-21,USD,88.0206,1
2024-07-22,EUR,96.0371,1
2024-07-22,GBP,114.2331,1
2024-07-22,RUB,1,1
2024-07-22,USD,88.0206,1
2024-07-23,EUR,95.7591,1
2024-07-23,GBP,113.3861,1
2024-07-23,RUB,1,1
2024-07-23,USD,87.7805,1
2024-07-24,EUR,95.4598,1
2024-07-24,GBP,112.7292,1
2024-07-24,RUB,1,1
2024-07-24,USD,87.299,1
2024-07-25,EUR,94.3758,1
2024-07-25,GBP,111.719,1
2024-07-25,RUB,1,1
2024-07-25,USD,86.5502,1
2024-07-26,EUR,93.1711,1
2024-07-26,GBP,110.3326,1
2024-07-26,RUB,1,1
2024-07-26,USD,85.41,1
2024-07-27,EUR,93.2641,1
2024-07-27,GBP,110.1821,1
2024-07-27,RUB,1,1
2024-07-27,USD,85.565,1
2024-07-28,EUR,93.2641,1
2024-07-28,GBP,110.1821,1
2024-07-28,RUB,1,1
2024-07-28,USD,85.565,1
2024-07-29,EUR,93.2641,1
2024-07-29,GBP,110.1821,1
2024-07-29,RUB,1,1
2024-07-29,USD,85.565,1
2024-07-30,EUR,94.1381,1
2024-07-30,GBP,111.2497,1
2024-07-30,RUB,1,1
2024-07-30,USD,86.5554,1
2024-07-31,EUR,93.2947,1
2024-07-31,GBP,110.9082,1
2024-07-31,RUB,1,1
2024-07-31,USD,86.33,1
2024-08-01,EUR,93.5149,1
2024-08-01,GBP,110.4608,1
2024-08-01,RUB,1,1
2024-08-01,USD,86.1091,1
2024-08-02,EUR,92.8499,1
2024-08-02,GBP,110.1801,1
2024-08-02,RUB,1,1
2024-08-02,USD,85.7833,1
2024-08-03,EUR,92.8291,1
2024-08-03,GBP,109.6391,1
2024-08-03,RUB,1,1
2024-08-03,USD,85.7024,1
2024-08-04,EUR,92.8291,1
2024-08-04,GBP,109.6391,1
2024-08-04,RUB,1,1
2024-08-04,USD,85.7024,1
2024-08-05,EUR,92.8291,1
2024-08-05,GBP,109.6391,1
2024-08-05,RUB,1,1
2024-08-05,USD,85.7024,1
2024-08-06,EUR,93.0409,1
2024-08-06,GBP,108.7918,1
2024-08-06,RUB,1,1
2024-08-06,USD,84.9471,1
2024-08-07,EUR,93.0265,1
2024-08-07,GBP,108.6615,1
2024-08-07,RUB,1,1
2024-08-07,USD,85.1646,1
2024-08-08,EUR,93.8419,1
2024-08-08,GBP,109.2135,1
2024-08-08,RUB,1,1
2024-08-08,USD,85.9543,1
2024-08-09,EUR,94.1333,1
2024-08-09,GBP,110.1156,1
2024-08-09,RUB,1,1
2024-08-09,USD,86.5621,1
2024-08-10,EUR,95.1844,1
2024-08-10,GBP,111.8818,1
2024-08-10,RUB,1,1
2024-08-10,USD,87.992,1
2024-08-11,EUR,95.1844,1
2024-08-11,GBP,111.8818,1
2024-08-11,RUB,1,1
2024-08-11,USD,87.992,1
2024-08-12,EUR,95.1844,1
2024-08-12,GBP,111.8818,1
2024-08-12,RUB,1,1
2024-08-12,USD,87.992,1
2024-08-13,EUR,96.6852,1
2024-08-13,GBP,114.809,1
2024-08-13,RUB,1,1
2024-08-13,USD,89.9475,1
2024-08-14,EUR,100.559,1
2024-08-14,GBP,118.4648,1
2024-08-14,RUB,1,1
2024-08-14,USD,92.6592,1
2024-08-15,EUR,100.3139,1
2024-08-15,GBP,115.4231,1
2024-08-15,RUB,1,1
2024-08-15,USD,90.0055,1
2024-08-16,EUR,98.3232,1
2024-08-16,GBP,114.1561,1
2024-08-16,RUB,1,1
2024-08-16,USD,88.796,1
2024-08-17,EUR,97.839,1
2024-08-17,GBP,114.2711,1
2024-08-17,RUB,1,1
2024-08-17,USD,88.9062,1
2024-08-18,EUR,97.839,1
2024-08-18,GBP,114.2711,1
2024-08-18,RUB,1,1
2024-08-18,USD,88.9062,1
2024-08-19,EUR,97.839,1
2024-08-19,GBP,114.2711,1
2024-08-19,RUB,1,1
2024-08-19,USD,88.9062,1
2024-08-20,EUR,98.9355,1
2024-08-20,GBP,115.4207,1
2024-08-20,RUB,1,1
2024-08-20,USD,89.5428,1
2024-08-21,EUR,100.204,1
2024-08-21,GBP,117.7757,1
2024-08-21,RUB,1,1
2024-08-21,USD,90.6944,1
2024-08-22,EUR,101.9508,1
2024-08-22,GBP,119.4763,1
2024-08-22,RUB,1,1
2024-08-22,USD,91.6862,1
2024-08-23,EUR,101.6207,1
2024-08-23,GBP,119.2314,1
2024-08-23,RUB,1,1
2024-08-23,USD,91.2881,1
2024-08-24,EUR,101.6125,1
2024-08-24,GBP,120.0251,1
2024-08-24,RUB,1,1
2024-08-24,USD,91.6012,1
2024-08-25,EUR,101.6125,1
2024-08-25,GBP,120.0251,1
2024-08-25,RUB,1,1
2024-08-25,USD,91.6012,1
2024-08-26,EUR,101.6125,1
2024-08-26,GBP,120.0251,1
2024-08-26,RUB,1,1
2024-08-26,USD,91.6012,1
2024-08-27,EUR,102.4927,1
2024-08-27,GBP,120.2521,1
2024-08-27,RUB,1,1
2024-08-27,USD,91.7745,1
2024-08-28,EUR,102.2911,1
2024-08-28,GBP,120.6539,1
2024-08-28,RUB,1,1
2024-08-28,USD,91.4807,1
2024-08-29,EUR,102.0798,1
2024-08-29,GBP,121.0273,1
2024-08-29,RUB,1,1
2024-08-29,USD,91.4449,1
2024-08-30,EUR,101.7714,1
2024-08-30,GBP,120.8392,1
2024-08-30,RUB,1,1
2024-08-30,USD,91.4548,1
2024-08-31,EUR,100.7622,1
2024-08-31,GBP,119.9562,1
2024-08-31,RUB,1,1
2024-08-31,USD,91.1868,1
2024-09-01,EUR,100.7622,1
2024-09-01,GBP,119.9562,1
2024-09-01,RUB,1,1
2024-09-01,USD,91.1868,1
2024-09-02,EUR,100.7622,1
2024-09-02,GBP,119.9562,1
2024-09-02,RUB,1,1
2024-09-02,USD,91.1868,1
2024-09-03,EUR,99.2613,1
2024-09-03,GBP,118.2977,1
2024-09-03,RUB,1,1
2024-09-03,USD,90.0013,1
2024-09-04,EUR,97.8121,1
2024-09-04,GBP,116.5422,1
2024-09-04,RUB,1,1
2024-09-04,USD,88.6118,1
2024-09-05,EUR,98.0725,1
2024-09-05,GBP,116.4523,1
2024-09-05,RUB,1,1
2024-09-05,USD,88.9288,1
2024-09-06,EUR,99.1927,1
2024-09-06,GBP,118.06,1
2024-09-06,RUB,1,1
2024-09-06,USD,89.7044,1
2024-09-07,EUR,99.7156,1
2024-09-07,GBP,118.1884,1
2024-09-07,RUB,1,1
2024-09-07,USD,89.8225,1
2024-09-08,EUR,99.7156,1
2024-09-08,GBP,118.1884,1
2024-09-08,RUB,1,1
2024-09-08,USD,89.8225,1
2024-09-09,EUR,99.7156,1
2024-09-09,GBP,118.1884,1
2024-09-09,RUB,1,1
2024-09-09,USD,89.8225,1
2024-09-10,EUR,99.9067,1
2024-09-10,GBP,118.9471,1
2024-09-10,RUB,1,1
2024-09-10,USD,90.3853,1
2024-09-11,EUR,100.4995,1
2024-09-11,GBP,119.1663,1
2024-09-11,RUB,1,1
2024-09-11,USD,91.1127,1
2024-09-12,EUR,100.7421,1
2024-09-12,GBP,119.1651,1
2024-09-12,RUB,1,1
2024-09-12,USD,91.2653,1
2024-09-13,EUR,100.3907,1
2024-09-13,GBP,118.5791,1
2024-09-13,RUB,1,1
2024-09-13,USD,91.1096,1
2024-09-14,EUR,100.7958,1
2024-09-14,GBP,118.9332,1
2024-09-14,RUB,1,1
2024-09-14,USD,90.9345,1
2024-09-15,EUR,100.7958,1
2024-09-15,GBP,118.9332,1
2024-09-15,RUB,1,1
2024-09-15,USD,90.9345,1
2024-09-16,EUR,100.7958,1
2024-09-16,GBP,118.9332,1
2024-09-16,RUB,1,1
2024-09-16,USD,90.9345,1
2024-09-17,EUR,101.2789,1
2024-09-17,GBP,119.8977,1
2024-09-17,RUB,1,1
2024-09-17,USD,91.1423,1
2024-09-18,EUR,101.5057,1
2024-09-18,GBP,120.6865,1
2024-09-18,RUB,1,1
2024-09-18,USD,91.4292,1
2024-09-19,EUR,102.039,1
2024-09-19,GBP,120.896,1
2024-09-19,RUB,1,1
2024-09-19,USD,91.6712,1
2024-09-20,EUR,103.249,1
2024-09-20,GBP,122.4702,1
2024-09-20,RUB,1,1
2024-09-20,USD,92.6962,1
2024-09-21,EUR,103.3773,1
2024-09-21,GBP,122.6749,1
2024-09-21,RUB,1,1
2024-09-21,USD,92.5848,1
2024-09-22,EUR,103.3773,1
2024-09-22,GBP,122.6749,1
2024-09-22,RUB,1,1
2024-09-22,USD,92.5848,1
2024-09-23,EUR,103.3773,1
2024-09-23,GBP,122.6749,1
2024-09-23,RUB,1,1
2024-09-23,USD,92.5848,1
2024-09-24,EUR,103.2191,1
2024-09-24,GBP,123.4071,1
2024-09-24,RUB,1,1
2024-09-24,USD,92.92,1
2024-09-25,EUR,103.41,1
2024-09-25,GBP,123.971,1
2024-09-25,RUB,1,1
2024-09-25,USD,92.8622,1
2024-09-26,EUR,103.4758,1
2024-09-26,GBP,123.7075,1
2024-09-26,RUB,1,1
2024-09-26,USD,92.388,1
2024-09-27,EUR,103.1931,1
2024-09-27,GBP,123.5949,1
2024-09-27,RUB,1,1
2024-09-27,USD,92.4074,1
2024-09-28,EUR,103.4694,1
2024-09-28,GBP,124.1978,1
2024-09-28,RUB,1,1
2024-09-28,USD,92.7126,1
2024-09-29,EUR,103.4694,1
2024-09-29,GBP,124.1978,1
2024-09-29,RUB,1,1
2024-09-29,USD,92.7126,1
2024-09-30,EUR,103.4694,1
2024-09-30,GBP,124.1978,1
2024-09-30,RUB,1,1
2024-09-30,USD,92.7126,1
2024-10-01,EUR,104.1735,1
2024-10-01,GBP,124.9922,1
2024-10-01,RUB,1,1
2024-10-01,USD,93.2221,1
2024-10-02,EUR,103.6502,1
2024-10-02,GBP,125.2212,1
2024-10-02,RUB,1,1
2024-10-02,USD,93.3581,1
2024-10-03,EUR,104.4481,1
2024-10-03,GBP,125.5882,1
2024-10-03,RUB,1,1
2024-10-03,USD,94.5054,1
2024-10-04,EUR,104.8664,1
2024-10-04,GBP,125.9192,1
2024-10-04,RUB,1,1
2024-10-04,USD,95.0262,1
2024-10-05,EUR,104.7424,1
2024-10-05,GBP,124.3556,1
2024-10-05,RUB,1,1
2024-10-05,USD,94.87,1
2024-10-06,EUR,104.7424,1
2024-10-06,GBP,124.3556,1
2024-10-06,RUB,1,1
2024-10-06,USD,94.87,1
2024-10-07,EUR,104.7424,1
2024-10-07,GBP,124.3556,1
2024-10-07,RUB,1,1
2024-10-07,USD,94.87,1
2024-10-08,EUR,105.3069,1
2024-10-08,GBP,125.9699,1
2024-10-08,RUB,1,1
2024-10-08,USD,96.0649,1
2024-10-09,EUR,105.6891,1
2024-10-09,GBP,125.6995,1
2024-10-09,RUB,1,1
2024-10-09,USD,96.1079,1
2024-10-10,EUR,106.4175,1
2024-10-10,GBP,126.9344,1
2024-10-10,RUB,1,1
2024-10-10,USD,96.9483,1
2024-10-11,EUR,106.5074,1
2024-10-11,GBP,127.1113,1
2024-10-11,RUB,1,1
2024-10-11,USD,97.2394,1
2024-10-12,EUR,105.1095,1
2024-10-12,GBP,125.3599,1
2024-10-12,RUB,1,1
2024-10-12,USD,96.0686,1
2024-10-13,EUR,105.1095,1
2024-10-13,GBP,125.3599,1
2024-10-13,RUB,1,1
2024-10-13,USD,96.0686,1
2024-10-14,EUR,105.1095,1
2024-10-14,GBP,125.3599,1
2024-10-14,RUB,1,1
2024-10-14,USD,96.0686,1
2024-10-15,EUR,105.4854,1
2024-10-15,GBP,125.6535,1
2024-10-15,RUB,1,1
2024-10-15,USD,96.1021,1
2024-10-16,EUR,105.6757,1
2024-10-16,GBP,126.6687,1
2024-10-16,RUB,1,1
2024-10-16,USD,97.0121,1
2024-10-17,EUR,106.0844,1
2024-10-17,GBP,127.3481,1
2024-10-17,RUB,1,1
2024-10-17,USD,97.2568,1
2024-10-18,EUR,105.756,1
2024-10-18,GBP,126.3811,1
2024-10-18,RUB,1,1
2024-10-18,USD,97.149,1
2024-10-19,EUR,104.8565,1
2024-10-19,GBP,125.3134,1
2024-10-19,RUB,1,1
2024-10-19,USD,96.4172,1
2024-10-20,EUR,104.8565,1
2024-10-20,GBP,125.3134,1
2024-10-20,RUB,1,1
2024-10-20,USD,96.4172,1
2024-10-21,EUR,104.8565,1
2024-10-21,GBP,125.3134,1
2024-10-21,RUB,1,1
2024-10-21,USD,96.4172,1
2024-10-22,EUR,104.4016,1
2024-10-22,GBP,125.2661,1
2024-10-22,RUB,1,1
2024-10-22,USD,96.0924,1
2024-10-23,EUR,104.866,1
2024-10-23,GBP,125.5887,1
2024-10-23,RUB,1,1
2024-10-23,USD,96.5918,1
2024-10-24,EUR,104.3815,1
2024-10-24,GBP,125.3877,1
2024-10-24,RUB,1,1
2024-10-24,USD,96.6379,1
2024-10-25,EUR,104.5139,1
2024-10-25,GBP,125.2592,1
2024-10-25,RUB,1,1
2024-10-25,USD,96.7402,1
2024-10-26,EUR,104.8094,1
2024-10-26,GBP,125.2884,1
2024-10-26,RUB,1,1
2024-10-26,USD,96.6657,1
2024-10-27,EUR,104.8094,1
2024-10-27,GBP,125.2884,1
2024-10-27,RUB,1,1
2024-10-27,USD,96.6657,1
2024-10-28,EUR,104.8094,1
2024-10-28,GBP,125.2884,1
2024-10-28,RUB,1,1
2024-10-28,USD,96.6657,1
2024-10-29,EUR,105.2229,1
2024-10-29,GBP,126.3115,1
2024-10-29,RUB,1,1
2024-10-29,USD,97.23,1
2024-10-30,EUR,105.4375,1
2024-10-30,GBP,126.485,1
2024-10-30,RUB,1,1
2024-10-30,USD,97.3261,1
2024-10-31,EUR,105.2211,1
2024-10-31,GBP,126.1301,1
2024-10-31,RUB,1,1
2024-10-31,USD,97.053,1
2024-11-01,EUR,105.5231,1
2024-11-01,GBP,126.0906,1
2024-11-01,RUB,1,1
2024-11-01,USD,97.0226,1
2024-11-02,EUR,105.8415,1
2024-11-02,GBP,125.2691,1
2024-11-02,RUB,1,1
2024-11-02,USD,97.4402,1
2024-11-03,EUR,106.1426,1
2024-11-03,GBP,125.4102,1
2024-11-03,RUB,1,1
2024-11-03,USD,97.5499,1
2024-11-04,EUR,106.1426,1
2024-11-04,GBP,125.4102,1
2024-11-04,RUB,1,1
2024-11-04,USD,97.5499,1
2024-11-05,EUR,106.1426,1
2024-11-05,GBP,125.4102,1
2024-11-05,RUB,1,1
2024-11-05,USD,97.5499,1
2024-11-06,EUR,106.8883,1
2024-11-06,GBP,127.2868,1
2024-11-06,RUB,1,1
2024-11-06,USD,98.0562,1
2024-11-07,EUR,105.7086,1
2024-11-07,GBP,127.7103,1
2024-11-07,RUB,1,1
2024-11-07,USD,98.2236,1
2024-11-08,EUR,105.5679,1
2024-11-08,GBP,126.4156,1
2024-11-08,RUB,1,1
2024-11-08,USD,98.0726,1
2024-11-09,EUR,105.451,1
2024-11-09,GBP,127.1444,1
2024-11-09,RUB,1,1
2024-11-09,USD,97.8335,1
2024-11-10,EUR,105.451,1
2024-11-10,GBP,127.1444,1
2024-11-10,RUB,1,1
2024-11-10,USD,97.8335,1
2024-11-11,EUR,105.451,1
2024-11-11,GBP,127.1444,1
2024-11-11,RUB,1,1
2024-11-11,USD,97.8335,1
2024-11-12,EUR,104.8522,1
2024-11-12,GBP,126.744,1
2024-11-12,RUB,1,1
2024-11-12,USD,97.955,1
2024-11-13,EUR,104.2533,1
2024-11-13,GBP,126.0692,1
2024-11-13,RUB,1,1
2024-11-13,USD,97.9559,1
2024-11-14,EUR,104.2901,1
2024-11-14,GBP,125.554,1
2024-11-14,RUB,1,1
2024-11-14,USD,98.3657,1
2024-11-15,EUR,104.5016,1
2024-11-15,GBP,125.9905,1
2024-11-15,RUB,1,1
2024-11-15,USD,99.018,1
2024-11-16,EUR,105.7072,1
2024-11-16,GBP,127.0763,1
2024-11-16,RUB,1,1
2024-11-16,USD,99.9971,1
2024-11-17,EUR,105.7072,1
2024-11-17,GBP,127.0763,1
2024-11-17,RUB,1,1
2024-11-17,USD,99.9971,1
2024-11-18,EUR,105.7072,1
2024-11-18,GBP,127.0763,1
2024-11-18,RUB,1,1
2024-11-18,USD,99.9971,1
2024-11-19,EUR,105.4606,1
2024-11-19,GBP,126.218,1
2024-11-19,RUB,1,1
2024-11-19,USD,99.943,1
2024-11-20,EUR,105.7338,1
2024-11-20,GBP,126.444,1
2024-11-20,RUB,1,1
2024-11-20,USD,100.0348,1
2024-11-21,EUR,105.809,1
2024-11-21,GBP,126.9276,1
2024-11-21,RUB,1,1
2024-11-21,USD,100.2192,1
2024-11-22,EUR,106.0762,1
2024-11-22,GBP,127.3902,1
2024-11-22,RUB,1,1
2024-11-22,USD,100.6798,1
2024-11-23,EUR,107.4252,1
2024-11-23,GBP,129.4305,1
2024-11-23,RUB,1,1
2024-11-23,USD,102.5761,1
2024-11-24,EUR,107.4252,1
2024-11-24,GBP,129.4305,1
2024-11-24,RUB,1,1
2024-11-24,USD,102.5761,1
2024-11-25,EUR,107.4252,1
2024-11-25,GBP,129.4305,1
2024-11-25,RUB,1,1
2024-11-25,USD,102.5761,1
2024-11-26,EUR,108.8705,1
2024-11-26,GBP,130.0187,1
2024-11-26,RUB,1,1
2024-11-26,USD,103.7908,1
2024-11-27,EUR,110.4943,1
2024-11-27,GBP,131.8613,1
2024-11-27,RUB,1,1
2024-11-27,USD,105.0604,1
2024-11-28,EUR,113.0947,1
2024-11-28,GBP,135.6935,1
2024-11-28,RUB,1,1
2024-11-28,USD,108.0104,1
2024-11-29,EUR,116.141,1
2024-11-29,GBP,138.9123,1
2024-11-29,RUB,1,1
2024-11-29,USD,109.5782,1
2024-11-30,EUR,114.3149,1
2024-11-30,GBP,136.637,1
2024-11-30,RUB,1,1
2024-11-30,USD,107.7409,1
2024-12-01,EUR,114.3149,1
2024-12-01,GBP,136.637,1
2024-12-01,RUB,1,1
2024-12-01,USD,107.7409,1
2024-12-02,EUR,114.3149,1
2024-12-02,GBP,136.637,1
2024-12-02,RUB,1,1
2024-12-02,USD,107.7409,1
2024-12-03,EUR,112.8019,1
2024-12-03,GBP,136.199,1
2024-12-03,RUB,1,1
2024-12-03,USD,107.1758,1
2024-12-04,EUR,112.02,1
2024-12-04,GBP,134.1046,1
2024-12-04,RUB,1,1
2024-12-04,USD,106.1878,1
2024-12-05,EUR,110.2041,1
2024-12-05,GBP,131.9837,1
2024-12-05,RUB,1,1
2024-12-05,USD,104.2361,1
2024-12-06,EUR,109.7802,1
2024-12-06,GBP,131.38,1
2024-12-06,RUB,1,1
2024-12-06,USD,103.3837,1
2024-12-07,EUR,106.304,1
2024-12-07,GBP,126.832,1
2024-12-07,RUB,1,1
2024-12-07,USD,99.4215,1
2024-12-08,EUR,106.304,1
2024-12-08,GBP,126.832,1
2024-12-08,RUB,1,1
2024-12-08,USD,99.4215,1
2024-12-09,EUR,106.304,1
2024-12-09,GBP,126.832,1
2024-12-09,RUB,1,1
2024-12-09,USD,99.4215,1
2024-12-10,EUR,105.0996,1
2024-12-10,GBP,126.6347,1
2024-12-10,RUB,1,1
2024-12-10,USD,99.3759,1
2024-12-11,EUR,106.2024,1
2024-12-11,GBP,128.0015,1
2024-12-11,RUB,1,1
2024-12-11,USD,100.0324,1
2024-12-12,EUR,108.5588,1
2024-12-12,GBP,131.5462,1
2024-12-12,RUB,1,1
2024-12-12,USD,103.2707,1
2024-12-13,EUR,110.4804,1
2024-12-13,GBP,132.4739,1
2024-12-13,RUB,1,1
2024-12-13,USD,103.95,1
2024-12-14,EUR,109.0126,1
2024-12-14,GBP,131.2533,1
2024-12-14,RUB,1,1
2024-12-14,USD,103.4305,1
2024-12-15,EUR,109.0126,1
2024-12-15,GBP,131.2533,1
2024-12-15,RUB,1,1
2024-12-15,USD,103.4305,1
2024-12-16,EUR,109.0126,1
2024-12-16,GBP,131.2533,1
2024-12-16,RUB,1,1
2024-12-16,USD,103.4305,1
2024-12-17,EUR,108.7016,1
2024-12-17,GBP,129.8138,1
2024-12-17,RUB,1,1
2024-12-17,USD,102.9125,1
2024-12-18,EUR,108.3444,1
2024-12-18,GBP,130.7146,1
2024-12-18,RUB,1,1
2024-12-18,USD,102.9979,1
2024-12-19,EUR,108.5083,1
2024-12-19,GBP,130.639,1
2024-12-19,RUB,1,1
2024-12-19,USD,102.7763,1
2024-12-20,EUR,107.9576,1
2024-12-20,GBP,131.2719,1
2024-12-20,RUB,1,1
2024-12-20,USD,103.4207,1
2024-12-21,EUR,106.5444,1
2024-12-21,GBP,128.4517,1
2024-12-21,RUB,1,1
2024-12-21,USD,102.3438,1
2024-12-22,EUR,106.5444,1
2024-12-22,GBP,128.4517,1
2024-12-22,RUB,1,1
2024-12-22,USD,102.3438,1
2024-12-23,EUR,106.5444,1
2024-12-23,GBP,128.4517,1
2024-12-23,RUB,1,1
2024-12-23,USD,102.3438,1
2024-12-24,EUR,105.2512,1
2024-12-24,GBP,127.4345,1
2024-12-24,RUB,1,1
2024-12-24,USD,101.6143,1
2024-12-25,EUR,104.231,1
2024-12-25,GBP,125.0309,1
2024-12-25,RUB,1,1
2024-12-25,USD,99.8729,1
2024-12-26,EUR,103.9416,1
2024-12-26,GBP,124.7049,1
2024-12-26,RUB,1,1
2024-12-26,USD,99.6125,1
2024-12-27,EUR,103.2997,1
2024-12-27,GBP,124.2254,1
2024-12-27,RUB,1,1
2024-12-27,USD,99.2295,1
2024-12-28,EUR,105.9522,1
2024-12-28,GBP,126.0522,1
2024-12-28,RUB,1,1
2024-12-28,USD,100.5281,1
2024-12-29,EUR,106.1028,1
2024-12-29,GBP,127.4962,1
2024-12-29,RUB,1,1
2024-12-29,USD,101.6797,1
2024-12-30,EUR,106.1028,1
2024-12-30,GBP,127.4962,1
2024-12-30,RUB,1,1
2024-12-30,USD,101.6797,1
2024-12-31,EUR,106.1028,1
2024-12-31,GBP,127.4962,1
2024-12-31,RUB,1,1
2024-12-31,USD,101.6797,1
2025-01-01,EUR,106.1028,1
2025-01-01,GBP,127.4962,1
2025-01-01,RUB,1,1
2025-01-01,USD,101.6797,1
2025-01-02,EUR,106.1028,1
2025-01-02,GBP,127.4962,1
2025-01-02,RUB,1,1
2025-01-02,USD,101.6797,1
2025-01-03,EUR,106.1028,1
2025-01-03,GBP,127.4962,1
2025-01-03,RUB,1,1
2025-01-03,USD,101.6797,1
2025-01-04,EUR,106.1028,1
2025-01-04,GBP,127.4962,1
2025-01-04,RUB,1,1
2025-01-04,USD,101.6797,1
2025-01-05,EUR,106.1028,1
2025-01-05,GBP,127.4962,1
2025-01-05,RUB,1,1
2025-01-05,USD,101.6797,1
2025-01-06,EUR,106.1028,1
2025-01-06,GBP,127.4962,1
2025-01-06,RUB,1,1
2025-01-06,USD,101.6797,1
2025-01-07,EUR,106.1028,1
2025-01-07,GBP,127.4962,1
2025-01-07,RUB,1,1
2025-01-07,USD,101.6797,1
2025-01-08,EUR,106.1028,1
2025-01-08,GBP,127.4962,1
2025-01-08,RUB,1,1
2025-01-08,USD,101.6797,1
2025-01-09,EUR,106.1028,1
2025-01-09,GBP,127.4962,1
2025-01-09,RUB,1,1
2025-01-09,USD,101.6797,1
2025-01-10,EUR,105.0893,1
2025-01-10,GBP,126.2477,1
2025-01-10,RUB,1,1
2025-01-10,USD,102.2911,1
2025-01-11,EUR,105.0464,1
2025-01-11,GBP,125.3855,1
2025-01-11,RUB,1,1
2025-01-11,USD,101.9146,1
2025-01-12,EUR,105.0464,1
2025-01-12,GBP,125.3855,1
2025-01-12,RUB,1,1
2025-01-12,USD,101.9146,1
2025-01-13,EUR,105.0464,1
2025-01-13,GBP,125.3855,1
2025-01-13,RUB,1,1
2025-01-13,USD,101.9146,1
2025-01-14,EUR,104.8556,1
2025-01-14,GBP,125.612,1
2025-01-14,RUB,1,1
2025-01-14,USD,102.7081,1
2025-01-15,EUR,106.2493,1
2025-01-15,GBP,125.6979,1
2025-01-15,RUB,1,1
2025-01-15,USD,103.438,1
2025-01-16,EUR,106.0971,1
2025-01-16,GBP,125.4358,1
2025-01-16,RUB,1,1
2025-01-16,USD,102.8078,1
2025-01-17,EUR,105.8072,1
2025-01-17,GBP,125.4927,1
2025-01-17,RUB,1,1
2025-01-17,USD,102.3762,1
2025-01-18,EUR,104.8609,1
2025-01-18,GBP,125.3032,1
2025-01-18,RUB,1,1
2025-01-18,USD,102.4137,1
2025-01-19,EUR,104.8609,1
2025-01-19,GBP,125.3032,1
2025-01-19,RUB,1,1
2025-01-19,USD,102.4137,1
2025-01-20,EUR,104.8609,1
2025-01-20,GBP,125.3032,1
2025-01-20,RUB,1,1
2025-01-20,USD,102.4137,1
2025-01-21,EUR,105.0457,1
2025-01-21,GBP,124.3682,1
2025-01-21,RUB,1,1
2025-01-21,USD,101.9579,1
2025-01-22,EUR,103.2856,1
2025-01-22,GBP,122.8417,1
2025-01-22,RUB,1,1
2025-01-22,USD,99.9282,1
2025-01-23,EUR,103.2419,1
2025-01-23,GBP,120.8751,1
2025-01-23,RUB,1,1
2025-01-23,USD,98.2804,1
2025-01-24,EUR,103.6612,1
2025-01-24,GBP,122.0687,1
2025-01-24,RUB,1,1
2025-01-24,USD,99.0978,1
2025-01-25,EUR,103.187,1
2025-01-25,GBP,121.1001,1
2025-01-25,RUB,1,1
2025-01-25,USD,98.2636,1
2025-01-26,EUR,103.187,1
2025-01-26,GBP,121.1001,1
2025-01-26,RUB,1,1
2025-01-26,USD,98.2636,1
2025-01-27,EUR,103.187,1
2025-01-27,GBP,121.1001,1
2025-01-27,RUB,1,1
2025-01-27,USD,98.2636,1
2025-01-28,EUR,102.746,1
2025-01-28,GBP,121.2596,1
2025-01-28,RUB,1,1
2025-01-28,USD,97.132,1
2025-01-29,EUR,101.5957,1
2025-01-29,GBP,122.1927,1
2025-01-29,RUB,1,1
2025-01-29,USD,97.9658,1
2025-01-30,EUR,102.4041,1
2025-01-30,GBP,121.8493,1
2025-01-30,RUB,1,1
2025-01-30,USD,98.0126,1
2025-01-31,EUR,102.7782,1
2025-01-31,GBP,121.8609,1
2025-01-31,RUB,1,1
2025-01-31,USD,98.0062,1
2025-02-01,EUR,102.1301,1
2025-02-01,GBP,121.9406,1
2025-02-01,RUB,1,1
2025-02-01,USD,97.8107,1
2025-02-02,EUR,102.1301,1
2025-02-02,GBP,121.9406,1
2025-02-02,RUB,1,1
2025-02-02,USD,97.8107,1
2025-02-03,EUR,102.1301,1
2025-02-03,GBP,121.9406,1
2025-02-03,RUB,1,1
2025-02-03,USD,97.8107,1
2025-02-04,EUR,102.491,1
2025-02-04,GBP,124.1895,1
2025-02-04,RUB,1,1
2025-02-04,USD,99.9433,1
2025-02-05,EUR,102.6852,1
2025-02-05,GBP,122.2999,1
2025-02-05,RUB,1,1
2025-02-05,USD,98.5336,1
2025-02-06,EUR,102.9215,1
2025-02-06,GBP,122.344,1
2025-02-06,RUB,1,1
2025-02-06,USD,98.0556,1
2025-02-07,EUR,100.6751,1
2025-02-07,GBP,121.3124,1
2025-02-07,RUB,1,1
2025-02-07,USD,96.9104,1
2025-02-08,EUR,101.2243,1
2025-02-08,GBP,120.7587,1
2025-02-08,RUB,1,1
2025-02-08,USD,97.2762,1
2025-02-09,EUR,101.2243,1
2025-02-09,GBP,120.7587,1
2025-02-09,RUB,1,1
2025-02-09,USD,97.2762,1
2025-02-10,EUR,101.2243,1
2025-02-10,GBP,120.7587,1
2025-02-10,RUB,1,1
2025-02-10,USD,97.2762,1
2025-02-11,EUR,100.4991,1
2025-02-11,GBP,120.2421,1
2025-02-11,RUB,1,1
2025-02-11,USD,96.7821,1
2025-02-12,EUR,99.1953,1
2025-02-12,GBP,118.6992,1
2025-02-12,RUB,1,1
2025-02-12,USD,95.8024,1
2025-02-13,EUR,98.0119,1
2025-02-13,GBP,116.6766,1
2025-02-13,RUB,1,1
2025-02-13,USD,94.0485,1
2025-02-14,EUR,94.9221,1
2025-02-14,GBP,113.1883,1
2025-02-14,RUB,1,1
2025-02-14,USD,91.0313,1
2025-02-15,EUR,94.8876,1
2025-02-15,GBP,113.0951,1
2025-02-15,RUB,1,1
2025-02-15,USD,90.3099,1
2025-02-16,EUR,94.8876,1
2025-02-16,GBP,113.0951,1
2025-02-16,RUB,1,1
2025-02-16,USD,90.3099,1
2025-02-17,EUR,94.8876,1
2025-02-17,GBP,113.0951,1
2025-02-17,RUB,1,1
2025-02-17,USD,90.3099,1
2025-02-18,EUR,95.8048,1
2025-02-18,GBP,115.3723,1
2025-02-18,RUB,1,1
2025-02-18,USD,91.4347,1
2025-02-19,EUR,95.6693,1
2025-02-19,GBP,115.1521,1
2025-02-19,RUB,1,1
2025-02-19,USD,91.3398,1
2025-02-20,EUR,94.0834,1
2025-02-20,GBP,114.0734,1
2025-02-20,RUB,1,1
2025-02-20,USD,90.4268,1
2025-02-21,EUR,92.4831,1
2025-02-21,GBP,111.4345,1
2025-02-21,RUB,1,1
2025-02-21,USD,88.5103,1
2025-02-22,EUR,92.0152,1
2025-02-22,GBP,111.4527,1
2025-02-22,RUB,1,1
2025-02-22,USD,88.1676,1
2025-02-23,EUR,92.0152,1
2025-02-23,GBP,111.4527,1
2025-02-23,RUB,1,1
2025-02-23,USD,88.1676,1
2025-02-24,EUR,92.0152,1
2025-02-24,GBP,111.4527,1
2025-02-24,RUB,1,1
2025-02-24,USD,88.1676,1
2025-02-25,EUR,92.5162,1
2025-02-25,GBP,111.4754,1
2025-02-25,RUB,1,1
2025-02-25,USD,88.2065,1
2025-02-26,EUR,90.9403,1
2025-02-26,GBP,109.338,1
2025-02-26,RUB,1,1
2025-02-26,USD,86.6318,1
2025-02-27,EUR,90.1826,1
2025-02-27,GBP,108.7418,1
2025-02-27,RUB,1,1
2025-02-27,USD,85.9279,1
2025-02-28,EUR,92.0362,1
2025-02-28,GBP,111.331,1
2025-02-28,RUB,1,1
2025-02-28,USD,87.6967,1
2025-03-01,EUR,91.5655,1
2025-03-01,GBP,111.4507,1
2025-03-01,RUB,1,1
2025-03-01,USD,88.2568,1
2025-03-02,EUR,91.5655,1
2025-03-02,GBP,111.4507,1
2025-03-02,RUB,1,1
2025-03-02,USD,88.2568,1
2025-03-03,EUR,91.5655,1
2025-03-03,GBP,111.4507,1
2025-03-03,RUB,1,1
2025-03-03,USD,88.2568,1
2025-03-04,EUR,92.853,1
2025-03-04,GBP,112.3832,1
2025-03-04,RUB,1,1
2025-03-04,USD,89.2497,1
2025-03-05,EUR,93.9034,1
2025-03-05,GBP,113.332,1
2025-03-05,RUB,1,1
2025-03-05,USD,89.2448,1
2025-03-06,EUR,95.7035,1
2025-03-06,GBP,114.1742,1
2025-03-06,RUB,1,1
2025-03-06,USD,89.7878,1
2025-03-07,EUR,96.5975,1
2025-03-07,GBP,115.2618,1
2025-03-07,RUB,1,1
2025-03-07,USD,89.5724,1
2025-03-08,EUR,96.8609,1
2025-03-08,GBP,114.9055,1
2025-03-08,RUB,1,1
2025-03-08,USD,89.1362,1
2025-03-09,EUR,96.8609,1
2025-03-09,GBP,114.9055,1
2025-03-09,RUB,1,1
2025-03-09,USD,89.1362,1
2025-03-10,EUR,96.8609,1
2025-03-10,GBP,114.9055,1
2025-03-10,RUB,1,1
2025-03-10,USD,89.1362,1
2025-03-11,EUR,95.4443,1
2025-03-11,GBP,114.2316,1
2025-03-11,RUB,1,1
2025-03-11,USD,88.3872,1
2025-03-12,EUR,93.6639,1
2025-03-12,GBP,111.7059,1
2025-03-12,RUB,1,1
2025-03-12,USD,86.5669,1
2025-03-13,EUR,93.971,1
2025-03-13,GBP,112.1388,1
2025-03-13,RUB,1,1
2025-03-13,USD,86.6204,1
2025-03-14,EUR,94.2559,1
2025-03-14,GBP,112.3275,1
2025-03-14,RUB,1,1
2025-03-14,USD,86.619,1
2025-03-15,EUR,93.6087,1
2025-03-15,GBP,110.7525,1
2025-03-15,RUB,1,1
2025-03-15,USD,85.5694,1
2025-03-16,EUR,93.6087,1
2025-03-16,GBP,110.7525,1
2025-03-16,RUB,1,1
2025-03-16,USD,85.5694,1
2025-03-17,EUR,93.6087,1
2025-03-17,GBP,110.7525,1
2025-03-17,RUB,1,1
2025-03-17,USD,85.5694,1
2025-03-18,EUR,90.8443,1
2025-03-18,GBP,108.8811,1
2025-03-18,RUB,1,1
2025-03-18,USD,84.3059,1
2025-03-19,EUR,87.5697,1
2025-03-19,GBP,105.8301,1
2025-03-19,RUB,1,1
2025-03-19,USD,81.5018,1
2025-03-20,EUR,90.8257,1
2025-03-20,GBP,107.579,1
2025-03-20,RUB,1,1
2025-03-20,USD,82.8487,1
2025-03-21,EUR,92.4633,1
2025-03-21,GBP,109.4356,1
2025-03-21,RUB,1,1
2025-03-21,USD,84.3955,1
2025-03-22,EUR,91.4262,1
2025-03-22,GBP,109.795,1
2025-03-22,RUB,1,1
2025-03-22,USD,84.64,1
2025-03-23,EUR,91.4262,1
2025-03-23,GBP,109.795,1
2025-03-23,RUB,1,1
2025-03-23,USD,84.64,1
2025-03-24,EUR,91.4262,1
2025-03-24,GBP,109.795,1
2025-03-24,RUB,1,1
2025-03-24,USD,84.64,1
2025-03-25,EUR,91.5252,1
2025-03-25,GBP,108.1384,1
2025-03-25,RUB,1,1
2025-03-25,USD,83.8737,1
2025-03-26,EUR,92.3409,1
2025-03-26,GBP,108.7016,1
2025-03-26,RUB,1,1
2025-03-26,USD,84.193,1
2025-03-27,EUR,92.0029,1
2025-03-27,GBP,109.0306,1
2025-03-27,RUB,1,1
2025-03-27,USD,84.2065,1
2025-03-28,EUR,90.5441,1
2025-03-28,GBP,108.0378,1
2025-03-28,RUB,1,1
2025-03-28,USD,83.8347,1
2025-03-29,EUR,89.6553,1
2025-03-29,GBP,108.4761,1
2025-03-29,RUB,1,1
2025-03-29,USD,83.6813,1
2025-03-30,EUR,89.6553,1
2025-03-30,GBP,108.4761,1
2025-03-30,RUB,1,1
2025-03-30,USD,83.6813,1
2025-03-31,EUR,89.6553,1
2025-03-31,GBP,108.4761,1
2025-03-31,RUB,1,1
2025-03-31,USD,83.6813,1
2025-04-01,EUR,92.4276,1
2025-04-01,GBP,110.6408,1
2025-04-01,RUB,1,1
2025-04-01,USD,85.4963,1
2025-04-02,EUR,91.9643,1
2025-04-02,GBP,109.5681,1
2025-04-02,RUB,1,1
2025-04-02,USD,84.8707,1
2025-04-03,EUR,91.2044,1
2025-04-03,GBP,109.2668,1
2025-04-03,RUB,1,1
2025-04-03,USD,84.5522,1
2025-04-04,EUR,93.1608,1
2025-04-04,GBP,109.411,1
2025-04-04,RUB,1,1
2025-04-04,USD,84.383,1
2025-04-05,EUR,92.9855,1
2025-04-05,GBP,110.9765,1
2025-04-05,RUB,1,1
2025-04-05,USD,84.2774,1
2025-04-06,EUR,92.9855,1
2025-04-06,GBP,110.9765,1
2025-04-06,RUB,1,1
2025-04-06,USD,84.2774,1
2025-04-07,EUR,92.9855,1
2025-04-07,GBP,110.9765,1
2025-04-07,RUB,1,1
2025-04-07,USD,84.2774,1
2025-04-08,EUR,94.7742,1
2025-04-08,GBP,111.5287,1
2025-04-08,RUB,1,1
2025-04-08,USD,86.1891,1
2025-04-09,EUR,93.7755,1
2025-04-09,GBP,109.0095,1
2025-04-09,RUB,1,1
2025-04-09,USD,85.4641,1
2025-04-10,EUR,95.091,1
2025-04-10,GBP,109.8279,1
2025-04-10,RUB,1,1
2025-04-10,USD,86.0923,1
2025-04-11,EUR,94.6036,1
2025-04-11,GBP,108.4548,1
2025-04-11,RUB,1,1
2025-04-11,USD,85.0159,1
2025-04-12,EUR,96.2163,1
2025-04-12,GBP,108.8692,1
2025-04-12,RUB,1,1
2025-04-12,USD,84.004,1
2025-04-13,EUR,96.2163,1
2025-04-13,GBP,108.8692,1
2025-04-13,RUB,1,1
2025-04-13,USD,84.004,1
2025-04-14,EUR,96.2163,1
2025-04-14,GBP,108.8692,1
2025-04-14,RUB,1,1
2025-04-14,USD,84.004,1
2025-04-15,EUR,94.1635,1
2025-04-15,GBP,108.0856,1
2025-04-15,RUB,1,1
2025-04-15,USD,82.7671,1
2025-04-16,EUR,93.6844,1
2025-04-16,GBP,108.5294,1
2025-04-16,RUB,1,1
2025-04-16,USD,82.3003,1
2025-04-17,EUR,93.3356,1
2025-04-17,GBP,109.3894,1
2025-04-17,RUB,1,1
2025-04-17,USD,82.5892,1
2025-04-18,EUR,93.2513,1
2025-04-18,GBP,108.7339,1
2025-04-18,RUB,1,1
2025-04-18,USD,82.02,1
2025-04-19,EUR,92.2232,1
2025-04-19,GBP,107.5635,1
2025-04-19,RUB,1,1
2025-04-19,USD,81.1371,1
2025-04-20,EUR,92.2232,1
2025-04-20,GBP,107.5635,1
2025-04-20,RUB,1,1
2025-04-20,USD,81.1371,1
2025-04-21,EUR,92.2232,1
2025-04-21,GBP,107.5635,1
2025-04-21,RUB,1,1
2025-04-21,USD,81.1371,1
2025-04-22,EUR,93.6714,1
2025-04-22,GBP,107.0631,1
2025-04-22,RUB,1,1
2025-04-22,USD,80.7597,1
2025-04-23,EUR,94.04,1
2025-04-23,GBP,107.7987,1
2025-04-23,RUB,1,1
2025-04-23,USD,81.462,1
2025-04-24,EUR,94.5723,1
2025-04-24,GBP,110.1944,1
2025-04-24,RUB,1,1
2025-04-24,USD,82.3637,1
2025-04-25,EUR,94.7129,1
2025-04-25,GBP,109.9912,1
2025-04-25,RUB,1,1
2025-04-25,USD,82.8559,1
2025-04-26,EUR,94.3593,1
2025-04-26,GBP,110.055,1
2025-04-26,RUB,1,1
2025-04-26,USD,82.6549,1
2025-04-27,EUR,94.3593,1
2025-04-27,GBP,110.055,1
2025-04-27,RUB,1,1
2025-04-27,USD,82.6549,1
2025-04-28,EUR,94.3593,1
2025-04-28,GBP,110.055,1
2025-04-28,RUB,1,1
2025-04-28,USD,82.6549,1
2025-04-29,EUR,93.1801,1
2025-04-29,GBP,109.8614,1
2025-04-29,RUB,1,1
2025-04-29,USD,82.5467,1
2025-04-30,EUR,93.173,1
2025-04-30,GBP,109.2355,1
2025-04-30,RUB,1,1
2025-04-30,USD,81.5616,1
2025-05-01,EUR,92.837,1
2025-05-01,GBP,109.1114,1
2025-05-01,RUB,1,1
2025-05-01,USD,81.4933,1
2025-05-02,EUR,92.837,1
2025-05-02,GBP,109.1114,1
2025-05-02,RUB,1,1
2025-05-02,USD,81.4933,1
2025-05-03,EUR,92.837,1
2025-05-03,GBP,109.1114,1
2025-05-03,RUB,1,1
2025-05-03,USD,81.4933,1
2025-05-04,EUR,92.837,1
2025-05-04,GBP,109.1114,1
2025-05-04,RUB,1,1
2025-05-04,USD,81.4933,1
2025-05-05,EUR,92.837,1
2025-05-05,GBP,109.1114,1
2025-05-05,RUB,1,1
2025-05-05,USD,81.4933,1
2025-05-06,EUR,92.9082,1
2025-05-06,GBP,108.9125,1
2025-05-06,RUB,1,1
2025-05-06,USD,81.9137,1
2025-05-07,EUR,91.9169,1
2025-05-07,GBP,107.8527,1
2025-05-07,RUB,1,1
2025-05-07,USD,80.9644,1
2025-05-08,EUR,92.1439,1
2025-05-08,GBP,108.1276,1
2025-05-08,RUB,1,1
2025-05-08,USD,80.8612,1
2025-05-09,EUR,92.1439,1
2025-05-09,GBP,108.1276,1
2025-05-09,RUB,1,1
2025-05-09,USD,80.8612,1
2025-05-10,EUR,92.1439,1
2025-05-10,GBP,108.1276,1
2025-05-10,RUB,1,1
2025-05-10,USD,80.8612,1
2025-05-11,EUR,92.1439,1
2025-05-11,GBP,108.1276,1
2025-05-11,RUB,1,1
2025-05-11,USD,80.8612,1
2025-05-12,EUR,92.1439,1
2025-05-12,GBP,108.1276,1
2025-05-12,RUB,1,1
2025-05-12,USD,80.8612,1
2025-05-13,EUR,90.1117,1
2025-05-13,GBP,107.6219,1
2025-05-13,RUB,1,1
2025-05-13,USD,80.8883,1
2025-05-14,EUR,89.6956,1
2025-05-14,GBP,106.3421,1
2025-05-14,RUB,1,1
2025-05-14,USD,80.55,1
2025-05-15,EUR,90.3821,1
2025-05-15,GBP,106.3766,1
2025-05-15,RUB,1,1
2025-05-15,USD,80.2237,1
2025-05-16,EUR,90.1011,1
2025-05-16,GBP,106.857,1
2025-05-16,RUB,1,1
2025-05-16,USD,80.3134,1
2025-05-17,EUR,90.7062,1
2025-05-17,GBP,107.253,1
2025-05-17,RUB,1,1
2025-05-17,USD,80.7689,1
2025-05-18,EUR,90.7062,1
2025-05-18,GBP,107.253,1
2025-05-18,RUB,1,1
2025-05-18,USD,80.7689,1
2025-05-19,EUR,90.7062,1
2025-05-19,GBP,107.253,1
2025-05-19,RUB,1,1
2025-05-19,USD,80.7689,1
2025-05-20,EUR,90.5098,1
2025-05-20,GBP,106.6688,1
2025-05-20,RUB,1,1
2025-05-20,USD,80.4137,1
2025-05-21,EUR,89.9679,1
2025-05-21,GBP,107.347,1
2025-05-21,RUB,1,1
2025-05-21,USD,80.3075,1
2025-05-22,EUR,91.299,1
2025-05-22,GBP,106.6218,1
2025-05-22,RUB,1,1
2025-05-22,USD,79.753,1
2025-05-23,EUR,90.2004,1
2025-05-23,GBP,107.1409,1
2025-05-23,RUB,1,1
2025-05-23,USD,79.7357,1
2025-05-24,EUR,90.5207,1
2025-05-24,GBP,107.0038,1
2025-05-24,RUB,1,1
2025-05-24,USD,79.7108,1
2025-05-25,EUR,90.5207,1
2025-05-25,GBP,107.0038,1
2025-05-25,RUB,1,1
2025-05-25,USD,79.7108,1
2025-05-26,EUR,90.5207,1
2025-05-26,GBP,107.0038,1
2025-05-26,RUB,1,1
2025-05-26,USD,79.7108,1
2025-05-27,EUR,90.4644,1
2025-05-27,GBP,106.934,1
2025-05-27,RUB,1,1
2025-05-27,USD,79.6588,1
2025-05-28,EUR,90.9007,1
2025-05-28,GBP,107.4519,1
2025-05-28,RUB,1,1
2025-05-28,USD,79.6176,1
2025-05-29,EUR,90.3365,1
2025-05-29,GBP,107.6322,1
2025-05-29,RUB,1,1
2025-05-29,USD,79.6037,1
2025-05-30,EUR,88.9481,1
2025-05-30,GBP,105.7433,1
2025-05-30,RUB,1,1
2025-05-30,USD,78.497,1
2025-05-31,EUR,89.2512,1
2025-05-31,GBP,105.9994,1
2025-05-31,RUB,1,1
2025-05-31,USD,78.6171,1
2025-06-01,EUR,89.2512,1
2025-06-01,GBP,105.9994,1
2025-06-01,RUB,1,1
2025-06-01,USD,78.6171,1
2025-06-02,EUR,89.2512,1
2025-06-02,GBP,105.9994,1
2025-06-02,RUB,1,1
2025-06-02,USD,78.6171,1
2025-06-03,EUR,90.377,1
2025-06-03,GBP,106.681,1
2025-06-03,RUB,1,1
2025-06-03,USD,79.1285,1
2025-06-04,EUR,89.9267,1
2025-06-04,GBP,106.872,1
2025-06-04,RUB,1,1
2025-06-04,USD,78.8549,1
2025-06-05,EUR,89.3108,1
2025-06-05,GBP,106.206,1
2025-06-05,RUB,1,1
2025-06-05,USD,78.5025,1
2025-06-06,EUR,90.6635,1
2025-06-06,GBP,107.431,1
2025-06-06,RUB,1,1
2025-06-06,USD,79.1272,1
2025-06-07,EUR,90.3954,1
2025-06-07,GBP,107.6004,1
2025-06-07,RUB,1,1
2025-06-07,USD,79.1703,1
2025-06-08,EUR,90.3954,1
2025-06-08,GBP,107.6004,1
2025-06-08,RUB,1,1
2025-06-08,USD,79.1703,1
2025-06-09,EUR,90.3954,1
2025-06-09,GBP,107.6004,1
2025-06-09,RUB,1,1
2025-06-09,USD,79.1703,1
2025-06-10,EUR,90.3666,1
2025-06-10,GBP,107.072,1
2025-06-10,RUB,1,1
2025-06-10,USD,79.1543,1
2025-06-11,EUR,89.7918,1
2025-06-11,GBP,106.4641,1
2025-06-11,RUB,1,1
2025-06-11,USD,78.6003,1
2025-06-12,EUR,90.0068,1
2025-06-12,GBP,106.7723,1
2025-06-12,RUB,1,1
2025-06-12,USD,79.0028,1
2025-06-13,EUR,90.0068,1
2025-06-13,GBP,106.7723,1
2025-06-13,RUB,1,1
2025-06-13,USD,79.0028,1
2025-06-14,EUR,90.0068,1
2025-06-14,GBP,106.7723,1
2025-06-14,RUB,1,1
2025-06-14,USD,79.0028,1
2025-06-15,EUR,90.0068,1
2025-06-15,GBP,106.7723,1
2025-06-15,RUB,1,1
2025-06-15,USD,79.0028,1
2025-06-16,EUR,90.0068,1
2025-06-16,GBP,106.7723,1
2025-06-16,RUB,1,1
2025-06-16,USD,79.0028,1
2025-06-17,EUR,90.9438,1
2025-06-17,GBP,106.5807,1
2025-06-17,RUB,1,1
2025-06-17,USD,78.5067,1
2025-06-18,EUR,90.7548,1
2025-06-18,GBP,107.0189,1
2025-06-18,RUB,1,1
2025-06-18,USD,78.7135,1
2025-06-19,EUR,90.3093,1
2025-06-19,GBP,106.363,1
2025-06-19,RUB,1,1
2025-06-19,USD,78.7174,1
2025-06-20,EUR,89.838,1
2025-06-20,GBP,105.5765,1
2025-06-20,RUB,1,1
2025-06-20,USD,78.4839,1
2025-06-21,EUR,90.1356,1
2025-06-21,GBP,105.4041,1
2025-06-21,RUB,1,1
2025-06-21,USD,78.5016,1
2025-06-22,EUR,90.1356,1
2025-06-22,GBP,105.4041,1
2025-06-22,RUB,1,1
2025-06-22,USD,78.5016,1
2025-06-23,EUR,90.1356,1
2025-06-23,GBP,105.4041,1
2025-06-23,RUB,1,1
2025-06-23,USD,78.5016,1
2025-06-24,EUR,89.8388,1
2025-06-24,GBP,105.4206,1
2025-06-24,RUB,1,1
2025-06-24,USD,78.2923,1
2025-06-25,EUR,91.737,1
2025-06-25,GBP,105.7392,1
2025-06-25,RUB,1,1
2025-06-25,USD,78.3892,1
2025-06-26,EUR,91.0599,1
2025-06-26,GBP,106.5263,1
2025-06-26,RUB,1,1
2025-06-26,USD,78.1959,1
2025-06-27,EUR,91.6601,1
2025-06-27,GBP,106.5556,1
2025-06-27,RUB,1,1
2025-06-27,USD,78.2117,1
2025-06-28,EUR,92.2785,1
2025-06-28,GBP,107.7608,1
2025-06-28,RUB,1,1
2025-06-28,USD,78.4685,1
2025-06-29,EUR,92.2785,1
2025-06-29,GBP,107.7608,1
2025-06-29,RUB,1,1
2025-06-29,USD,78.4685,1
2025-06-30,EUR,92.2785,1
2025-06-30,GBP,107.7608,1
2025-06-30,RUB,1,1
2025-06-30,USD,78.4685,1
2025-07-01,EUR,92.2672,1
2025-07-01,GBP,107.7017,1
2025-07-01,RUB,1,1
2025-07-01,USD,78.5284,1
2025-07-02,EUR,92.744,1
2025-07-02,GBP,107.4563,1
2025-07-02,RUB,1,1
2025-07-02,USD,78.4181,1
2025-07-03,EUR,92.6774,1
2025-07-03,GBP,107.8976,1
2025-07-03,RUB,1,1
2025-07-03,USD,78.654,1
2025-07-04,EUR,93.1277,1
2025-07-04,GBP,107.0977,1
2025-07-04,RUB,1,1
2025-07-04,USD,78.7831,1
2025-07-05,EUR,93.0103,1
2025-07-05,GBP,107.5788,1
2025-07-05,RUB,1,1
2025-07-05,USD,78.8354,1
2025-07-06,EUR,93.0103,1
2025-07-06,GBP,107.5788,1
2025-07-06,RUB,1,1
2025-07-06,USD,78.8354,1
2025-07-07,EUR,93.0103,1
2025-07-07,GBP,107.5788,1
2025-07-07,RUB,1,1
2025-07-07,USD,78.8354,1
2025-07-08,EUR,92.4138,1
2025-07-08,GBP,107.3956,1
2025-07-08,RUB,1,1
2025-07-08,USD,78.7185,1
2025-07-09,EUR,91.9667,1
2025-07-09,GBP,106.5902,1
2025-07-09,RUB,1,1
2025-07-09,USD,78.1682,1
2025-07-10,EUR,91.4175,1
2025-07-10,GBP,105.8849,1
2025-07-10,RUB,1,1
2025-07-10,USD,78.1727,1
2025-07-11,EUR,91.4992,1
2025-07-11,GBP,105.8545,1
2025-07-11,RUB,1,1
2025-07-11,USD,77.9029,1
2025-07-12,EUR,91.1201,1
2025-07-12,GBP,105.5738,1
2025-07-12,RUB,1,1
2025-07-12,USD,77.8855,1
2025-07-13,EUR,91.1201,1
2025-07-13,GBP,105.5738,1
2025-07-13,RUB,1,1
2025-07-13,USD,77.8855,1
2025-07-14,EUR,91.1201,1
2025-07-14,GBP,105.5738,1
2025-07-14,RUB,1,1
2025-07-14,USD,77.8855,1
2025-07-15,EUR,91.7738,1
2025-07-15,GBP,105.8417,1
2025-07-15,RUB,1,1
2025-07-15,USD,78.3722,1
2025-07-16,EUR,91.1531,1
2025-07-16,GBP,104.8307,1
2025-07-16,RUB,1,1
2025-07-16,USD,77.9584,1
2025-07-17,EUR,90.5635,1
2025-07-17,GBP,104.441,1
2025-07-17,RUB,1,1
2025-07-17,USD,77.9585,1
2025-07-18,EUR,90.9716,1
2025-07-18,GBP,104.7062,1
2025-07-18,RUB,1,1
2025-07-18,USD,78.1856,1
2025-07-19,EUR,91.0821,1
2025-07-19,GBP,105.0176,1
2025-07-19,RUB,1,1
2025-07-19,USD,78.3129,1
2025-07-20,EUR,91.0821,1
2025-07-20,GBP,105.0176,1
2025-07-20,RUB,1,1
2025-07-20,USD,78.3129,1
2025-07-21,EUR,91.0821,1
2025-07-21,GBP,105.0176,1
2025-07-21,RUB,1,1
2025-07-21,USD,78.3129,1
2025-07-22,EUR,91.5138,1
2025-07-22,GBP,105.2877,1
2025-07-22,RUB,1,1
2025-07-22,USD,78.3274,1
2025-07-23,EUR,91.7782,1
2025-07-23,GBP,105.3644,1
2025-07-23,RUB,1,1
2025-07-23,USD,78.0882,1
2025-07-24,EUR,91.7897,1
2025-07-24,GBP,105.9122,1
2025-07-24,RUB,1,1
2025-07-24,USD,78.4477,1
2025-07-25,EUR,93.3362,1
2025-07-25,GBP,106.9373,1
2025-07-25,RUB,1,1
2025-07-25,USD,78.8623,1
2025-07-26,EUR,93.3508,1
2025-07-26,GBP,107.7303,1
2025-07-26,RUB,1,1
2025-07-26,USD,79.5527,1
2025-07-27,EUR,93.3508,1
2025-07-27,GBP,107.7303,1
2025-07-27,RUB,1,1
2025-07-27,USD,79.5527,1
2025-07-28,EUR,93.3508,1
2025-07-28,GBP,107.7303,1
2025-07-28,RUB,1,1
2025-07-28,USD,79.5527,1
2025-07-29,EUR,93.206,1
2025-07-29,GBP,106.8735,1
2025-07-29,RUB,1,1
2025-07-29,USD,79.5782,1
2025-07-30,EUR,94.9976,1
2025-07-30,GBP,110.2731,1
2025-07-30,RUB,1,1
2025-07-30,USD,82.2197,1
2025-07-31,EUR,94.9514,1
2025-07-31,GBP,109.0693,1
2025-07-31,RUB,1,1
2025-07-31,USD,81.8347,1
2025-08-01,EUR,91.8751,1
2025-08-01,GBP,106.7484,1
2025-08-01,RUB,1,1
2025-08-01,USD,80.3163,1
2025-08-02,EUR,91.7056,1
2025-08-02,GBP,106.2912,1
2025-08-02,RUB,1,1
2025-08-02,USD,80.3289,1
2025-08-03,EUR,91.7056,1
2025-08-03,GBP,106.2912,1
2025-08-03,RUB,1,1
2025-08-03,USD,80.3289,1
2025-08-04,EUR,91.7056,1
2025-08-04,GBP,106.2912,1
2025-08-04,RUB,1,1
2025-08-04,USD,80.3289,1
2025-08-05,EUR,92.3252,1
2025-08-05,GBP,105.6711,1
2025-08-05,RUB,1,1
2025-08-05,USD,79.6736,1
2025-08-06,EUR,92.5094,1
2025-08-06,GBP,106.4171,1
2025-08-06,RUB,1,1
2025-08-06,USD,80.049,1
2025-08-07,EUR,93.0072,1
2025-08-07,GBP,106.5744,1
2025-08-07,RUB,1,1
2025-08-07,USD,80.1914,1
2025-08-08,EUR,92.6636,1
2025-08-08,GBP,105.8277,1
2025-08-08,RUB,1,1
2025-08-08,USD,79.3847,1
2025-08-09,EUR,92.88,1
2025-08-09,GBP,106.9366,1
2025-08-09,RUB,1,1
2025-08-09,USD,79.7796,1
2025-08-10,EUR,92.88,1
2025-08-10,GBP,106.9366,1
2025-08-10,RUB,1,1
2025-08-10,USD,79.7796,1
2025-08-11,EUR,92.88,1
2025-08-11,GBP,106.9366,1
2025-08-11,RUB,1,1
2025-08-11,USD,79.7796,1
2025-08-12,EUR,92.9485,1
2025-08-12,GBP,107.0654,1
2025-08-12,RUB,1,1
2025-08-12,USD,79.6677,1
2025-08-13,EUR,92.8583,1
2025-08-13,GBP,107.0916,1
2025-08-13,RUB,1,1
2025-08-13,USD,79.8714,1
2025-08-14,EUR,93.3875,1
2025-08-14,GBP,107.3768,1
2025-08-14,RUB,1,1
2025-08-14,USD,79.6032,1
2025-08-15,EUR,93.0588,1
2025-08-15,GBP,108.2575,1
2025-08-15,RUB,1,1
2025-08-15,USD,79.7653,1
2025-08-16,EUR,93.7094,1
2025-08-16,GBP,108.4784,1
2025-08-16,RUB,1,1
2025-08-16,USD,80.0224,1
2025-08-17,EUR,93.7094,1
2025-08-17,GBP,108.4784,1
2025-08-17,RUB,1,1
2025-08-17,USD,80.0224,1
2025-08-18,EUR,93.7094,1
2025-08-18,GBP,108.4784,1
2025-08-18,RUB,1,1
2025-08-18,USD,80.0224,1
2025-08-19,EUR,94.0884,1
2025-08-19,GBP,109.0571,1
2025-08-19,RUB,1,1
2025-08-19,USD,80.4256,1
2025-08-20,EUR,93.5604,1
2025-08-20,GBP,108.5965,1
2025-08-20,RUB,1,1
2025-08-20,USD,80.3466,1
2025-08-21,EUR,93.4791,1
2025-08-21,GBP,108.1651,1
2025-08-21,RUB,1,1
2025-08-21,USD,80.1045,1
2025-08-22,EUR,93.5049,1
2025-08-22,GBP,108.1193,1
2025-08-22,RUB,1,1
2025-08-22,USD,80.2548,1
2025-08-23,EUR,93.6274,1
2025-08-23,GBP,108.4228,1
2025-08-23,RUB,1,1
2025-08-23,USD,80.7498,1
2025-08-24,EUR,93.6274,1
2025-08-24,GBP,108.4228,1
2025-08-24,RUB,1,1
2025-08-24,USD,80.7498,1
2025-08-25,EUR,93.6274,1
2025-08-25,GBP,108.4228,1
2025-08-25,RUB,1,1
2025-08-25,USD,80.7498,1
2025-08-26,EUR,94.4622,1
2025-08-26,GBP,108.3347,1
2025-08-26,RUB,1,1
2025-08-26,USD,80.6842,1
2025-08-27,EUR,93.3684,1
2025-08-27,GBP,108.9125,1
2025-08-27,RUB,1,1
2025-08-27,USD,80.5268,1
2025-08-28,EUR,93.3428,1
2025-08-28,GBP,108.4279,1
2025-08-28,RUB,1,1
2025-08-28,USD,80.4421,1
2025-08-29,EUR,93.4891,1
2025-08-29,GBP,108.0728,1
2025-08-29,RUB,1,1
2025-08-29,USD,80.2918,1
2025-08-30,EUR,94.0479,1
2025-08-30,GBP,108.536,1
2025-08-30,RUB,1,1
2025-08-30,USD,80.3316,1
2025-08-31,EUR,94.0479,1
2025-08-31,GBP,108.536,1
2025-08-31,RUB,1,1
2025-08-31,USD,80.3316,1
2025-09-01,EUR,94.0479,1
2025-09-01,GBP,108.536,1
2025-09-01,RUB,1,1
2025-09-01,USD,80.3316,1
2025-09-02,EUR,94.3841,1
2025-09-02,GBP,108.6476,1
2025-09-02,RUB,1,1
2025-09-02,USD,80.4261,1
2025-09-03,EUR,93.8373,1
2025-09-03,GBP,109.1897,1
2025-09-03,RUB,1,1
2025-09-03,USD,80.5947,1
2025-09-04,EUR,94.2539,1
2025-09-04,GBP,108.3131,1
2025-09-04,RUB,1,1
2025-09-04,USD,80.8488,1
2025-09-05,EUR,94.7754,1
2025-09-05,GBP,109.2153,1
2025-09-05,RUB,1,1
2025-09-05,USD,81.2977,1
2025-09-06,EUR,95.4792,1
2025-09-06,GBP,109.5047,1
2025-09-06,RUB,1,1
2025-09-06,USD,81.5556,1
2025-09-07,EUR,95.4792,1
2025-09-07,GBP,109.5047,1
2025-09-07,RUB,1,1
2025-09-07,USD,81.5556,1
2025-09-08,EUR,95.4792,1
2025-09-08,GBP,109.5047,1
2025-09-08,RUB,1,1
2025-09-08,USD,81.5556,1
2025-09-09,EUR,96.5691,1
2025-09-09,GBP,111.3233,1
2025-09-09,RUB,1,1
2025-09-09,USD,82.3397,1
2025-09-10,EUR,98.0336,1
2025-09-10,GBP,112.6687,1
2025-09-10,RUB,1,1
2025-09-10,USD,83.2425,1
2025-09-11,EUR,99.8246,1
2025-09-11,GBP,114.9832,1
2025-09-11,RUB,1,1
2025-09-11,USD,84.9211,1
2025-09-12,EUR,99.7367,1
2025-09-12,GBP,116.0842,1
2025-09-12,RUB,1,1
2025-09-12,USD,85.6647,1
2025-09-13,EUR,99.3304,1
2025-09-13,GBP,114.3937,1
2025-09-13,RUB,1,1
2025-09-13,USD,84.3798,1
2025-09-14,EUR,99.3304,1
2025-09-14,GBP,114.3937,1
2025-09-14,RUB,1,1
2025-09-14,USD,84.3798,1
2025-09-15,EUR,99.3304,1
2025-09-15,GBP,114.3937,1
2025-09-15,RUB,1,1
2025-09-15,USD,84.3798,1
2025-09-16,EUR,97.4502,1
2025-09-16,GBP,112.6371,1
2025-09-16,RUB,1,1
2025-09-16,USD,83.0718,1
2025-09-17,EUR,97.8903,1
2025-09-17,GBP,112.574,1
2025-09-17,RUB,1,1
2025-09-17,USD,82.8359,1
2025-09-18,EUR,98.2994,1
2025-09-18,GBP,113.3513,1
2025-09-18,RUB,1,1
2025-09-18,USD,82.9987,1
2025-09-19,EUR,98.9773,1
2025-09-19,GBP,113.6053,1
2025-09-19,RUB,1,1
2025-09-19,USD,83.1725,1
2025-09-20,EUR,98.8845,1
2025-09-20,GBP,113.2817,1
2025-09-20,RUB,1,1
2025-09-20,USD,83.5904,1
2025-09-21,EUR,98.8845,1
2025-09-21,GBP,113.2817,1
2025-09-21,RUB,1,1
2025-09-21,USD,83.5904,1
2025-09-22,EUR,98.8845,1
2025-09-22,GBP,113.2817,1
2025-09-22,RUB,1,1
2025-09-22,USD,83.5904,1
2025-09-23,EUR,98.9638,1
2025-09-23,GBP,113.2823,1
2025-09-23,RUB,1,1
2025-09-23,USD,84.0186,1
2025-09-24,EUR,99.0363,1
2025-09-24,GBP,112.4816,1
2025-09-24,RUB,1,1
2025-09-24,USD,83.3506,1
2025-09-25,EUR,98.6015,1
2025-09-25,GBP,113.5984,1
2025-09-25,RUB,1,1
2025-09-25,USD,83.9914,1
2025-09-26,EUR,98.1542,1
2025-09-26,GBP,112.4596,1
2025-09-26,RUB,1,1
2025-09-26,USD,83.6069,1
2025-09-27,EUR,97.6823,1
2025-09-27,GBP,111.605,1
2025-09-27,RUB,1,1
2025-09-27,USD,83.6118,1
2025-09-28,EUR,97.6823,1
2025-09-28,GBP,111.605,1
2025-09-28,RUB,1,1
2025-09-28,USD,83.6118,1
2025-09-29,EUR,97.6823,1
2025-09-29,GBP,111.605,1
2025-09-29,RUB,1,1
2025-09-29,USD,83.6118,1
2025-09-30,EUR,97.141,1
2025-09-30,GBP,111.0592,1
2025-09-30,RUB,1,1
2025-09-30,USD,82.8676,1
2025-10-01,EUR,96.8644,1
2025-10-01,GBP,110.8522,1
2025-10-01,RUB,1,1
2025-10-01,USD,82.6084,1
2025-10-02,EUR,95.6382,1
2025-10-02,GBP,109.7109,1
2025-10-02,RUB,1,1
2025-10-02,USD,81.4967,1
2025-10-03,EUR,95.3411,1
2025-10-03,GBP,109.4182,1
2025-10-03,RUB,1,1
2025-10-03,USD,81.0085,1
2025-10-04,EUR,96.0525,1
2025-10-04,GBP,109.9138,1
2025-10-04,RUB,1,1
2025-10-04,USD,81.8969,1
2025-10-05,EUR,96.0525,1
2025-10-05,GBP,109.9138,1
2025-10-05,RUB,1,1
2025-10-05,USD,81.8969,1
2025-10-06,EUR,96.0525,1
2025-10-06,GBP,109.9138,1
2025-10-06,RUB,1,1
2025-10-06,USD,81.8969,1
2025-10-07,EUR,96.8345,1
2025-10-07,GBP,111.8176,1
2025-10-07,RUB,1,1
2025-10-07,USD,83,1
2025-10-08,EUR,95.6722,1
2025-10-08,GBP,110.4482,1
2025-10-08,RUB,1,1
2025-10-08,USD,81.9349,1
2025-10-09,EUR,94.9351,1
2025-10-09,GBP,109.5269,1
2025-10-09,RUB,1,1
2025-10-09,USD,81.5478,1
2025-10-10,EUR,94.703,1
2025-10-10,GBP,109.2608,1
2025-10-10,RUB,1,1
2025-10-10,USD,81.4103,1
2025-10-11,EUR,94.0491,1
2025-10-11,GBP,108.2504,1
2025-10-11,RUB,1,1
2025-10-11,USD,81.1898,1
2025-10-12,EUR,94.0491,1
2025-10-12,GBP,108.2504,1
2025-10-12,RUB,1,1
2025-10-12,USD,81.1898,1
2025-10-13,EUR,94.0491,1
2025-10-13,GBP,108.2504,1
2025-10-13,RUB,1,1
2025-10-13,USD,81.1898,1
2025-10-14,EUR,93.9181,1
2025-10-14,GBP,107.5531,1
2025-10-14,RUB,1,1
2025-10-14,USD,80.8548,1
2025-10-15,EUR,92.6816,1
2025-10-15,GBP,106.5612,1
2025-10-15,RUB,1,1
2025-10-15,USD,79.9589,1
2025-10-16,EUR,91.7258,1
2025-10-16,GBP,104.8322,1
2025-10-16,RUB,1,1
2025-10-16,USD,78.839,1
2025-10-17,EUR,92.0834,1
2025-10-17,GBP,105.6956,1
2025-10-17,RUB,1,1
2025-10-17,USD,79.0839,1
2025-10-18,EUR,94.5835,1
2025-10-18,GBP,108.7931,1
2025-10-18,RUB,1,1
2025-10-18,USD,80.9834,1
2025-10-19,EUR,94.5835,1
2025-10-19,GBP,108.7931,1
2025-10-19,RUB,1,1
2025-10-19,USD,80.9834,1
2025-10-20,EUR,94.5835,1
2025-10-20,GBP,108.7931,1
2025-10-20,RUB,1,1
2025-10-20,USD,80.9834,1
2025-10-21,EUR,94.3845,1
2025-10-21,GBP,108.9549,1
2025-10-21,RUB,1,1
2025-10-21,USD,81.3582,1
2025-10-22,EUR,94.6656,1
2025-10-22,GBP,109.1358,1
2025-10-22,RUB,1,1
2025-10-22,USD,81.3475,1
2025-10-23,EUR,94.7543,1
2025-10-23,GBP,109.1971,1
2025-10-23,RUB,1,1
2025-10-23,USD,81.6549,1
2025-10-24,EUR,94.3889,1
2025-10-24,GBP,108.5347,1
2025-10-24,RUB,1,1
2025-10-24,USD,81.269,1
2025-10-25,EUR,94.082,1
2025-10-25,GBP,107.87,1
2025-10-25,RUB,1,1
2025-10-25,USD,80.9713,1
2025-10-26,EUR,94.082,1
2025-10-26,GBP,107.87,1
2025-10-26,RUB,1,1
2025-10-26,USD,80.9713,1
2025-10-27,EUR,94.082,1
2025-10-27,GBP,107.87,1
2025-10-27,RUB,1,1
2025-10-27,USD,80.9713,1
2025-10-28,EUR,92.0233,1
2025-10-28,GBP,105.0577,1
2025-10-28,RUB,1,1
2025-10-28,USD,78.9848,1
2025-10-29,EUR,92.9395,1
2025-10-29,GBP,106.3886,1
2025-10-29,RUB,1,1
2025-10-29,USD,79.8174,1
2025-10-30,EUR,92.2466,1
2025-10-30,GBP,105.5223,1
2025-10-30,RUB,1,1
2025-10-30,USD,79.4715,1
2025-10-31,EUR,93.3894,1
2025-10-31,GBP,106.5949,1
2025-10-31,RUB,1,1
2025-10-31,USD,80.5037,1
2025-11-01,EUR,93.3893,1
2025-11-01,GBP,106.4586,1
2025-11-01,RUB,1,1
2025-11-01,USD,80.9756,1
2025-11-02,EUR,93.3848,1
2025-11-02,GBP,106.341,1
2025-11-02,RUB,1,1
2025-11-02,USD,80.8861,1
2025-11-03,EUR,93.3848,1
2025-11-03,GBP,106.341,1
2025-11-03,RUB,1,1
2025-11-03,USD,80.8861,1
2025-11-04,EUR,93.3848,1
2025-11-04,GBP,106.341,1
2025-11-04,RUB,1,1
2025-11-04,USD,80.8861,1
2025-11-05,EUR,93.3848,1
2025-11-05,GBP,106.341,1
2025-11-05,RUB,1,1
2025-11-05,USD,80.8861,1
2025-11-06,EUR,93.5131,1
2025-11-06,GBP,105.9185,1
2025-11-06,RUB,1,1
2025-11-06,USD,81.1885,1
2025-11-07,EUR,93.7641,1
2025-11-07,GBP,106.1312,1
2025-11-07,RUB,1,1
2025-11-07,USD,81.3765,1
2025-11-08,EUR,93.8365,1
2025-11-08,GBP,106.4219,1
2025-11-08,RUB,1,1
2025-11-08,USD,81.2257,1
2025-11-09,EUR,93.8365,1
2025-11-09,GBP,106.4219,1
2025-11-09,RUB,1,1
2025-11-09,USD,81.2257,1
2025-11-10,EUR,93.8365,1
2025-11-10,GBP,106.4219,1
2025-11-10,RUB,1,1
2025-11-10,USD,81.2257,1
2025-11-11,EUR,93.9287,1
2025-11-11,GBP,106.5486,1
2025-11-11,RUB,1,1
2025-11-11,USD,81.0132,1
2025-11-12,EUR,94.1954,1
2025-11-12,GBP,106.9671,1
2025-11-12,RUB,1,1
2025-11-12,USD,81.3562,1
2025-11-13,EUR,94.1893,1
2025-11-13,GBP,107.077,1
2025-11-13,RUB,1,1
2025-11-13,USD,81.2852,1
2025-11-14,EUR,93.6953,1
2025-11-14,GBP,105.8291,1
2025-11-14,RUB,1,1
2025-11-14,USD,80.601,1
2025-11-15,EUR,95.0987,1
2025-11-15,GBP,107.0803,1
2025-11-15,RUB,1,1
2025-11-15,USD,81.1276,1
2025-11-16,EUR,95.0987,1
2025-11-16,GBP,107.0803,1
2025-11-16,RUB,1,1
2025-11-16,USD,81.1276,1
2025-11-17,EUR,95.0987,1
2025-11-17,GBP,107.0803,1
2025-11-17,RUB,1,1
2025-11-17,USD,81.1276,1
2025-11-18,EUR,94.4179,1
2025-11-18,GBP,106.6051,1
2025-11-18,RUB,1,1
2025-11-18,USD,81.1302,1
2025-11-19,EUR,93.9295,1
2025-11-19,GBP,106.8058,1
2025-11-19,RUB,1,1
2025-11-19,USD,81.0547,1
2025-11-20,EUR,93.7804,1
2025-11-20,GBP,106.3938,1
2025-11-20,RUB,1,1
2025-11-20,USD,80.9448,1
2025-11-21,EUR,92.6047,1
2025-11-21,GBP,105.5976,1
2025-11-21,RUB,1,1
2025-11-21,USD,80.7321,1
2025-11-22,EUR,90.5625,1
2025-11-22,GBP,103.4906,1
2025-11-22,RUB,1,1
2025-11-22,USD,79.0246,1
2025-11-23,EUR,90.5625,1
2025-11-23,GBP,103.4906,1
2025-11-23,RUB,1,1
2025-11-23,USD,79.0246,1
2025-11-24,EUR,90.5625,1
2025-11-24,GBP,103.4906,1
2025-11-24,RUB,1,1
2025-11-24,USD,79.0246,1
2025-11-25,EUR,91.3672,1
2025-11-25,GBP,103.2671,1
2025-11-25,RUB,1,1
2025-11-25,USD,78.9202,1
2025-11-26,EUR,90.9698,1
2025-11-26,GBP,103.4238,1
2025-11-26,RUB,1,1
2025-11-26,USD,78.9615,1
2025-11-27,EUR,91.5047,1
2025-11-27,GBP,103.5634,1
2025-11-27,RUB,1,1
2025-11-27,USD,78.5941,1
2025-11-28,EUR,90.788,1
2025-11-28,GBP,103.4938,1
2025-11-28,RUB,1,1
2025-11-28,USD,78.2503,1
2025-11-29,EUR,90.819,1
2025-11-29,GBP,103.6683,1
2025-11-29,RUB,1,1
2025-11-29,USD,78.2284,1
2025-11-30,EUR,90.819,1
2025-11-30,GBP,103.6683,1
2025-11-30,RUB,1,1
2025-11-30,USD,78.2284,1
2025-12-01,EUR,90.819,1
2025-12-01,GBP,103.6683,1
2025-12-01,RUB,1,1
2025-12-01,USD,78.2284,1
2025-12-02,EUR,90.3438,1
2025-12-02,GBP,102.9716,1
2025-12-02,RUB,1,1
2025-12-02,USD,77.7027,1
2025-12-03,EUR,89.8514,1
2025-12-03,GBP,102.6541,1
2025-12-03,RUB,1,1
2025-12-03,USD,77.4631,1
2025-12-04,EUR,90.5903,1
2025-12-04,GBP,102.9092,1
2025-12-04,RUB,1,1
2025-12-04,USD,77.9556,1
2025-12-05,EUR,89.9011,1
2025-12-05,GBP,102.6098,1
2025-12-05,RUB,1,1
2025-12-05,USD,76.9708,1
2025-12-06,EUR,88.7028,1
2025-12-06,GBP,101.7601,1
2025-12-06,RUB,1,1
2025-12-06,USD,76.0937,1
2025-12-07,EUR,88.7028,1
2025-12-07,GBP,101.7601,1
2025-12-07,RUB,1,1
2025-12-07,USD,76.0937,1
2025-12-08,EUR,88.7028,1
2025-12-08,GBP,101.7601,1
2025-12-08,RUB,1,1
2025-12-08,USD,76.0937,1
2025-12-09,EUR,89.7054,1
2025-12-09,GBP,103.1058,1
2025-12-09,RUB,1,1
2025-12-09,USD,77.2733,1
2025-12-10,EUR,89.4267,1
2025-12-10,GBP,102.2473,1
2025-12-10,RUB,1,1
2025-12-10,USD,76.8084,1
2025-12-11,EUR,91.3806,1
2025-12-11,GBP,103.5834,1
2025-12-11,RUB,1,1
2025-12-11,USD,77.8998,1
2025-12-12,EUR,92.9384,1
2025-12-12,GBP,105.6885,1
2025-12-12,RUB,1,1
2025-12-12,USD,79.3398,1
2025-12-13,EUR,93.5626,1
2025-12-13,GBP,107.1167,1
2025-12-13,RUB,1,1
2025-12-13,USD,79.7296,1
2025-12-14,EUR,93.5626,1
2025-12-14,GBP,107.1167,1
2025-12-14,RUB,1,1
2025-12-14,USD,79.7296,1
2025-12-15,EUR,93.5626,1
2025-12-15,GBP,107.1167,1
2025-12-15,RUB,1,1
2025-12-15,USD,79.7296,1
2025-12-16,EUR,93.2274,1
2025-12-16,GBP,106.1048,1
2025-12-16,RUB,1,1
2025-12-16,USD,79.4495,1
2025-12-17,EUR,93.8054,1
2025-12-17,GBP,106.3888,1
2025-12-17,RUB,1,1
2025-12-17,USD,79.4302,1
2025-12-18,EUR,94.1478,1
2025-12-18,GBP,107.8468,1
2025-12-18,RUB,1,1
2025-12-18,USD,80.3807,1
2025-12-19,EUR,94.2524,1
2025-12-19,GBP,107.2403,1
2025-12-19,RUB,1,1
2025-12-19,USD,80.0301,1
2025-12-20,EUR,94.512,1
2025-12-20,GBP,108.1271,1
2025-12-20,RUB,1,1
2025-12-20,USD,80.722,1
2025-12-21,EUR,94.512,1
2025-12-21,GBP,108.1271,1
2025-12-21,RUB,1,1
2025-12-21,USD,80.722,1
2025-12-22,EUR,94.512,1
2025-12-22,GBP,108.1271,1
2025-12-22,RUB,1,1
2025-12-22,USD,80.722,1
2025-12-23,EUR,92.8621,1
2025-12-23,GBP,105.9802,1
2025-12-23,RUB,1,1
2025-12-23,USD,79.3146,1
2025-12-24,EUR,92.8137,1
2025-12-24,GBP,105.7283,1
2025-12-24,RUB,1,1
2025-12-24,USD,78.585,1
2025-12-25,EUR,92.4742,1
2025-12-25,GBP,105.7642,1
2025-12-25,RUB,1,1
2025-12-25,USD,78.4368,1
2025-12-26,EUR,91.8902,1
2025-12-26,GBP,105.0193,1
2025-12-26,RUB,1,1
2025-12-26,USD,77.8844,1
2025-12-27,EUR,91.2066,1
2025-12-27,GBP,104.7603,1
2025-12-27,RUB,1,1
2025-12-27,USD,77.6923,1
2025-12-28,EUR,91.2066,1
2025-12-28,GBP,104.7603,1
2025-12-28,RUB,1,1
2025-12-28,USD,77.6923,1
2025-12-29,EUR,91.2066,1
2025-12-29,GBP,104.7603,1
2025-12-29,RUB,1,1
2025-12-29,USD,77.6923,1
2025-12-30,EUR,91.4775,1
2025-12-30,GBP,104.6071,1
2025-12-30,RUB,1,1
2025-12-30,USD,77.4466,1
2025-12-31,EUR,92.0938,1
2025-12-31,GBP,105.606,1
2025-12-31,RUB,1,1
2025-12-31,USD,78.2267,1
2026-01-01,EUR,92.0938,1
2026-01-01,GBP,105.606,1
2026-01-01,RUB,1,1
2026-01-01,USD,78.2267,1
2026-01-02,EUR,92.0938,1
2026-01-02,GBP,105.606,1
2026-01-02,RUB,1,1
2026-01-02,USD,78.2267,1
2026-01-03,EUR,92.0938,1
2026-01-03,GBP,105.606,1
2026-01-03,RUB,1,1
2026-01-03,USD,78.2267,1
2026-01-04,EUR,92.0938,1
2026-01-04,GBP,105.606,1
2026-01-04,RUB,1,1
2026-01-04,USD,78.2267,1
2026-01-05,EUR,92.0938,1
2026-01-05,GBP,105.606,1
2026-01-05,RUB,1,1
2026-01-05,USD,78.2267,1
2026-01-06,EUR,92.0938,1
2026-01-06,GBP,105.606,1
2026-01-06,RUB,1,1
2026-01-06,USD,78.2267,1
2026-01-07,EUR,92.0938,1
2026-01-07,GBP,105.606,1
2026-01-07,RUB,1,1
2026-01-07,USD,78.2267,1
2026-01-08,EUR,92.0938,1
2026-01-08,GBP,105.606,1
2026-01-08,RUB,1,1
2026-01-08,USD,78.2267,1
2026-01-09,EUR,92.0938,1
2026-01-09,GBP,105.606,1
2026-01-09,RUB,1,1
2026-01-09,USD,78.2267,1
2026-01-10,EUR,92.0938,1
2026-01-10,GBP,105.606,1
2026-01-10,RUB,1,1
2026-01-10,USD,78.2267,1
2026-01-11,EUR,92.0938,1
2026-01-11,GBP,105.606,1
2026-01-11,RUB,1,1
2026-01-11,USD,78.2267,1
2026-01-12,EUR,92.0938,1
2026-01-12,GBP,105.606,1
2026-01-12,RUB,1,1
2026-01-12,USD,78.2267,1
2026-01-13,EUR,91.9668,1
2026-01-13,GBP,105.73,1
2026-01-13,RUB,1,1
2026-01-13,USD,78.7913,1
2026-01-14,EUR,92.3973,1
2026-01-14,GBP,106.254,1
2026-01-14,RUB,1,1
2026-01-14,USD,78.8527,1
2026-01-15,EUR,92.1964,1
2026-01-15,GBP,105.6153,1
2026-01-15,RUB,1,1
2026-01-15,USD,78.5711,1
2026-01-16,EUR,91.8123,1
2026-01-16,GBP,105.6751,1
2026-01-16,RUB,1,1
2026-01-16,USD,78.528,1
2026-01-17,EUR,90.5366,1
2026-01-17,GBP,104.1953,1
2026-01-17,RUB,1,1
2026-01-17,USD,77.8332,1
2026-01-18,EUR,90.5366,1
2026-01-18,GBP,104.1953,1
2026-01-18,RUB,1,1
2026-01-18,USD,77.8332,1
2026-01-19,EUR,90.5366,1
2026-01-19,GBP,104.1953,1
2026-01-19,RUB,1,1
2026-01-19,USD,77.8332,1
2026-01-20,EUR,90.1611,1
2026-01-20,GBP,104.0255,1
2026-01-20,RUB,1,1
2026-01-20,USD,77.7586,1
2026-01-21,EUR,91.1954,1
2026-01-21,GBP,104.4563,1
2026-01-21,RUB,1,1
2026-01-21,USD,77.8247,1
2026-01-22,EUR,90.7211,1
2026-01-22,GBP,104.3131,1
2026-01-22,RUB,1,1
2026-01-22,USD,77.5159,1
2026-01-23,EUR,88.7898,1
2026-01-23,GBP,102.1041,1
2026-01-23,RUB,1,1
2026-01-23,USD,76.0382,1
2026-01-24,EUR,89.0589,1
2026-01-24,GBP,102.3312,1
2026-01-24,RUB,1,1
2026-01-24,USD,75.9246,1
2026-01-25,EUR,89.0589,1
2026-01-25,GBP,102.3312,1
2026-01-25,RUB,1,1
2026-01-25,USD,75.9246,1
2026-01-26,EUR,89.0589,1
2026-01-26,GBP,102.3312,1
2026-01-26,RUB,1,1
2026-01-26,USD,75.9246,1
2026-01-27,EUR,90.2877,1
2026-01-27,GBP,103.1001,1
2026-01-27,RUB,1,1
2026-01-27,USD,76.0101,1
2026-01-28,EUR,90.9329,1
2026-01-28,GBP,104.9373,1
2026-01-28,RUB,1,1
2026-01-28,USD,76.5519,1
2026-01-29,EUR,91.2988,1
2026-01-29,GBP,104.8737,1
2026-01-29,RUB,1,1
2026-01-29,USD,76.2662,1
2026-01-30,EUR,90.9751,1
2026-01-30,GBP,104.8386,1
2026-01-30,RUB,1,1
2026-01-30,USD,76.0251,1
2026-01-31,EUR,90.468,1
2026-01-31,GBP,104.2385,1
2026-01-31,RUB,1,1
2026-01-31,USD,75.7327,1
2026-02-01,EUR,90.468,1
2026-02-01,GBP,104.2385,1
2026-02-01,RUB,1,1
2026-02-01,USD,75.7327,1
2026-02-02,EUR,90.468,1
2026-02-02,GBP,104.2385,1
2026-02-02,RUB,1,1
2026-02-02,USD,75.7327,1
2026-02-03,EUR,91.247,1
2026-02-03,GBP,105.6746,1
2026-02-03,RUB,1,1
2026-02-03,USD,77.0223,1
2026-02-04,EUR,90.7178,1
2026-02-04,GBP,104.9107,1
2026-02-04,RUB,1,1
2026-02-04,USD,76.9817,1
2026-02-05,EUR,91.1138,1
2026-02-05,GBP,105.39,1
2026-02-05,RUB,1,1
2026-02-05,USD,76.9102,1
2026-02-06,EUR,90.2881,1
2026-02-06,GBP,104.6011,1
2026-02-06,RUB,1,1
2026-02-06,USD,76.5523,1
2026-02-07,EUR,91.0451,1
2026-02-07,GBP,104.2387,1
2026-02-07,RUB,1,1
2026-02-07,USD,77.054,1
2026-02-08,EUR,91.0451,1
2026-02-08,GBP,104.2387,1
2026-02-08,RUB,1,1
2026-02-08,USD,77.054,1
2026-02-09,EUR,91.0451,1
2026-02-09,GBP,104.2387,1
2026-02-09,RUB,1,1
2026-02-09,USD,77.054,1
2026-02-10,EUR,92.0136,1
2026-02-10,GBP,105.7207,1
2026-02-10,RUB,1,1
2026-02-10,USD,77.6502,1
2026-02-11,EUR,91.9429,1
2026-02-11,GBP,105.6066,1
2026-02-11,RUB,1,1
2026-02-11,USD,77.2091,1
2026-02-12,EUR,92.475,1
2026-02-12,GBP,105.9254,1
2026-02-12,RUB,1,1
2026-02-12,USD,77.4648,1
2026-02-13,EUR,91.7113,1
2026-02-13,GBP,105.2304,1
2026-02-13,RUB,1,1
2026-02-13,USD,77.188,1
2026-02-14,EUR,91.5575,1
2026-02-14,GBP,105.4012,1
2026-02-14,RUB,1,1
2026-02-14,USD,77.1944,1
2026-02-15,EUR,91.5575,1
2026-02-15,GBP,105.4012,1
2026-02-15,RUB,1,1
2026-02-15,USD,77.1944,1
2026-02-16,EUR,91.5575,1
2026-02-16,GBP,105.4012,1
2026-02-16,RUB,1,1
2026-02-16,USD,77.1944,1
2026-02-17,EUR,91.0368,1
2026-02-17,GBP,104.2953,1
2026-02-17,RUB,1,1
2026-02-17,USD,76.6201,1
2026-02-18,EUR,90.8658,1
2026-02-18,GBP,104.6181,1
2026-02-18,RUB,1,1
2026-02-18,USD,76.7389,1
2026-02-19,EUR,90.2683,1
2026-02-19,GBP,102.8286,1
2026-02-19,RUB,1,1
2026-02-19,USD,76.1524,1
2026-02-20,EUR,90.1669,1
2026-02-20,GBP,103.8096,1
2026-02-20,RUB,1,1
2026-02-20,USD,76.6405,1
2026-02-21,EUR,90.2833,1
2026-02-21,GBP,103.262,1
2026-02-21,RUB,1,1
2026-02-21,USD,76.7519,1
2026-02-22,EUR,90.2833,1
2026-02-22,GBP,103.262,1
2026-02-22,RUB,1,1
2026-02-22,USD,76.7519,1
2026-02-23,EUR,90.2833,1
2026-02-23,GBP,103.262,1
2026-02-23,RUB,1,1
2026-02-23,USD,76.7519,1
2026-02-24,EUR,90.2833,1
2026-02-24,GBP,103.262,1
2026-02-24,RUB,1,1
2026-02-24,USD,76.7519,1
2026-02-25,EUR,90.5821,1
2026-02-25,GBP,103.4102,1
2026-02-25,RUB,1,1
2026-02-25,USD,76.6342,1
2026-02-26,EUR,90.3211,1
2026-02-26,GBP,103.3462,1
2026-02-26,RUB,1,1
2026-02-26,USD,76.4678,1
2026-02-27,EUR,91.0281,1
2026-02-27,GBP,104.3766,1
2026-02-27,RUB,1,1
2026-02-27,USD,77.1218,1
2026-02-28,EUR,91.2965,1
2026-02-28,GBP,104.4353,1
2026-02-28,RUB,1,1
2026-02-28,USD,77.2736,1
2026-03-01,EUR,91.2965,1
2026-03-01,GBP,104.4353,1
2026-03-01,RUB,1,1
2026-03-01,USD,77.2736,1
2026-03-02,EUR,91.2965,1
2026-03-02,GBP,104.4353,1
2026-03-02,RUB,1,1
2026-03-02,USD,77.2736,1
2026-03-03,EUR,90.7307,1
2026-03-03,GBP,103.7442,1
2026-03-03,RUB,1,1
2026-03-03,USD,77.1734,1
2026-03-04,EUR,90.3098,1
2026-03-04,GBP,103.7714,1
2026-03-04,RUB,1,1
2026-03-04,USD,77.6093,1
2026-03-05,EUR,90.7458,1
2026-03-05,GBP,103.4908,1
2026-03-05,RUB,1,1
2026-03-05,USD,77.8009,1
2026-03-06,EUR,90.7926,1
2026-03-06,GBP,104.5009,1
2026-03-06,RUB,1,1
2026-03-06,USD,78.19,1
2026-03-07,EUR,91.8391,1
2026-03-07,GBP,105.4515,1
2026-03-07,RUB,1,1
2026-03-07,USD,79.15,1
2026-03-08,EUR,91.8391,1
2026-03-08,GBP,105.4515,1
2026-03-08,RUB,1,1
2026-03-08,USD,79.15,1
2026-03-09,EUR,91.8391,1
2026-03-09,GBP,105.4515,1
2026-03-09,RUB,1,1
2026-03-09,USD,79.15,1
2026-03-10,EUR,91.8391,1
2026-03-10,GBP,105.4515,1
2026-03-10,RUB,1,1
2026-03-10,USD,79.15,1
2026-03-11,EUR,91.8979,1
2026-03-11,GBP,105.4559,1
2026-03-11,RUB,1,1
2026-03-11,USD,78.7396,1
2026-03-12,EUR,91.9378,1
2026-03-12,GBP,106.4097,1
2026-03-12,RUB,1,1
2026-03-12,USD,79.068,1
2026-03-13,EUR,91.3893,1
2026-03-13,GBP,105.9341,1
2026-03-13,RUB,1,1
2026-03-13,USD,79.0671,1
2026-03-14,EUR,91.9847,1
2026-03-14,GBP,107.0929,1
2026-03-14,RUB,1,1
2026-03-14,USD,80.2254,1
2026-03-15,EUR,91.9847,1
2026-03-15,GBP,107.0929,1
2026-03-15,RUB,1,1
2026-03-15,USD,80.2254,1
2026-03-16,EUR,91.9847,1
2026-03-16,GBP,107.0929,1
2026-03-16,RUB,1,1
2026-03-16,USD,80.2254,1
2026-03-17,EUR,92.6555,1
2026-03-17,GBP,107.3043,1
2026-03-17,RUB,1,1
2026-03-17,USD,81.0517,1
2026-03-18,EUR,93.1557,1
2026-03-18,GBP,108.9571,1
2026-03-18,RUB,1,1
2026-03-18,USD,81.9103,1
2026-03-19,EUR,94.6663,1
2026-03-19,GBP,110.9149,1
2026-03-19,RUB,1,1
2026-03-19,USD,83.1259,1
2026-03-20,EUR,96.9155,1
2026-03-20,GBP,113.0295,1
2026-03-20,RUB,1,1
2026-03-20,USD,84.8379,1
2026-03-21,EUR,97.2886,1
2026-03-21,GBP,112.2132,1
2026-03-21,RUB,1,1
2026-03-21,USD,83.9982,1
2026-03-22,EUR,97.2886,1
2026-03-22,GBP,112.2132,1
2026-03-22,RUB,1,1
2026-03-22,USD,83.9982,1
2026-03-23,EUR,97.2886,1
2026-03-23,GBP,112.2132,1
2026-03-23,RUB,1,1
2026-03-23,USD,83.9982,1
2026-03-24,EUR,94.7264,1
2026-03-24,GBP,108.9119,1
2026-03-24,RUB,1,1
2026-03-24,USD,81.8763,1
2026-03-25,EUR,93.9247,1
2026-03-25,GBP,108.3655,1
2026-03-25,RUB,1,1
2026-03-25,USD,80.9604,1
2026-03-26,EUR,93.8097,1
2026-03-26,GBP,108.0184,1
2026-03-26,RUB,1,1
2026-03-26,USD,80.7192,1
2026-03-27,EUR,95.0038,1
2026-03-27,GBP,109.8261,1
2026-03-27,RUB,1,1
2026-03-27,USD,82.1314,1
2026-03-28,EUR,93.4247,1
2026-03-28,GBP,108.3358,1
2026-03-28,RUB,1,1
2026-03-28,USD,81.1443,1
2026-03-29,EUR,93.4247,1
2026-03-29,GBP,108.3358,1
2026-03-29,RUB,1,1
2026-03-29,USD,81.1443,1
2026-03-30,EUR,93.4247,1
2026-03-30,GBP,108.3358,1
2026-03-30,RUB,1,1
2026-03-30,USD,81.1443,1
2026-03-31,EUR,93.4369,1
2026-03-31,GBP,108.0498,1
2026-03-31,RUB,1,1
2026-03-31,USD,81.2955,1
2026-04-01,EUR,93.2739,1
2026-04-01,GBP,107.2343,1
2026-04-01,RUB,1,1
2026-04-01,USD,81.2504,1
2026-04-02,EUR,93.4443,1
2026-04-02,GBP,106.3261,1
2026-04-02,RUB,1,1
2026-04-02,USD,80.6234,1
2026-04-03,EUR,92.7326,1
2026-04-03,GBP,107.1163,1
2026-04-03,RUB,1,1
2026-04-03,USD,80.3332,1
2026-04-04,EUR,92.1915,1
2026-04-04,GBP,106.311,1
2026-04-04,RUB,1,1
2026-04-04,USD,79.7293,1
2026-04-05,EUR,92.1915,1
2026-04-05,GBP,106.311,1
2026-04-05,RUB,1,1
2026-04-05,USD,79.7293,1
2026-04-06,EUR,92.1915,1
2026-04-06,GBP,106.311,1
2026-04-06,RUB,1,1
2026-04-06,USD,79.7293,1
2026-04-07,EUR,91.0034,1
2026-04-07,GBP,104.9755,1
2026-04-07,RUB,1,1
2026-04-07,USD,78.7277,1
2026-04-08,EUR,91.0279,1
2026-04-08,GBP,104.296,1
2026-04-08,RUB,1,1
2026-04-08,USD,78.7496,1
2026-04-09,EUR,91.5641,1
2026-04-09,GBP,103.7297,1
2026-04-09,RUB,1,1
2026-04-09,USD,78.3043,1
2026-04-11,EUR,90.012,1
2026-04-11,GBP,103.2585,1
2026-04-11,RUB,1,1
2026-04-11,USD,76.9724,1
2026-04-12,EUR,90.012,1
2026-04-12,GBP,103.2585,1
2026-04-12,RUB,1,1
2026-04-12,USD,76.9724,1
2026-04-18,EUR,89.6256,1
2026-04-18,GBP,102.8395,1
2026-04-18,RUB,1,1
2026-04-18,USD,76.0535,1
2026-04-19,EUR,89.6256,1
2026-04-19,GBP,102.8395,1
2026-04-19,RUB,1,1
2026-04-19,USD,76.0535,1
2026-04-20,EUR,89.6256,1
2026-04-20,GBP,102.8395,1
2026-04-20,RUB,1,1
2026-04-20,USD,76.0535,1
2026-04-22,EUR,87.7659,1
2026-04-22,GBP,100.8751,1
2026-04-22,RUB,1,1
2026-04-22,USD,74.5897,1
2026-12-01,RUB,1,1
